Date,AAPL,ABBV,AMZN,BAC,C,COP,CVX,EOG,GOOGL,GS,JNJ,JPM,META,MRK,MS,MSFT,PFE,SLB,UNH,XOM,SP500
2020-01-02,72.40054321289062,68.69625091552734,94.90049743652344,30.58755874633789,64.97230529785156,52.15788269042969,92.0177230834961,63.04515075683594,67.8730239868164,202.11892700195312,122.63821411132812,118.43030548095703,208.1466064453125,72.0933609008789,42.83356857299805,152.15843200683594,27.494842529296875,34.66990280151367,263.1968994140625,53.30641174316406,3257.85009765625
2020-01-03,71.69664001464844,68.044189453125,93.74849700927734,29.952465057373047,63.748538970947266,52.349098205566406,91.6994400024414,63.68205261230469,67.51795196533203,199.75546264648438,121.21833801269531,116.86746215820312,207.04522705078125,71.47457885742188,42.14216995239258,150.2637939453125,27.34732437133789,35.00651168823242,260.533447265625,52.87785720825195,3234.85009765625
2020-01-06,72.26792907714844,68.58116149902344,95.14399719238281,29.909555435180664,63.548580169677734,52.970611572265625,91.3887710571289,66.2671127319336,69.31758117675781,201.7997589111328,121.0671615600586,116.7745132446289,210.9446258544922,71.78004455566406,41.99401092529297,150.65219116210938,27.31220817565918,35.23090362548828,262.342041015625,53.28386306762695,3246.280029296875
2020-01-07,71.92804718017578,68.18994140625,95.34300231933594,29.712162017822266,62.99667739868164,52.970611572265625,90.22177124023438,66.90399932861328,69.18370819091797,203.1281280517578,121.80644989013672,114.78929901123047,211.40101623535156,69.86885070800781,41.91170120239258,149.278564453125,27.22088623046875,35.04966354370117,260.75836181640625,52.847782135009766,3237.179931640625
2020-01-08,73.08509063720703,68.67323303222656,94.59850311279297,30.012540817260742,63.476600646972656,51.7435417175293,89.1911849975586,65.44288635253906,69.67611694335938,205.08615112304688,121.78970336914062,115.68477630615234,213.544189453125,69.39888000488281,42.446712493896484,151.65631103515625,27.43864631652832,34.01396942138672,266.2562561035156,52.050804138183594,3253.050048828125
2020-01-09,74.63748168945312,69.20254516601562,95.05249786376953,30.064037322998047,64.052490234375,52.643917083740234,89.0472183227539,66.12472534179688,70.40758514404297,209.2610626220703,122.15090942382812,116.10719299316406,216.6002197265625,70.00984191894531,42.85002899169922,153.5509490966797,27.31922721862793,34.402339935302734,264.7444763183594,52.44929504394531,3274.699951171875
2020-01-10,74.80622100830078,68.32035064697266,94.15799713134766,29.815147399902344,63.38861083984375,52.12601089477539,88.23640441894531,64.64112854003906,70.86231231689453,208.83836364746094,121.87368774414062,114.9498291015625,216.36209106445312,70.12733459472656,42.97349548339844,152.8404998779297,27.74071502685547,34.3764533996582,265.5633544921875,51.983154296875,3265.35009765625
2020-01-13,76.40441131591797,67.90608978271484,94.56500244140625,30.089778900146484,64.5083999633789,51.89493179321289,88.4030990600586,64.07917785644531,71.41128540039062,211.51231384277344,122.41136169433594,115.90443420410156,220.18214416503906,70.11165618896484,43.442649841308594,154.67823791503906,27.684513092041016,33.858612060546875,257.21307373046875,52.47937774658203,3288.1298828125
2020-01-14,75.37272644042969,68.57475280761719,93.47200012207031,30.31291961669922,65.51622772216797,51.902915954589844,88.13031005859375,64.68611145019531,70.94315338134766,211.90052795410156,123.10033416748047,117.25609588623047,217.3543243408203,70.44063568115234,43.508506774902344,153.58888244628906,28.14814567565918,34.11753463745117,259.3636474609375,52.028255462646484,3283.14990234375
2020-01-15,75.0497055053711,69.39888763427734,93.10099792480469,29.755064010620117,64.98031616210938,51.791351318359375,88.00147247314453,64.9933090209961,71.37013244628906,211.51231384277344,123.51199340820312,115.49893951416016,219.4280242919922,71.70174407958984,43.57434844970703,154.58352661132812,28.569631576538086,33.08183670043945,266.7151794433594,51.94554901123047,3289.2900390625
2020-01-16,75.98980712890625,69.39888763427734,93.89700317382812,29.79798126220703,64.7883529663086,51.84712219238281,88.57740020751953,65.42029571533203,71.91365051269531,215.40260314941406,124.51177215576172,115.9466323852539,220.043212890625,71.41973876953125,46.455162048339844,157.4160614013672,28.527482986450195,33.4702262878418,270.6114501953125,51.74253845214844,3316.81005859375
2020-01-17,76.8310775756836,68.41925048828125,93.23600006103516,29.789398193359375,64.88433837890625,51.84712219238281,87.58468627929688,64.13475799560547,73.36959838867188,215.1783447265625,125.32674407958984,116.74917602539062,220.41033935546875,71.25525665283203,47.33586883544922,158.29705810546875,28.45723533630371,33.11636734008789,268.56884765625,51.54706573486328,3329.6201171875
2020-01-21,76.31040954589844,68.4114761352539,94.5999984741211,29.403194427490234,63.908512115478516,51.01845932006836,85.86450958251953,63.18001174926758,73.50498962402344,211.9350128173828,125.41078186035156,115.60028839111328,219.71580505371094,70.47196960449219,46.02714920043945,157.72860717773438,28.33781623840332,31.89078712463379,270.4223327636719,50.81024932861328,3320.7900390625
2020-01-22,76.58280944824219,67.8050308227539,94.37300109863281,29.489017486572266,64.0684814453125,50.205745697021484,85.55382537841797,62.4658088684082,73.5853042602539,213.0994873046875,124.55377197265625,115.46512603759766,219.59671020507812,70.22132873535156,45.97776412963867,156.97080993652344,28.232440948486328,31.657760620117188,270.47637939453125,50.517024993896484,3321.75
2020-01-23,76.95160675048828,66.29669189453125,94.22899627685547,29.283037185668945,63.828529357910156,50.309322357177734,85.70538330078125,61.5185546875,73.62598419189453,211.83152770996094,124.7890396118164,115.34684753417969,218.04884338378906,69.36754608154297,45.706146240234375,157.93704223632812,28.597726821899414,31.44198989868164,269.4595947265625,50.201255798339844,3325.5400390625
2020-01-24,76.72985076904297,64.95166015625,93.08200073242188,28.785261154174805,62.724727630615234,49.89499282836914,84.75814819335938,60.030006408691406,72.70758056640625,208.67446899414062,124.61262512207031,112.48301696777344,216.24305725097656,67.34668731689453,44.8995246887207,156.3455352783203,27.97252082824707,30.872358322143555,263.47576904296875,49.862918853759766,3295.469970703125
2020-01-27,74.47359466552734,65.3248519897461,91.41699981689453,28.193082809448242,61.35697555541992,48.63605880737305,83.65179443359375,57.61680603027344,70.99968719482422,205.41392517089844,124.97386169433594,111.53688049316406,213.1969451904297,67.440673828125,43.71427536010742,153.73097229003906,28.21136474609375,29.310178756713867,255.62945556640625,48.674991607666016,3243.6298828125
2020-01-28,76.58037567138672,65.13047790527344,92.6624984741211,28.52779197692871,61.780887603759766,48.747615814208984,84.20499420166016,57.925025939941406,71.93050384521484,209.2437744140625,125.6039810180664,113.56437683105469,216.09420776367188,67.55816650390625,44.46327209472656,156.74342346191406,26.79237174987793,29.310178756713867,257.2310791015625,48.60731887817383,3276.239990234375
2020-01-29,78.18338775634766,64.68728637695312,92.9000015258789,28.330392837524414,61.172996520996094,48.197837829589844,83.6366195678711,56.4891242980957,72.23795318603516,207.12181091308594,126.47775268554688,113.39542388916016,221.49183654785156,68.3336181640625,44.18342971801758,159.18751525878906,26.398977279663086,29.111671447753906,254.55865478515625,48.20132064819336,3273.39990234375
2020-01-30,78.07010650634766,63.5832633972168,93.53399658203125,28.7337703704834,61.932861328125,48.51655197143555,84.41716003417969,57.00033187866211,72.11647033691406,210.58079528808594,126.32653045654297,114.79776763916016,207.89852905273438,67.75397491455078,44.58938980102539,163.6777801513672,26.30672836303711,29.379222869873047,252.8309783935547,48.712589263916016,3283.659912109375
2020-01-31,74.60856628417969,62.992347717285156,100.43599700927734,28.17591094970703,59.911922454833984,47.35324478149414,81.18898010253906,54.812625885009766,71.05176544189453,205.07752990722656,125.07467651367188,111.8156509399414,200.33787536621094,66.9237060546875,43.29694366455078,161.2621307373047,26.427366256713867,28.921789169311523,245.15545654296875,46.70512771606445,3225.52001953125
2020-02-03,74.40367889404297,63.9875602722168,100.20999908447266,28.296064376831055,60.49163055419922,47.15403366088867,80.53730773925781,53.65489196777344,73.5223388671875,206.1643829345703,126.16690826416016,112.66888427734375,202.60011291503906,68.41194915771484,43.57862854003906,165.19349670410156,26.618968963623047,28.878639221191406,246.56817626953125,45.66006851196289,3248.919921875
2020-02-04,76.86001586914062,65.58918762207031,102.4834976196289,28.853919982910156,61.5947151184082,45.01068115234375,80.9692153930664,55.34639358520508,71.67807006835938,208.6917266845703,127.36832427978516,114.2908706665039,208.19618225097656,69.21090698242188,44.75508117675781,170.63108825683594,26.74671173095703,29.405120849609375,252.7050018310547,45.08865737915039,3297.590087890625
2020-02-05,77.48675537109375,67.35408782958984,101.99349975585938,29.789398193359375,63.48682403564453,46.83531188964844,83.56845092773438,57.925025939941406,71.7098159790039,210.72740173339844,129.3763427734375,116.23390197753906,208.47398376464844,67.22918701171875,45.558719635009766,170.42266845703125,27.08733367919922,30.2681941986084,266.1033630371094,47.16376495361328,3334.68994140625
2020-02-06,78.39310455322266,67.78170776367188,102.5114974975586,29.755064010620117,63.58344268798828,46.540504455566406,82.96977996826172,57.037925720214844,73.19355010986328,208.58822631835938,128.98985290527344,116.25077056884766,209.20826721191406,67.11170196533203,45.57529067993164,173.9562225341797,27.151206970214844,29.78486442565918,263.16094970703125,46.524696350097656,3345.780029296875
2020-02-07,77.32752990722656,71.75468444824219,103.96399688720703,29.703582763671875,63.35801696777344,46.20586013793945,82.55301666259766,55.89521026611328,73.34927368164062,205.29319763183594,127.61194610595703,115.87908172607422,210.67674255371094,66.6417236328125,45.59186553955078,174.20248413085938,27.002193450927734,29.707197189331055,260.2454528808594,46.216434478759766,3327.7099609375
2020-02-10,77.69480895996094,73.66732788085938,106.69550323486328,29.77223014831543,63.18891906738281,46.110233306884766,83.19713592529297,55.406551361083984,74.81466674804688,204.74111938476562,127.58679962158203,116.360595703125,211.40101623535156,67.09603118896484,45.85697937011719,178.75906372070312,26.831872940063477,29.64678382873535,258.27484130859375,45.728336334228516,3352.090087890625
2020-02-11,77.22605895996094,74.6391830444336,107.54000091552734,29.84089469909668,63.68006134033203,46.779541015625,84.27316284179688,56.225990295410156,74.88409423828125,203.96485900878906,127.69596862792969,116.58021545410156,205.57675170898438,66.77487182617188,46.21323013305664,174.72352600097656,27.03057098388672,30.032148361206055,261.6581726074219,46.16303634643555,3357.75
2020-02-12,79.06001281738281,76.0309066772461,108.0,29.96963119506836,63.87330627441406,47.61617660522461,84.90214538574219,56.6695442199707,75.30906677246094,205.85382080078125,126.9398422241211,116.58021545410156,209.11895751953125,65.20830535888672,46.54462432861328,174.97935485839844,26.782194137573242,30.69777488708496,273.07696533203125,46.72740173339844,3379.449951171875
2020-02-13,78.49701690673828,74.13382720947266,107.49349975585938,29.961042404174805,63.607608795166016,47.19890594482422,84.61418151855469,56.89507293701172,75.04922485351562,205.59510803222656,126.09970092773438,116.47891235351562,211.4804229736328,64.20571899414062,46.33750534057617,174.03199768066406,26.207378387451172,30.364959716796875,271.9251403808594,46.468101501464844,3373.93994140625
2020-02-14,78.5163345336914,73.12308502197266,106.74349975585938,29.909555435180664,63.43851852416992,47.03841781616211,84.391845703125,56.323726654052734,75.31402587890625,204.4995880126953,126.13328552246094,116.12408447265625,212.51229858398438,64.73832702636719,46.262935638427734,175.58560180664062,25.90932846069336,30.146005630493164,268.84765625,46.25456237792969,3380.159912109375
2020-02-18,77.07866668701172,72.78096771240234,107.78350067138672,29.411773681640625,62.464290618896484,46.78164291381836,84.5145034790039,56.030513763427734,75.34925079345703,201.16148376464844,125.301513671875,114.5865478515625,216.10414123535156,64.58951568603516,45.99782943725586,177.36656188964844,25.774490356445312,29.471614837646484,271.87109375,45.667327880859375,3370.2900390625
2020-02-19,78.19497680664062,73.19303894042969,108.51100158691406,29.79798126220703,62.84270095825195,47.5519905090332,84.89783477783203,58.09794616699219,75.61851501464844,204.71527099609375,125.13347625732422,116.14942169189453,215.7965545654297,64.22920227050781,46.652339935302734,177.8984832763672,25.71062660217285,30.032148361206055,274.7235412597656,46.01814270019531,3386.14990234375
2020-02-20,77.3927993774414,73.26302337646484,107.65499877929688,29.909555435180664,62.97956466674805,47.24705505371094,84.18486022949219,57.128135681152344,75.22774505615234,200.7473907470703,124.65458679199219,116.14942169189453,212.90919494628906,64.61302185058594,44.53140640258789,175.1817626953125,25.440956115722656,29.6292667388916,271.8620300292969,45.65208053588867,3373.22998046875
2020-02-21,75.64098358154297,73.83059692382812,104.79850006103516,29.489017486572266,61.546390533447266,46.893985748291016,83.57154846191406,55.78995895385742,73.56497955322266,198.92739868164062,125.96522521972656,114.73016357421875,208.54345703125,64.49552917480469,43.42950439453125,169.64381408691406,25.348697662353516,29.243894577026367,271.2323303222656,45.09534454345703,3337.75
2020-02-24,72.04801177978516,72.4155502319336,100.4645004272461,28.090087890625,58.39821243286133,45.24098587036133,80.27499389648438,52.557281494140625,70.41104888916016,193.6829071044922,123.36946868896484,111.6467056274414,199.15708923339844,63.70441436767578,41.15943145751953,162.32957458496094,24.603565216064453,27.0893611907959,249.96051025390625,42.98280715942383,3225.889892578125
2020-02-25,69.60760498046875,69.3366928100586,98.63700103759766,26.673999786376953,55.902225494384766,43.194793701171875,77.20841979980469,50.36206817626953,68.74779510498047,187.7052764892578,122.30416870117188,106.6624984741211,195.23788452148438,62.87412643432617,39.79242706298828,159.6508331298828,24.078426361083984,25.69679069519043,237.003173828125,41.335487365722656,3128.2099609375
2020-02-26,70.71183013916016,68.73802185058594,98.97949981689453,26.287790298461914,54.895782470703125,41.060325622558594,75.16150665283203,47.512794494628906,68.95359802246094,186.1267547607422,121.48399353027344,106.9834976196289,195.66453552246094,62.615657806396484,39.13792037963867,161.6455841064453,24.63904571533203,24.85600471496582,236.65225219726562,40.427940368652344,3116.389892578125
2020-02-27,66.08953094482422,66.413330078125,94.21499633789062,25.00043487548828,51.89252853393555,37.81850814819336,72.1639175415039,45.10709762573242,65.20854949951172,177.42332458496094,117.62844848632812,102.53147888183594,188.27252197265625,61.15874099731445,37.62177658081055,150.25624084472656,24.199068069458008,23.507221221923828,228.48187255859375,37.99509811401367,2978.760009765625
2020-02-28,66.05085754394531,66.63880157470703,94.1875,24.459747314453125,51.095428466796875,38.853641510009766,71.55827331542969,47.55790328979492,66.4135971069336,174.23837280273438,113.70523834228516,98.08792114257812,190.97134399414062,59.96815490722656,37.30695724487305,153.89437866210938,23.716506958007812,23.726184844970703,229.41770935058594,39.2305793762207,2954.219970703125
2020-03-02,72.20024871826172,68.9557113647461,97.69750213623047,25.206418991088867,54.42073059082031,39.50360870361328,74.04984283447266,47.2572021484375,68.74779510498047,181.78858947753906,118.38943481445312,102.65819549560547,194.9104461669922,63.73574447631836,38.50826644897461,164.1343536376953,24.752593994140625,24.33926773071289,245.74940490722656,41.0914306640625,3090.22998046875
2020-03-03,69.90719604492188,68.08492279052734,95.44950103759766,23.81607437133789,52.375633239746094,38.61290740966797,72.36324310302734,46.93391799926758,66.33771514892578,176.5467987060547,114.64376068115234,98.80599212646484,184.4425811767578,61.9811897277832,36.784996032714844,156.26913452148438,24.34099578857422,23.48094940185547,235.21249389648438,39.123802185058594,3003.3701171875
2020-03-04,73.14981079101562,71.3348388671875,98.79149627685547,24.365341186523438,54.25968933105469,39.664093017578125,75.53713989257812,48.17436981201172,68.51373291015625,181.15509033203125,121.31491088867188,101.24742126464844,190.2668914794922,64.9889907836914,37.48094177246094,162.00657653808594,25.831260681152344,23.717424392700195,260.42547607421875,39.97797775268555,3130.1201171875
2020-03-05,70.77706146240234,70.4485092163086,96.20149993896484,23.13023567199707,51.11957931518555,38.27589797973633,74.50984954833984,46.51292419433594,65.1991195678711,172.52001953125,120.07200622558594,96.28006744384766,183.72821044921875,63.900211334228516,35.28544235229492,157.9409942626953,25.16419219970703,22.622638702392578,254.61260986328125,38.21625518798828,3023.93994140625
2020-03-06,69.83714294433594,69.05679321289062,95.05449676513672,22.206058502197266,49.34017562866211,36.37413787841797,73.07621002197266,41.573699951171875,64.25592803955078,167.364990234375,120.08892059326172,91.30427551269531,179.67996215820312,64.3858642578125,34.6640739440918,153.47640991210938,24.85194969177246,20.888498306274414,255.4314422607422,36.37065887451172,2972.3701171875
2020-03-09,64.31359100341797,66.29669189453125,90.03050231933594,18.941226959228516,41.36103820800781,27.33877944946289,61.844940185546875,28.267112731933594,60.291194915771484,149.9731903076172,115.36246490478516,78.93666076660156,168.18023681640625,61.848052978515625,31.06840705871582,143.07489013671875,23.957788467407227,15.16058349609375,246.04635620117188,31.924421310424805,2746.56005859375
2020-03-10,68.94554138183594,68.05384826660156,94.59100341796875,20.39226722717285,44.750770568847656,27.988746643066406,65.149169921875,31.27425193786621,63.23585510253906,159.98825073242188,119.75918579101562,85.06979370117188,176.80255126953125,64.24488067626953,32.72539520263672,152.8590087890625,24.546798706054688,15.931312561035156,251.94912719726562,33.10652160644531,2882.22998046875
2020-03-11,66.55103302001953,65.97014617919922,91.04299926757812,19.58037567138672,40.89404296875,26.127107620239258,63.654197692871094,29.214351654052734,60.0486946105957,149.1748046875,111.43924713134766,81.06551361083984,168.9144744873047,62.0751838684082,30.546466827392578,145.93414306640625,22.829444885253906,15.221894264221191,249.9515380859375,32.01593780517578,2741.3798828125
2020-03-12,59.97880172729492,61.11861801147461,83.83049774169922,17.714754104614258,34.83119201660156,22.62851905822754,58.464046478271484,24.433008193969727,55.121917724609375,130.7677001953125,106.03640747070312,74.38327026367188,153.26724243164062,58.31542205810547,25.94005584716797,132.0940399169922,21.303701400756836,12.62944221496582,225.32351684570312,28.35523223876953,2480.639892578125
2020-03-13,67.16476440429688,66.37445831298828,89.25,20.867305755615234,41.0953483581543,25.180238723754883,63.95319747924805,26.162113189697266,60.2158203125,153.75709533691406,113.54460144042969,87.78154754638672,168.95413208007812,60.61361312866211,31.06840705871582,150.8737030029297,23.212656021118164,14.1533842086792,245.8468780517578,29.072118759155273,2711.02001953125
2020-03-16,58.524208068847656,57.744293212890625,84.4574966430664,17.6542911529541,33.16451644897461,20.92736053466797,53.434879302978516,23.38050651550293,53.21022415161133,134.22174072265625,107.49067687988281,74.6451644897461,144.8731231689453,55.21958923339844,26.221742630004883,128.6363067626953,21.417236328125,12.620684623718262,203.37225341796875,26.303709030151367,2386.1298828125
2020-03-17,61.097530364990234,56.77241516113281,90.39199829101562,18.98440933227539,32.40766143798828,21.063777923583984,54.193870544433594,23.222637176513672,55.44474411010742,137.70184326171875,115.48929595947266,79.20698547363281,148.25656127929688,58.820865631103516,27.994714736938477,139.227783203125,22.822351455688477,12.261595726013184,220.7055206298828,28.07305335998535,2529.18994140625
2020-03-18,59.60186004638672,55.225215911865234,91.5,17.956594467163086,29.33196449279785,18.191082000732422,42.20359420776367,22.37311553955078,54.11226272583008,121.51640319824219,114.111083984375,70.86895751953125,145.8157196044922,56.57007598876953,25.476104736328125,133.3668975830078,22.964277267456055,10.553727149963379,196.16058349609375,25.258882522583008,2398.10009765625
2020-03-19,59.14518737792969,55.24854278564453,94.04650115966797,18.310712814331055,31.916521072387695,20.53417205810547,43.997535705566406,24.97429656982422,55.127872467041016,129.73497009277344,107.42303466796875,72.06011962890625,151.93768310546875,55.85929870605469,25.616943359375,135.56117248535156,21.587554931640625,12.147738456726074,198.6367950439453,26.257953643798828,2409.389892578125
2020-03-20,55.390323638916016,53.50695037841797,92.30449676513672,16.989234924316406,30.644371032714844,21.537208557128906,45.53081130981445,26.229778289794922,52.972679138183594,120.1191635131836,101.36915588378906,70.53948974609375,148.5641326904297,56.356842041015625,24.581331253051758,130.46966552734375,20.586952209472656,12.506827354431152,186.6986846923828,24.96907615661621,2304.919921875
2020-03-23,54.2136116027832,50.14820861816406,95.1415023803711,15.615931510925293,28.494600296020508,19.699642181396484,41.567283630371094,25.96664810180664,52.27444839477539,117.13380432128906,93.97085571289062,66.76332092285156,146.9468536376953,52.439666748046875,23.04033851623535,129.16827392578125,20.217931747436523,11.236873626708984,176.09814453125,23.98526382446289,2237.39990234375
2020-03-24,59.652610778808594,52.472904205322266,97.00499725341797,18.16388511657715,32.73779296875,24.66668701171875,51.01996612548828,29.921035766601562,56.037349700927734,133.30181884765625,100.76881408691406,74.70429229736328,159.72653198242188,54.532501220703125,27.522472381591797,140.9091339111328,21.076602935791016,12.830881118774414,198.6367950439453,27.028221130371094,2447.330078125
2020-03-25,59.32399368286133,52.79944610595703,94.29199981689453,18.224340438842773,33.7039680480957,24.827173233032227,53.10523223876953,29.838335037231445,54.62948989868164,134.6296844482422,100.954833984375,77.49205780029297,154.99371337890625,53.877017974853516,28.160415649414062,139.56028747558594,21.112089157104492,12.787090301513672,211.91236877441406,28.439125061035156,2475.56005859375
2020-03-26,62.44580841064453,57.40220642089844,97.77449798583984,19.62355613708496,37.053443908691406,25.749971389770508,58.556053161621094,29.718048095703125,57.66936111450195,143.8809051513672,107.01719665527344,82.89025115966797,162.06817626953125,58.07060241699219,29.585418701171875,148.28994750976562,22.531391143798828,13.592850685119629,230.800048828125,29.605972290039062,2630.070068359375
2020-03-27,59.86041259765625,56.50030517578125,95.00499725341797,18.656198501586914,35.265987396240234,23.471065521240234,52.729576110839844,27.064250946044922,55.057952880859375,137.41546630859375,104.13399505615234,76.98519897460938,155.56915283203125,56.649044036865234,28.176979064941406,142.20103454589844,21.928186416625977,12.05139446258545,219.10597229003906,28.179824829101562,2541.469970703125
2020-03-30,61.56869888305664,58.498451232910156,98.19750213623047,19.036235809326172,35.49143600463867,23.503162384033203,55.159828186035156,26.29743194580078,56.845672607421875,138.5262908935547,112.46234130859375,78.98734283447266,164.6578369140625,60.771568298339844,28.8646297454834,152.20352172851562,23.184267044067383,11.630998611450195,227.08578491210938,28.599271774291992,2626.64990234375
2020-03-31,61.443058013916016,59.23707962036133,97.48600006103516,18.336627960205078,33.91331481933594,24.714834213256836,55.55080032348633,27.004114151000977,57.62126541137695,134.16099548339844,110.8727798461914,76.05594635009766,165.50123596191406,60.76367950439453,28.168699264526367,149.8097686767578,23.162981033325195,11.814921379089355,225.3687286376953,28.957717895507812,2584.590087890625
2020-04-01,58.21010208129883,57.08342742919922,95.38500213623047,17.075603485107422,31.006698608398438,23.767963409423828,52.56090545654297,26.01175308227539,54.65328598022461,126.09000396728516,108.91114807128906,71.26600646972656,158.35728454589844,58.28384017944336,26.19689178466797,144.4902801513672,22.531391143798828,11.026678085327148,214.46987915039062,28.622156143188477,2470.5
2020-04-02,59.181427001953125,58.41292953491211,95.94149780273438,17.766578674316406,31.58641242980957,27.170269012451172,58.35671615600586,28.79335594177246,55.393672943115234,130.1168212890625,112.5807113647461,73.9271011352539,156.95828247070312,60.70838928222656,28.08584976196289,147.4824981689453,23.32619857788086,12.156493186950684,217.2895050048828,30.81096076965332,2526.89990234375
2020-04-03,58.33091354370117,57.0445442199707,95.32949829101562,17.300167083740234,30.185441970825195,26.407960891723633,57.582401275634766,29.98870277404785,54.18714141845703,127.51329040527344,113.44314575195312,71.7419662475586,152.9794921875,60.21875,28.04442024230957,146.1241455078125,23.872629165649414,12.515582084655762,207.39376831054688,29.90339469909668,2488.64990234375
2020-04-06,63.4195671081543,58.87942886352539,99.87950134277344,18.474817276000977,33.1081657409668,26.31969451904297,61.630287170410156,29.642881393432617,58.674560546875,137.31997680664062,118.16954803466797,76.3597412109375,164.26095581054688,63.42512893676758,30.662456512451172,156.99107360839844,24.532609939575195,13.724226951599121,224.4288330078125,30.864334106445312,2663.679931640625
2020-04-07,62.685001373291016,58.61508560180664,100.58000183105469,19.122600555419922,33.212833404541016,26.696826934814453,62.036590576171875,31.071273803710938,58.643314361572266,144.08053588867188,116.2417984008789,77.36693572998047,167.51544189453125,62.04304885864258,30.60445785522461,155.3002471923828,23.85133934020996,14.424887657165527,224.15773010253906,31.451581954956055,2659.409912109375
2020-04-08,64.28939819335938,61.07973098754883,102.1500015258789,20.254070281982422,35.636348724365234,28.63068962097168,65.91580200195312,34.048343658447266,59.85529327392578,153.57479858398438,121.12891387939453,80.49099731445312,172.9229736328125,64.45972442626953,32.617698669433594,156.85809326171875,24.55389404296875,15.134310722351074,242.0421905517578,33.442073822021484,2749.97998046875
2020-04-09,64.7533187866211,62.004940032958984,102.13800048828125,21.471904754638672,38.17262268066406,27.86838150024414,64.635498046875,33.695003509521484,59.83396911621094,159.9101104736328,119.4124984741211,87.71212768554688,173.82589721679688,65.14678955078125,34.03441619873047,156.86753845214844,25.114517211914062,14.424887657165527,238.69851684570312,32.892982482910156,2789.820068359375
2020-04-13,66.0242919921875,62.43257141113281,108.44349670410156,20.660011291503906,37.58485794067383,27.523334503173828,65.09548950195312,32.544769287109375,60.02439880371094,155.5014190673828,118.17804718017578,83.81133270263672,173.42901611328125,63.60676956176758,32.791683197021484,157.21902465820312,24.937105178833008,13.969459533691406,238.1382293701172,32.610801696777344,2761.6298828125
2020-04-14,69.35871887207031,64.80770874023438,114.16600036621094,20.495906829833984,36.570350646972656,27.3467960357666,64.86551666259766,31.747875213623047,62.74293899536133,154.67698669433594,123.4709701538086,81.51525115966797,176.78269958496094,65.42320251464844,33.023658752441406,164.9988250732422,25.859647750854492,13.610369682312012,244.4552001953125,32.35912322998047,2846.06005859375
2020-04-15,68.72566986083984,64.56312561035156,115.38400268554688,19.165790557861328,34.50913619995117,25.838239669799805,63.2402229309082,30.25738525390625,62.34968185424805,154.92864990234375,124.84915161132812,77.4949722290039,175.59207153320312,64.81510162353516,31.814056396484375,163.2699432373047,25.5261173248291,12.900946617126465,254.5587158203125,30.87196159362793,2783.360107421875
2020-04-16,69.27174377441406,64.59466552734375,120.40950012207031,18.500732421875,32.625064849853516,24.931493759155273,61.3236083984375,27.701171875,62.35612487792969,153.6442108154297,126.54867553710938,74.54166412353516,174.8776397705078,65.54957580566406,31.780914306640625,168.1714324951172,25.462238311767578,12.30538558959961,269.6960144042969,29.85764503479004,2799.550048828125
2020-04-17,68.33179473876953,65.84930419921875,118.75,20.107236862182617,36.59450149536133,28.29366683959961,66.82810974121094,31.736501693725586,63.42578887939453,159.24188232421875,128.53561401367188,81.24213409423828,177.84437561035156,65.9128646850586,32.38570785522461,169.65333557128906,26.19318389892578,13.38265323638916,262.5837097167969,32.96162033081055,2874.56005859375
2020-04-20,66.91344451904297,66.27540588378906,119.68049621582031,19.43353843688965,35.43507766723633,27.73999786376953,64.06820678710938,31.22829818725586,62.54060363769531,156.5602569580078,128.2397003173828,78.28025817871094,176.85215759277344,65.6285629272461,31.780914306640625,166.29061889648438,25.60417366027832,13.3213472366333,254.9744873046875,31.405813217163086,2823.159912109375
2020-04-21,64.84515380859375,63.411033630371094,116.40599822998047,18.69074821472168,33.470481872558594,26.632640838623047,62.58856964111328,30.72007942199707,60.111183166503906,150.84109497070312,126.55711364746094,76.00978088378906,169.47006225585938,62.04304885864258,30.61275291442871,159.41334533691406,25.27773666381836,12.865918159484863,247.78988647460938,31.238040924072266,2736.56005859375
2020-04-22,66.712890625,64.28692626953125,118.17449951171875,18.82893943786621,34.00993347167969,28.068988800048828,64.73516845703125,32.73015594482422,62.40472412109375,152.72430419921875,129.35577392578125,76.25729370117188,180.86070251464844,63.16450500488281,31.325252532958984,164.82778930664062,25.724809646606445,13.435202598571777,250.34742736816406,32.130332946777344,2799.31005859375
2020-04-23,66.45437622070312,64.7366943359375,119.97250366210938,18.889404296875,34.187068939208984,29.03190803527832,66.54444885253906,33.54177474975586,63.03749084472656,151.917236328125,131.48646545410156,76.29998779296875,183.68850708007812,63.875301361083984,31.04356575012207,162.83299255371094,26.03706169128418,14.468680381774902,257.8572692871094,33.13702392578125,2797.800048828125
2020-04-24,68.37288665771484,65.95977783203125,120.51100158691406,19.15715217590332,34.70237350463867,28.959688186645508,66.70543670654297,32.88944625854492,63.30677032470703,153.6095733642578,130.93692016601562,77.42669677734375,188.59007263183594,64.30965423583984,31.457807540893555,165.80618286132812,26.526721954345703,14.10959243774414,263.24346923828125,33.35056686401367,2836.739990234375
2020-04-27,68.42120361328125,66.82777404785156,118.80000305175781,20.27134132385254,37.48823165893555,29.81025505065918,68.7753677368164,33.78450393676758,63.022117614746094,159.2852783203125,130.4549560546875,80.76412963867188,186.0400390625,66.32353973388672,32.56798553466797,165.3312530517578,27.200881958007812,14.057039260864258,265.6744689941406,33.51071548461914,2878.47998046875
2020-04-28,67.31214904785156,65.30484008789062,115.7040023803711,20.634098052978516,38.01158905029297,30.877487182617188,68.9286880493164,34.11824417114258,61.124305725097656,162.29669189453125,128.00294494628906,81.33600616455078,181.4857940673828,64.1122055053711,33.247352600097656,161.30361938476562,26.90283203125,14.144624710083008,260.595458984375,34.296260833740234,2863.389892578125
2020-04-29,69.52301788330078,66.09392547607422,118.635498046875,21.402807235717773,40.46731948852539,33.87055969238281,72.53958129882812,36.19660949707031,66.55889892578125,164.91763305664062,127.03060913085938,83.52964782714844,192.67796325683594,63.788421630859375,34.09148025512695,168.54190063476562,27.05185890197754,15.94007396697998,259.953857421875,36.19524002075195,2939.510009765625
2020-04-30,70.98968505859375,64.8629379272461,123.69999694824219,20.772296905517578,39.09854507446289,33.782291412353516,70.5309829711914,36.03731155395508,66.78304290771484,159.18112182617188,126.86149597167969,81.7371826171875,203.11607360839844,62.65907287597656,32.9548225402832,170.23280334472656,27.222179412841797,14.731431007385254,264.309814453125,35.440223693847656,2912.429931640625
2020-05-01,69.84680938720703,65.36797332763672,114.302001953125,19.934494018554688,37.03987503051758,31.407089233398438,68.5683822631836,33.8072509765625,65.3260726928711,153.69627380371094,125.3818359375,79.59474182128906,200.69508361816406,61.34019470214844,32.093971252441406,165.82516479492188,26.71122169494629,13.794292449951172,257.1162109375,32.900604248046875,2830.7099609375
2020-05-04,70.83505249023438,64.59466552734375,115.79949951171875,19.80493927001953,36.714385986328125,32.38605499267578,70.10165405273438,35.453243255615234,65.60279083251953,152.76768493652344,125.3649673461914,78.64728546142578,203.66175842285156,60.700469970703125,31.834877014160156,169.88133239746094,26.697038650512695,14.214688301086426,259.8544921875,34.22761154174805,2842.739990234375
2020-05-05,71.89822387695312,67.36434936523438,115.88999938964844,19.571733474731445,35.76235580444336,32.83542251586914,71.21329498291016,34.929866790771484,66.89807891845703,154.73773193359375,126.40492248535156,78.52778625488281,205.4576873779297,61.60867691040039,31.74294090270996,171.70510864257812,27.328628540039062,14.232210159301758,264.82489013671875,34.189483642578125,2868.43994140625
2020-05-06,72.6399917602539,67.40382385253906,117.56300354003906,19.303985595703125,34.948646545410156,32.49037551879883,69.03602600097656,34.77058029174805,66.72005462646484,153.5401153564453,125.20426177978516,77.05113220214844,206.8467559814453,60.905818939208984,31.17460823059082,173.39593505859375,27.328628540039062,13.855600357055664,260.96612548828125,33.548858642578125,2848.419921875
2020-05-07,73.39144897460938,66.45690155029297,118.38050079345703,19.727197647094727,36.32381057739258,34.0390625,71.02161407470703,36.644134521484375,67.90277862548828,158.2264862060547,124.7899398803711,77.85346984863281,209.61505126953125,59.70539474487305,32.436641693115234,174.40286254882812,26.49005889892578,14.65260124206543,257.5591125488281,33.73951721191406,2881.18994140625
2020-05-08,75.1382827758789,66.25174713134766,118.98049926757812,20.35771369934082,37.690834045410156,34.914363861083984,73.19123840332031,39.02587127685547,68.64962005615234,160.8907928466797,125.7284927368164,79.12528228759766,210.69656372070312,60.337196350097656,33.498085021972656,175.4287109375,26.676401138305664,15.808697700500488,259.366455078125,35.21905517578125,2929.800048828125
2020-05-11,76.32061004638672,69.3607406616211,120.44999694824219,19.502639770507812,35.85999298095703,34.25788879394531,71.58126831054688,37.80466079711914,69.6042251586914,158.95547485351562,126.07521057128906,76.79505157470703,211.5200958251953,61.529720306396484,33.28914260864258,177.38558959960938,27.3071231842041,15.204377174377441,260.8937072753906,34.88349151611328,2930.18994140625
2020-05-12,75.44843292236328,71.38080596923828,117.84750366210938,18.889404296875,34.460426330566406,33.69867706298828,69.84099578857422,37.71363830566406,68.19537353515625,153.7917938232422,124.40948486328125,74.28558349609375,208.464111328125,60.96110916137695,32.110679626464844,173.36744689941406,26.77675437927246,14.959142684936523,259.9990539550781,34.3004150390625,2870.1201171875
2020-05-13,74.5374526977539,70.12618255615234,118.39600372314453,18.02568817138672,33.03643798828125,32.32900619506836,68.00105285644531,36.56068801879883,66.86386108398438,149.09669494628906,124.40106201171875,71.72488403320312,203.5030059814453,61.513919830322266,30.9155216217041,170.7456817626953,26.554561614990234,13.881875991821289,251.2330322265625,32.59782791137695,2820.0
2020-05-14,74.99535369873047,70.9704818725586,119.44249725341797,18.751203536987305,34.224449157714844,32.36143112182617,69.03602600097656,36.075233459472656,67.28687286376953,151.39649963378906,124.83228302001953,74.70384216308594,205.19969177246094,63.21979904174805,31.600866317749023,171.48663330078125,27.17811393737793,14.100833892822266,262.62896728515625,32.88547897338867,2852.5
2020-05-15,74.55197143554688,71.57807922363281,120.48899841308594,18.518007278442383,34.11052703857422,33.12324905395508,68.35371398925781,36.1662483215332,68.0902328491211,149.157470703125,127.19970703125,73.32105255126953,209.23802185058594,63.00655746459961,31.166250228881836,173.9849090576172,27.063440322875977,13.969459533691406,262.9451904296875,32.65225601196289,2863.699951171875
2020-05-18,76.30851745605469,72.17778778076172,121.31300354003906,19.80493927001953,37.16192626953125,35.33579635620117,71.99427795410156,39.776817321777344,68.69127655029297,157.84461975097656,127.2673568725586,77.20475769042969,211.530029296875,62.959190368652344,33.66522979736328,175.64723205566406,27.285627365112305,15.721116065979004,265.1141357421875,35.24888610839844,2953.909912109375
2020-05-19,75.86756134033203,71.9647445678711,122.46649932861328,19.183063507080078,36.15292739868164,34.58206558227539,69.71504211425781,38.42665481567383,68.15668487548828,154.32984924316406,125.99907684326172,75.6854248046875,215.1912841796875,61.24541091918945,32.871253967285156,174.4313507080078,27.006099700927734,14.985416412353516,261.2191467285156,34.160465240478516,2922.93994140625
2020-05-20,77.3430404663086,71.95685577392578,124.89700317382812,19.787662506103516,36.99918746948242,35.78154373168945,72.3443374633789,39.936100006103516,69.88043212890625,157.4628143310547,124.86609649658203,77.9559097290039,228.17938232421875,60.72416687011719,34.317142486572266,176.85086059570312,26.970266342163086,15.948833465576172,260.2611083984375,35.2722053527832,2971.610107421875
2020-05-21,76.76641845703125,73.40087890625,122.33699798583984,19.779024124145508,36.61675262451172,35.433040618896484,71.5975341796875,39.685791015625,69.76092529296875,156.29986572265625,124.0458984375,76.96576690673828,229.58828735351562,60.45566177368164,33.68195724487305,174.7266082763672,26.705074310302734,15.58098030090332,259.2851867675781,34.64248275756836,2948.510009765625
2020-05-22,77.26065826416016,72.6749038696289,121.84400177001953,19.571733474731445,35.88441848754883,35.076454162597656,70.22845458984375,39.655452728271484,70.08277130126953,156.15232849121094,122.9135971069336,76.3682632446289,233.08090209960938,60.313507080078125,33.539878845214844,174.80291748046875,26.87708854675293,15.397056579589844,262.0234375,34.673583984375,2955.449951171875
2020-05-26,76.73734283447266,71.57807922363281,121.09300231933594,20.970947265625,39.19619369506836,35.392520904541016,72.57769775390625,39.01829147338867,70.48592376708984,170.15074157714844,123.0753402709961,81.78838348388672,230.39199829101562,61.01637649536133,36.5152473449707,172.95492553710938,26.86992645263672,16.115245819091797,266.49688720703125,35.69202423095703,2991.77001953125
2020-05-27,77.07166290283203,71.00203704833984,120.51950073242188,22.43926239013672,42.52425003051758,36.20297622680664,73.04441833496094,39.996788024902344,70.43186950683594,181.95352172851562,123.3563232421875,86.52568054199219,227.35581970214844,61.24541091918945,39.164669036865234,173.1835174560547,26.812589645385742,16.68452262878418,274.52178955078125,35.948577880859375,3036.1298828125
2020-05-28,77.1055908203125,71.04150390625,120.05500030517578,21.471904754638672,40.00175476074219,34.85761642456055,70.68740844726562,39.17000198364258,70.3307113647461,174.62890625,125.12720489501953,85.23678588867188,223.7044677734375,62.42216110229492,37.10865020751953,172.7929229736328,27.36446189880371,16.456809997558594,274.70257568359375,35.015655517578125,3029.72998046875
2020-05-29,77.0304946899414,73.12468719482422,122.11849975585938,20.832754135131836,38.98462677001953,34.18494415283203,71.33305358886719,38.661800384521484,71.08845520019531,171.5898895263672,126.64263153076172,83.0602035522461,223.33737182617188,63.74893569946289,36.941490173339844,174.55517578125,27.371631622314453,16.176546096801758,275.4978942871094,35.34995651245117,3044.31005859375
2020-06-01,77.9778060913086,71.57019805908203,123.552001953125,21.255977630615234,40.23773193359375,35.16559982299805,72.18096160888672,39.29894256591797,71.15540313720703,174.59388732910156,125.31448364257812,84.16129302978516,230.10427856445312,62.83279800415039,37.35939407348633,174.1551055908203,25.414976119995117,16.141511917114258,276.47381591796875,35.979671478271484,3055.72998046875
2020-06-02,78.33882904052734,71.83847045898438,123.62049865722656,21.454626083374023,41.368778228759766,35.82206726074219,73.65898132324219,41.57450485229492,71.52436065673828,178.2704315185547,126.21693420410156,84.4429702758789,230.907958984375,63.84370040893555,38.09488296508789,176.1364288330078,25.91668128967285,16.63091278076172,276.8172912597656,36.78043746948242,3080.820068359375
2020-06-03,78.77006530761719,71.7201156616211,123.91999816894531,22.447900772094727,43.40304946899414,36.56767654418945,75.59593200683594,41.9992790222168,71.37261199951172,183.8855743408203,126.55750274658203,89.00099182128906,228.36788940429688,64.80720520019531,39.20646286010742,176.5650634765625,25.91668128967285,17.29227066040039,275.94970703125,38.280879974365234,3122.8701171875
2020-06-04,78.09168243408203,73.41665649414062,123.02999877929688,23.291549682617188,45.28271484375,36.23539733886719,74.89582061767578,41.832401275634766,70.13532257080078,187.5970001220703,124.92285919189453,90.8532485961914,224.52801513671875,64.4044189453125,40.69416046142578,174.24082946777344,25.809171676635742,17.92717742919922,269.379638671875,38.172035217285156,3112.35009765625
2020-06-05,80.31582641601562,74.05582427978516,124.1500015258789,24.44829559326172,47.89470672607422,39.37995910644531,78.41968536376953,44.98785400390625,71.41078186035156,190.30418395996094,125.40813446044922,94.94181060791016,228.97312927246094,64.96514892578125,41.396209716796875,178.31777954101562,25.794836044311523,19.39097785949707,281.8238830566406,41.2662353515625,3193.929931640625
2020-06-08,80.79066467285156,74.63976287841797,126.2030029296875,24.82227897644043,49.831329345703125,40.7739372253418,80.30998229980469,47.11171340942383,71.8084945678711,192.8279266357422,124.95689392089844,96.83671569824219,229.59823608398438,65.4705810546875,41.91438674926758,179.42271423339844,26.224872589111328,20.85478401184082,279.6820373535156,42.5567626953125,3232.389892578125
2020-06-09,83.34188079833984,75.88650512695312,130.04299926757812,24.543970108032227,48.41547775268555,39.41236877441406,78.97976684570312,45.10921859741211,72.00884246826172,190.46136474609375,124.26727294921875,94.35284423828125,236.8115997314453,64.96514892578125,42.12333297729492,180.79440307617188,25.952518463134766,19.849517822265625,279.4380187988281,41.60830307006836,3207.179931640625
2020-06-10,85.48606872558594,76.4625244140625,132.37249755859375,23.134994506835938,45.45358657836914,37.20794677734375,75.90708923339844,42.196495056152344,72.63467407226562,186.4617462158203,125.8338394165039,90.52888488769531,234.88670349121094,64.57818603515625,40.69416046142578,187.50039672851562,25.744665145874023,18.482715606689453,276.3111877441406,39.3770637512207,3190.139892578125
2020-06-11,81.3818588256836,72.80117797851562,127.89800262451172,20.812795639038086,39.375205993652344,34.136322021484375,69.52053833007812,38.7983283996582,69.5204086303711,169.52891540527344,119.93377685546875,82.974853515625,222.68247985839844,61.08745574951172,37.250732421875,177.43185424804688,23.866853713989258,16.322282791137695,256.4114074707031,35.90193557739258,3002.10009765625
2020-06-12,82.0844497680664,72.958984375,127.2509994506836,21.55207061767578,42.51610565185547,35.4411506652832,71.86981201171875,39.87542724609375,70.06689453125,176.20953369140625,121.02354431152344,85.2453384399414,226.80018615722656,60.737205505371094,38.679927825927734,178.83212280273438,24.189380645751953,16.75436782836914,257.6946716308594,36.67158889770508,3041.31005859375
2020-06-15,83.099609375,73.44821166992188,128.63400268554688,21.873870849609375,43.11012268066406,35.1331787109375,70.96745300292969,39.602359771728516,70.45470428466797,180.1654510498047,120.25730895996094,86.4232406616211,230.68966674804688,58.92225646972656,39.616004943847656,179.97523498535156,23.90985679626465,17.036550521850586,258.7158508300781,36.64826583862305,3066.590087890625
2020-06-16,85.30192565917969,75.7996826171875,130.7635040283203,22.4392032623291,44.30626678466797,36.559574127197266,73.14555358886719,41.415225982666016,71.73065185546875,183.02976989746094,122.99019622802734,87.1146240234375,233.81512451171875,61.270538330078125,40.58550262451172,184.3855438232422,23.938528060913086,17.239368438720703,264.788818359375,37.47234344482422,3124.739990234375
2020-06-17,85.18321990966797,75.54718780517578,132.0489959716797,21.7434139251709,43.12638854980469,35.67617416381836,71.2085952758789,39.80714797973633,72.03166961669922,180.06065368652344,122.61563110351562,84.91246032714844,233.69606018066406,60.729248046875,39.9168701171875,185.0237579345703,24.053203582763672,17.486270904541016,264.4273986816406,36.25178909301758,3113.489990234375
2020-06-18,85.2171401977539,75.933837890625,132.69900512695312,21.778202056884766,43.158939361572266,36.02467727661133,71.51974487304688,40.14849090576172,71.11820983886719,178.00843811035156,122.09628295898438,84.45152282714844,234.10289001464844,60.673519134521484,39.766441345214844,187.0050048828125,23.823854446411133,17.794904708862305,263.41510009765625,36.477237701416016,3115.340087890625
2020-06-19,84.73016357421875,76.3126220703125,133.75050354003906,21.960845947265625,43.06129455566406,35.416839599609375,70.50072479248047,39.67060852050781,70.64810180664062,176.07847595214844,122.453857421875,83.48697662353516,236.93067932128906,62.0108642578125,39.223175048828125,185.8905487060547,23.952865600585938,17.38045310974121,264.3318176269531,35.74644470214844,3097.739990234375
2020-06-22,86.947021484375,76.75448608398438,135.6909942626953,21.412918090820312,42.361507415771484,35.30337142944336,71.24749755859375,39.76165008544922,71.93843078613281,177.6416778564453,122.07926940917969,82.58221435546875,237.35733032226562,61.09542465209961,39.59927749633789,191.05337524414062,23.73067855834961,17.477453231811523,265.6297912597656,36.088504791259766,3117.860107421875
2020-06-23,88.80289459228516,76.7860336303711,138.2205047607422,21.56077003479004,43.0857048034668,35.50598907470703,71.13080596923828,39.7919921875,72.59896850585938,178.82931518554688,121.62799835205078,83.58943176269531,240.3538360595703,61.38995361328125,40.0255241394043,192.32981872558594,23.486988067626953,17.25699806213379,270.10418701171875,36.30619812011719,3131.2900390625
2020-06-24,87.2353286743164,75.07372283935547,136.72000122070312,20.70842933654785,41.34437561035156,33.220516204833984,68.17479705810547,37.12958908081055,71.04779052734375,172.9259796142578,119.0398178100586,80.79826354980469,232.1978302001953,60.39491271972656,39.239891052246094,188.45289611816406,23.07129669189453,15.749109268188477,262.462158203125,34.5958366394043,3050.330078125
2020-06-25,88.3934326171875,76.53355407714844,137.72900390625,21.4998836517334,42.866004943847656,34.08769607543945,69.3960952758789,38.47974395751953,71.46434020996094,180.85533142089844,118.9121322631836,83.61502075195312,233.8448944091797,60.9521484375,40.77772903442383,190.8343048095703,23.164466857910156,16.242921829223633,268.8516845703125,35.11672592163086,3083.760009765625
2020-06-26,85.67748260498047,75.85494995117188,134.64349365234375,20.1343994140625,40.34351348876953,32.701820373535156,67.25689697265625,36.98545455932617,67.56854248046875,165.2149658203125,117.32857513427734,79.0313949584961,214.3975067138672,59.853614807128906,39.32346725463867,187.0145263671875,22.963783264160156,15.378750801086426,260.37457275390625,33.91170120239258,3009.050048828125
2020-06-29,87.65204620361328,76.09957122802734,134.0189971923828,20.343141555786133,40.92124557495117,33.471744537353516,68.19813537597656,37.66054153442383,69.28585052490234,168.9525909423828,118.3757553100586,79.38136291503906,218.9219970703125,60.59392166137695,39.48227310180664,189.0244903564453,23.39381980895996,15.881378173828125,262.9885559082031,34.455902099609375,3053.239990234375
2020-06-30,88.38374328613281,77.4725570678711,137.9409942626953,20.65624237060547,41.58034896850586,34.05527114868164,69.41166687011719,38.42665481567383,70.3212890625,172.57667541503906,119.72944641113281,80.28614807128906,225.30197143554688,61.55712890625,40.368202209472656,193.8538818359375,23.43682098388672,16.216466903686523,267.6990966796875,34.76687240600586,3100.2900390625
2020-07-01,88.21656036376953,78.23009490966797,143.93499755859375,20.230072021484375,40.97006607055664,33.01789474487305,68.15924835205078,37.81982421875,71.50897979736328,172.5330047607422,119.51660919189453,79.60326385498047,235.70034790039062,62.185977935791016,39.791507720947266,194.9874267578125,24.182214736938477,15.625653266906738,270.22222900390625,33.98167037963867,3115.860107421875
2020-07-02,88.21656036376953,78.02490234375,144.51499938964844,20.256166458129883,41.13279724121094,33.86076736450195,68.69599151611328,38.320457458496094,72.89403533935547,172.38453674316406,120.01890563964844,79.86184692382812,231.6024932861328,62.71137237548828,39.94195556640625,196.473388671875,24.734088897705078,15.854924201965332,270.7032470703125,34.26931381225586,3130.010009765625
2020-07-06,90.57638549804688,78.12751770019531,152.8520050048828,20.577972412109375,42.28826904296875,33.739200592041016,68.89825439453125,38.23701858520508,74.36785125732422,181.08238220214844,121.7302017211914,81.878662109375,238.40908813476562,63.34819412231445,40.80279541015625,200.70272827148438,24.734088897705078,16.533920288085938,274.83282470703125,34.51032257080078,3179.719970703125
2020-07-07,90.29534912109375,78.39578247070312,150.00599670410156,20.01264190673828,40.94565963745117,32.93684768676758,67.14019012451172,36.4924201965332,73.88533782958984,174.09616088867188,121.61953735351562,79.56880187988281,238.98458862304688,62.663597106933594,39.69121551513672,198.36895751953125,24.39006805419922,16.03128433227539,269.24200439453125,33.616268157958984,3145.320068359375
2020-07-08,92.39832305908203,78.34056854248047,154.0554962158203,20.090913772583008,41.401336669921875,33.26103210449219,67.17130279541016,35.98420333862305,74.56372833251953,176.61996459960938,121.97708892822266,80.4134521484375,241.68338012695312,62.02677536010742,40.87802505493164,202.731689453125,24.189380645751953,15.934289932250977,270.7939453125,33.53852844238281,3169.93994140625
2020-07-09,92.7956771850586,77.2831802368164,159.13150024414062,19.80389976501465,40.23773193359375,31.080904006958008,64.36311340332031,33.63280487060547,75.31055450439453,171.8867950439453,121.31300354003906,78.67244720458984,242.5962371826172,61.047672271728516,39.70793533325195,204.1510009765625,23.981531143188477,15.105388641357422,264.2591857910156,32.15470504760742,3152.050048828125
2020-07-10,92.9579849243164,76.40731048583984,160.0,20.89107322692871,42.841590881347656,32.16691589355469,66.30007934570312,34.436832427978516,76.3197250366211,179.51046752929688,121.21082305908203,82.97322082519531,243.16180419921875,61.07951354980469,41.62187194824219,203.5318603515625,24.246719360351562,15.687384605407715,264.32275390625,33.1575813293457,3185.0400390625
2020-07-13,92.52915954589844,77.2200698852539,155.1999969482422,21.038925170898438,42.47541809082031,32.14260482788086,66.43231201171875,34.09550094604492,74.99170684814453,182.40975952148438,123.6287841796875,84.16264343261719,237.1390838623047,61.57304382324219,41.97289276123047,197.2449951171875,25.23579216003418,15.325839042663574,272.0193176269531,33.16535949707031,3155.219970703125
2020-07-14,94.06035614013672,78.96925354003906,154.1999969482422,20.995437622070312,40.80732345581055,33.47986602783203,68.72711944580078,35.862850189208984,75.4196548461914,186.8896484375,125.93598937988281,84.6452865600586,237.8633575439453,62.28947448730469,42.2069206237793,198.46424865722656,25.25012969970703,16.216466903686523,280.01531982421875,34.26154708862305,3197.52001953125
2020-07-15,94.7072525024414,80.25518798828125,150.44349670410156,21.395519256591797,42.1824836730957,33.7310905456543,69.14717864990234,35.999385833740234,75.2222900390625,189.4134521484375,126.2254638671875,85.95535278320312,238.40908813476562,63.23673629760742,42.917327880859375,198.1689453125,25.601322174072266,16.66619110107422,275.9764404296875,34.696903228759766,3226.56005859375
2020-07-16,93.54186248779297,79.80789184570312,149.9949951171875,20.812795639038086,41.87328338623047,33.7067756652832,68.73489379882812,36.56134033203125,75.12509155273438,187.4660186767578,127.06834411621094,86.19667053222656,239.05401611328125,63.20490646362305,43.9954833984375,194.2444305419922,25.515321731567383,16.595640182495117,278.77191162109375,34.424808502197266,3215.570068359375
2020-07-17,93.35289764404297,80.53474426269531,148.09849548339844,20.195283889770508,40.864288330078125,32.71611785888672,67.82474517822266,36.056739807128906,75.2208023071289,184.61912536621094,127.1534423828125,84.60218811035156,240.14547729492188,63.57903289794922,43.80326461791992,193.25376892089844,25.98118782043457,16.419282913208008,278.20916748046875,33.833953857421875,3224.72998046875
2020-07-20,95.32020568847656,79.50440216064453,159.8419952392578,20.508384704589844,40.7991828918457,32.2003288269043,66.33118438720703,36.469581604003906,77.55105590820312,184.881103515625,127.3663101196289,83.86097717285156,243.50906372070312,63.2128791809082,43.34357452392578,201.56004333496094,26.160367965698242,16.26055335998535,275.42279052734375,33.04096984863281,3251.840087890625
2020-07-21,94.00463104248047,77.79512786865234,156.9145050048828,21.23896598815918,42.092987060546875,34.107940673828125,71.09192657470703,38.5491943359375,77.15827941894531,185.15187072753906,127.4854965209961,85.67952728271484,239.86764526367188,62.7989387512207,43.77818298339844,198.84523010253906,26.296541213989258,17.248178482055664,276.9203186035156,34.712459564208984,3257.300048828125
2020-07-22,94.26873779296875,78.03474426269531,154.99549865722656,21.143299102783203,42.0360221862793,33.4775390625,70.81964111328125,38.373348236083984,77.60112762451172,179.89474487304688,127.71538543701172,85.05897521972656,238.00228881835938,62.71137237548828,42.62480926513672,201.70294189453125,27.636821746826172,16.904277801513672,278.37249755859375,33.90392303466797,3276.02001953125
2020-07-23,89.97795104980469,78.29833221435547,149.32749938964844,21.343338012695312,42.37777328491211,33.125484466552734,70.79630279541016,37.34883499145508,75.2158432006836,177.29237365722656,127.37482452392578,85.30891418457031,230.78890991210938,62.138214111328125,42.257057189941406,192.929931640625,27.52931022644043,17.018909454345703,274.9781188964844,33.97389602661133,3235.659912109375
2020-07-24,89.75503540039062,77.56350708007812,150.44549560546875,21.178085327148438,42.04416275024414,32.97810745239258,70.11175537109375,37.49409866333008,74.79235076904297,175.9387664794922,126.10626220703125,84.70561981201172,228.9136199951172,61.37403869628906,41.93946838378906,191.7487335205078,26.991758346557617,17.177637100219727,272.99945068359375,33.76399230957031,3215.6298828125
2020-07-27,91.88224029541016,77.60343933105469,152.760498046875,20.995437622070312,41.73494338989258,32.56057357788086,70.81964111328125,37.12710952758789,75.84464263916016,177.29237365722656,125.30598449707031,83.51622009277344,231.68191528320312,62.830787658691406,42.892250061035156,194.17776489257812,26.905759811401367,17.354001998901367,271.0118103027344,34.26154708862305,3239.409912109375
2020-07-28,90.37287139892578,77.24403381347656,150.01649475097656,21.186784744262695,41.71867752075195,31.89739418029785,69.31831359863281,36.140830993652344,74.56620788574219,176.06976318359375,125.00799560546875,83.87820434570312,228.3281707763672,63.43574142456055,42.006317138671875,192.43458557128906,27.966510772705078,16.886638641357422,272.21893310546875,33.857276916503906,3218.43994140625
2020-07-29,92.10517120361328,77.483642578125,151.67649841308594,21.978240966796875,42.73581314086914,32.69975280761719,70.06507873535156,37.081241607666016,75.55106353759766,176.90814208984375,124.7611083984375,85.91224670410156,231.4735107421875,63.16511535644531,42.28213882446289,194.37783813476562,28.13850975036621,17.133546829223633,278.34527587890625,34.230445861816406,3258.43994140625
2020-07-30,93.21965789794922,76.70886993408203,152.593994140625,21.604251861572266,41.3931884765625,30.816699981689453,67.10907745361328,35.613277435302734,76.28797912597656,174.24462890625,125.01654052734375,83.61965942382812,232.67410278320312,62.87853240966797,41.196468353271484,194.22540283203125,28.037200927734375,16.26055335998535,277.02923583984375,32.55118942260742,3246.219970703125
2020-07-31,102.97867584228516,75.80632781982422,158.23399353027344,21.639047622680664,41.10551452636719,30.61200714111328,65.29656982421875,35.8197021484375,73.78765106201172,172.87359619140625,124.09703826904297,83.29214477539062,251.69482421875,63.87356948852539,41.13755416870117,195.28273010253906,27.84902572631836,15.996013641357422,274.8056335449219,32.71444320678711,3271.1201171875
2020-08-03,105.57350158691406,76.6290283203125,155.59449768066406,21.734718322753906,41.417850494384766,30.055282592773438,65.97338104248047,35.45271682739258,73.5302734375,174.12237548828125,125.45074462890625,82.82672882080078,249.99815368652344,65.7044448852539,41.62567901611328,206.265625,27.75495147705078,16.507465362548828,275.5589599609375,32.846614837646484,3294.610107421875
2020-08-04,106.27854919433594,75.31111145019531,156.94149780273438,21.752111434936523,41.212364196777344,30.816699981689453,67.28019714355469,37.050655364990234,73.06114196777344,176.0872344970703,125.34004974365234,82.3526840209961,247.88473510742188,65.01188659667969,41.457359313964844,203.16986083984375,27.783891677856445,16.957191467285156,276.3667297363281,33.79508590698242,3306.510009765625
2020-08-05,106.66376495361328,74.48043060302734,160.25149536132812,22.082609176635742,41.95212173461914,31.1278018951416,67.83251953125,38.8015022277832,73.34827423095703,178.602294921875,126.34466552734375,83.78338623046875,247.18023681640625,64.98802947998047,41.8865852355957,202.83642578125,27.827316284179688,17.195268630981445,283.6003112792969,34.09049606323242,3327.77001953125
2020-08-06,110.38517761230469,73.93731689453125,161.25,22.152185440063477,41.82882308959961,31.15237045288086,68.04254913330078,38.908538818359375,74.63066864013672,178.36651611328125,125.62103271484375,83.80924224853516,263.2143859863281,64.51834869384766,41.617271423339844,206.08470153808594,27.697053909301758,17.036550521850586,285.04345703125,33.92723846435547,3349.159912109375
2020-08-07,107.87548828125,74.21687316894531,158.3730010986328,22.708826065063477,42.83981704711914,31.357036590576172,67.5213623046875,37.318260192871094,74.30438995361328,181.87709045410156,126.51495361328125,85.6536865234375,266.3498229980469,64.49446868896484,42.37471008300781,202.39828491210938,27.827316284179688,17.30990982055664,287.739013671875,33.77175521850586,3351.280029296875
2020-08-10,109.44343566894531,73.78556823730469,157.4080047607422,23.100202560424805,43.448062896728516,32.454124450683594,69.80060577392578,38.57978439331055,74.22750091552734,182.8463897705078,126.02964782714844,86.73966217041016,260.9521484375,64.40690612792969,42.56829071044922,198.36895751953125,27.783891677856445,17.83017349243164,289.6177978515625,34.60361862182617,3360.469970703125
2020-08-11,106.18861389160156,74.01718139648438,154.0334930419922,23.413307189941406,44.18780517578125,32.51144790649414,69.71504211425781,37.784629821777344,73.42018127441406,184.3134765625,125.12720489501953,89.48041534423828,254.13568115234375,64.40690612792969,43.578208923339844,193.73004150390625,27.349653244018555,17.900718688964844,286.3957824707031,34.961238861083984,3333.68994140625
2020-08-12,109.71772766113281,76.28556823730469,158.11199951171875,23.248056411743164,43.85081100463867,34.107940673828125,70.57071685791016,37.532325744628906,74.7442398071289,185.24790954589844,127.41738891601562,88.72196960449219,257.8664245605469,65.81590270996094,44.083168029785156,199.26437377929688,27.740467071533203,17.953628540039062,292.4949645996094,34.95330810546875,3380.35009765625
2020-08-13,111.6594467163086,75.62262725830078,158.05099487304688,22.917558670043945,43.472713470458984,33.26467514038086,69.87062072753906,36.255516052246094,75.21088409423828,181.98182678222656,126.004150390625,88.23069763183594,259.2654113769531,66.5004653930664,43.91484451293945,198.79763793945312,27.624671936035156,17.521543502807617,291.8142395019531,34.097110748291016,3373.429931640625
2020-08-14,111.55992126464844,75.93413543701172,157.4010009765625,23.021926879882812,43.505592346191406,33.420230865478516,70.28291320800781,36.67601776123047,74.61480712890625,181.61508178710938,126.20846557617188,88.26519012451172,259.2058410644531,66.45268249511719,44.01583480834961,198.98817443847656,27.545066833496094,17.69790267944336,293.7928466796875,34.247737884521484,3372.85009765625
2020-08-17,111.26866912841797,76.95645904541016,159.12049865722656,22.526174545288086,42.26445770263672,33.32198715209961,70.60963439941406,35.58269500732422,75.19054412841797,177.3360137939453,126.84696197509766,85.93811798095703,259.1265563964844,67.47163391113281,43.15740203857422,200.3026580810547,27.75495147705078,17.64499855041504,290.8975524902344,33.80378723144531,3381.989990234375
2020-08-18,112.19584655761719,76.39738464355469,165.62449645996094,22.204374313354492,41.37675094604492,33.01905059814453,69.14977264404297,35.43742752075195,77.15133666992188,175.79904174804688,127.78349304199219,84.74009704589844,260.2973327636719,67.31243133544922,42.85442352294922,201.4552459716797,27.762182235717773,17.433361053466797,287.5393371582031,33.637298583984375,3389.780029296875
2020-08-19,112.33662414550781,76.7568130493164,163.0240020751953,22.17827606201172,41.33566665649414,32.46232986450195,68.1712646484375,34.87165832519531,76.597412109375,177.29237365722656,128.03887939453125,84.93833923339844,260.54534912109375,67.68658447265625,43.23313522338867,200.23304748535156,27.689804077148438,17.389270782470703,286.2596130371094,33.26469802856445,3374.85009765625
2020-08-20,114.82933807373047,76.03794860839844,164.86849975585938,21.830385208129883,40.75206756591797,31.741844177246094,66.92449188232422,33.7171745300293,78.16645812988281,176.27059936523438,128.91580200195312,83.92131042480469,266.9154052734375,67.68658447265625,42.75343322753906,204.8927459716797,28.02272605895996,16.551551818847656,284.3808898925781,32.757328033447266,3385.510009765625
2020-08-21,120.74676513671875,75.7663803100586,164.23599243164062,21.72602081298828,40.52193069458008,31.242441177368164,67.13752746582031,33.1743278503418,78.13273620605469,176.777099609375,130.05667114257812,83.87820434570312,264.93096923828125,67.64676666259766,43.00592041015625,203.40316772460938,28.138517379760742,16.38401222229004,285.1160888671875,32.511566162109375,3397.159912109375
2020-08-24,122.19091796875,75.4868392944336,165.3730010986328,22.34353256225586,41.96855545043945,31.82371711730957,68.81044006347656,33.89302062988281,78.6078109741211,181.06488037109375,130.39950561523438,86.2397689819336,269.2768859863281,67.99700164794922,44.07474899291992,204.04293823242188,28.109569549560547,17.239368438720703,280.3056945800781,33.4708251953125,3431.280029296875
2020-08-25,121.1884994506836,75.12740325927734,167.32449340820312,22.61315155029297,42.45351028442383,31.807340621948242,67.96609497070312,33.931243896484375,79.63432312011719,179.89474487304688,130.32235717773438,86.61898803710938,278.6333923339844,68.2039794921875,43.805442810058594,206.69737243652344,27.798370361328125,16.983638763427734,283.3734436035156,32.40850830078125,3443.6201171875
2020-08-26,122.83656311035156,75.35904693603516,172.09249877929688,22.23046112060547,41.795955657958984,30.75119400024414,66.90081024169922,33.07492446899414,81.53262329101562,180.96011352539062,130.52806091308594,85.40373229980469,301.5436706542969,68.09252166748047,43.519290924072266,211.16615295410156,27.537830352783203,16.463375091552734,280.28753662109375,31.718793869018555,3478.72998046875
2020-08-27,121.36813354492188,75.31910705566406,170.0,22.656641006469727,42.511043548583984,31.234241485595703,67.00338745117188,34.36703872680664,80.75853729248047,183.51881408691406,131.11085510253906,88.21346282958984,290.9368896484375,68.31542205810547,44.276737213134766,216.3509979248047,27.400318145751953,16.48982810974121,282.874267578125,31.504756927490234,3484.550048828125
2020-08-28,121.17151641845703,75.21527862548828,170.08999633789062,22.874069213867188,42.97133255004883,31.42254638671875,67.57156372070312,35.33039093017578,81.299560546875,181.38804626464844,131.67648315429688,88.5754623413086,291.3734436035156,68.18012237548828,44.512386322021484,218.57579040527344,27.436504364013672,17.12472915649414,285.3248596191406,32.25788116455078,3508.010009765625
2020-08-31,125.28070831298828,76.49321746826172,172.54800415039062,22.387014389038086,42.01787567138672,31.021373748779297,66.23004913330078,34.665225982666016,80.8086166381836,179.99107360839844,131.47938537597656,86.35179901123047,290.9170837402344,67.87762451171875,43.98217010498047,215.348388671875,27.349653244018555,16.76319122314453,283.6730041503906,31.663305282592773,3500.31005859375
2020-09-01,130.27093505859375,73.67373657226562,174.95599365234375,22.360923767089844,42.08362579345703,30.4237060546875,65.55931091308594,34.56583023071289,82.07565307617188,180.50949096679688,129.8595733642578,86.3086929321289,293.13958740234375,67.2089614868164,44.25148010253906,217.0098419189453,26.691072463989258,16.536834716796875,283.92706298828125,31.258991241455078,3526.64990234375
2020-09-02,127.57196044921875,75.03955078125,176.57249450683594,22.630544662475586,42.70008087158203,29.78510284423828,65.64611053466797,33.41134262084961,85.16561126708984,184.53329467773438,131.83932495117188,87.61014556884766,300.14459228515625,69.19902038574219,44.81535720825195,221.19212341308594,26.922657012939453,16.661108016967773,290.65252685546875,31.068729400634766,3580.840087890625
2020-09-03,117.3584213256836,73.37823486328125,168.39999389648438,22.472900390625,42.33020782470703,29.465801239013672,64.92802429199219,32.975528717041016,80.80762481689453,182.3544158935547,128.17120361328125,87.33433532714844,288.8532409667969,68.05272674560547,44.394554138183594,207.4899444580078,26.343679428100586,16.97178840637207,287.0129699707031,31.005300521850586,3455.06005859375
2020-09-04,117.43611907958984,73.37823486328125,164.7310028076172,23.24360466003418,43.1685905456543,29.359365463256836,64.65182495117188,32.98318862915039,78.41241455078125,185.32398986816406,127.3484115600586,89.22188568115234,280.5285339355469,67.85374450683594,44.36089324951172,204.57765197753906,26.314729690551758,17.140438079833984,283.1737365722656,30.981521606445312,3426.9599609375
2020-09-08,109.53326416015625,72.0603256225586,157.49200439453125,22.315258026123047,41.95212173461914,27.88566780090332,62.31607437133789,31.217056274414062,75.55553436279297,177.89134216308594,126.20854187011719,86.11910247802734,269.04864501953125,66.33332061767578,42.22322463989258,193.51087951660156,26.003522872924805,16.314926147460938,278.8627014160156,30.26803207397461,3331.840087890625
2020-09-09,113.90216064453125,73.1865234375,163.4304962158203,22.341529846191406,42.248016357421875,28.213157653808594,63.15250778198242,32.004547119140625,76.72735595703125,177.66290283203125,128.29974365234375,86.9378890991211,271.5887451171875,67.567138671875,42.972251892089844,201.7512664794922,26.184463500976562,16.51908302307129,283.1919250488281,30.085681915283203,3398.9599609375
2020-09-10,110.1837158203125,71.60507202148438,158.7554931640625,22.017488479614258,41.878143310546875,26.95231819152832,61.66898727416992,29.053342819213867,75.6770248413086,175.7212677001953,125.90861511230469,86.0415267944336,266.0025634765625,66.52435302734375,42.324214935302734,196.0985107421875,25.800878524780273,15.720200538635254,276.4574890136719,29.332555770874023,3339.18994140625
2020-09-11,108.73713684082031,71.6449966430664,155.81100463867188,22.3327693939209,41.91923522949219,27.107887268066406,61.306007385253906,29.85613250732422,75.166748046875,176.5207977294922,126.65420532226562,87.11028289794922,264.5340576171875,67.24874877929688,42.37471008300781,194.81903076171875,26.1048526763916,15.86223030090332,274.75323486328125,29.253276824951172,3340.969970703125
2020-09-14,111.99923706054688,72.27597045898438,155.14849853515625,22.55172348022461,39.57669448852539,27.44355583190918,60.99037170410156,29.947874069213867,74.82307434082031,176.88978576660156,127.14273071289062,88.31689453125,264.0776672363281,67.48126220703125,43.04800033569336,196.13670349121094,26.785152435302734,16.004253387451172,281.2146911621094,29.063011169433594,3383.5400390625
2020-09-15,112.17398834228516,72.61146545410156,157.80650329589844,22.140098571777344,36.83139419555664,27.672800064086914,60.248600006103516,29.504423141479492,76.1268081665039,173.95538330078125,127.60553741455078,85.56749725341797,270.2989196777344,67.52137756347656,42.408382415771484,199.35459899902344,26.748966217041016,16.155149459838867,279.9934997558594,28.75383186340332,3401.199951171875
2020-09-16,108.86334228515625,71.70890045166016,153.90499877929688,22.42035484313965,37.82594680786133,28.72077178955078,61.992530822753906,31.239994049072266,74.98474884033203,176.3099365234375,127.18555450439453,85.92947387695312,261.4681091308594,68.61185455322266,43.04800033569336,195.79296875,26.61870002746582,17.02504539489746,279.3464660644531,29.97470474243164,3385.489990234375
2020-09-17,107.12549591064453,71.58909606933594,150.43649291992188,22.20140838623047,37.42319869995117,29.54767417907715,62.17403030395508,31.492286682128906,73.74251556396484,171.1703338623047,126.13141632080078,84.94694519042969,252.8358612060547,68.66797637939453,42.290565490722656,193.74960327148438,26.647640228271484,16.936281204223633,277.9429626464844,29.966773986816406,3357.010009765625
2020-09-18,103.72745513916016,71.97248840332031,147.74549865722656,22.07879066467285,36.872493743896484,29.367551803588867,61.716346740722656,31.12529945373535,71.95974731445312,171.19671630859375,127.85406494140625,84.76595306396484,250.56370544433594,68.80426788330078,42.1474723815918,191.34335327148438,26.5101375579834,16.625600814819336,280.7134704589844,29.483182907104492,3319.469970703125
2020-09-21,106.87307739257812,71.15778350830078,148.02349853515625,21.430706024169922,36.10807418823242,28.131290435791016,60.209144592285156,29.672622680664062,70.92083740234375,170.4411163330078,124.35733032226562,82.14582824707031,246.21775817871094,66.65538024902344,40.699920654296875,193.39630126953125,26.06865882873535,15.329639434814453,272.6663513183594,28.880678176879883,3281.06005859375
2020-09-22,108.55267333984375,70.76641082763672,156.44949340820312,20.966535568237305,35.5820426940918,28.08216094970703,59.601531982421875,29.397382736206055,72.39266967773438,168.3501434326172,123.59453582763672,81.24946594238281,252.76641845703125,66.50303649902344,40.085548400878906,198.0559539794922,26.235118865966797,15.38289737701416,268.17333984375,28.167177200317383,3315.570068359375
2020-09-23,103.99930572509766,69.60028076171875,149.9929962158203,20.370994567871094,34.39842987060547,26.95231819152832,56.7765007019043,27.81475067138672,69.891845703125,163.51805114746094,123.79166412353516,79.93077850341797,247.0810546875,66.25448608398438,39.06721878051758,191.5342559814453,26.05418586730957,14.743790626525879,266.2411804199219,27.263427734375,3236.919921875
2020-09-24,105.0672607421875,68.61788177490234,150.989501953125,20.441059112548828,34.67789077758789,27.509052276611328,56.65814208984375,28.02117919921875,70.559814453125,171.41635131835938,123.98878479003906,79.86184692382812,247.58706665039062,66.67144012451172,39.22711944580078,194.01695251464844,25.880491256713867,14.752670288085938,266.71514892578125,27.207927703857422,3246.590087890625
2020-09-25,109.00897216796875,68.87347412109375,154.75650024414062,20.57242774963379,34.53816223144531,27.590932846069336,56.68181610107422,28.632837295532227,71.3631820678711,171.27574157714844,124.83728790283203,80.55996704101562,252.8358612060547,66.49503326416016,39.58900833129883,198.4379425048828,26.090375900268555,14.131319999694824,275.682861328125,27.46161460876465,3298.4599609375
2020-09-28,111.61091613769531,69.71209716796875,158.70249938964844,21.097896575927734,35.623130798339844,27.599109649658203,58.338958740234375,28.625192642211914,72.33515930175781,174.89544677734375,126.0799789428711,82.87843322753906,254.8203125,66.35871124267578,40.71674728393555,199.98477172851562,26.33643913269043,14.601771354675293,276.3480529785156,27.992773056030273,3351.60009765625
2020-09-29,110.76624298095703,69.40060424804688,157.24400329589844,20.81764793395996,34.8669548034668,26.57570457458496,56.737060546875,27.669485092163086,72.70012664794922,172.89230346679688,126.0371322631836,82.1802978515625,259.7515869140625,65.66915130615234,39.75733184814453,197.9031982421875,26.17721939086914,13.847271919250488,277.1865539550781,27.176210403442383,3335.469970703125
2020-09-30,112.43614959716797,69.95970153808594,157.43649291992188,21.097896575927734,35.434085845947266,26.886831283569336,56.81596374511719,27.478343963623047,72.67930603027344,176.56472778320312,127.59697723388672,82.97322082519531,259.86077880859375,66.5110855102539,40.69150161743164,200.8345947265625,26.560800552368164,13.81176471710205,284.13104248046875,27.215856552124023,3363.0
2020-10-01,113.38758850097656,69.60028076171875,161.06300354003906,21.10666275024414,35.70533752441406,26.551149368286133,55.56916046142578,26.652616500854492,73.78515625,174.43858337402344,126.25996398925781,83.57654571533203,264.5539245605469,65.46067810058594,39.77415466308594,202.8684539794922,26.321964263916016,13.323559761047363,285.3158264160156,26.2645263671875,3380.800048828125
2020-10-02,109.7274169921875,68.78559112548828,156.25,21.203001022338867,35.88615417480469,27.075124740600586,56.17679214477539,26.614391326904297,72.18341064453125,175.62461853027344,125.33435821533203,84.36947631835938,257.9160461425781,64.78715515136719,40.37169647216797,196.88148498535156,26.329200744628906,13.820640563964844,284.3224182128906,26.145614624023438,3348.419921875
2020-10-05,113.10604858398438,70.23126220703125,159.9600067138672,21.56207847595215,36.9135856628418,28.065784454345703,57.36832809448242,27.875913619995117,73.53375244140625,177.29393005371094,127.03984832763672,86.1527328491211,262.58929443359375,65.13995361328125,40.90190124511719,200.88235473632812,26.59697723388672,14.264466285705566,289.9454345703125,26.748117446899414,3408.60009765625
2020-10-06,109.86334991455078,68.60189056396484,154.9980010986328,21.343128204345703,36.50262451171875,27.26344108581543,57.052696228027344,27.516576766967773,71.95628356933594,176.67013549804688,125.35147094726562,85.26545715332031,256.6459655761719,63.8490104675293,40.178131103515625,196.61415100097656,26.17721939086914,13.909406661987305,286.5734558105469,26.47064971923828,3360.969970703125
2020-10-07,111.72740936279297,69.54436492919922,159.7845001220703,21.78978157043457,36.85605239868164,28.10671615600586,58.22056198120117,28.067054748535156,72.35895538330078,178.8753204345703,126.7398910522461,86.75296783447266,256.1101989746094,64.17777252197266,40.994483947753906,200.357177734375,26.39434051513672,14.157946586608887,294.5203552246094,26.5578556060791,3419.43994140625
2020-10-08,111.62062072753906,69.7600326538086,159.52749633789062,22.10506248474121,36.757408142089844,29.08917808532715,59.35690689086914,28.801042556762695,73.56349182128906,182.7234344482422,127.60553741455078,88.53620910644531,261.706298828125,64.53057861328125,41.238548278808594,201.0733184814453,26.698305130004883,14.584017753601074,293.8277587890625,27.95313262939453,3446.830078125
2020-10-09,113.56233978271484,70.04757690429688,164.33250427246094,22.210166931152344,36.930030822753906,28.761699676513672,58.394187927246094,28.716938018798828,74.90342712402344,182.33685302734375,129.38819885253906,88.03166961669922,262.39093017578125,64.4343490600586,41.0954704284668,206.0671844482422,26.62592887878418,14.406486511230469,298.7763671875,27.54088592529297,3477.139892578125
2020-10-12,120.77589416503906,70.54277038574219,172.14649963378906,22.49041748046875,37.710872650146484,29.1383113861084,58.7966423034668,29.21389389038086,77.5882339477539,188.11782836914062,130.1337890625,89.1103286743164,273.6029357910156,64.4343490600586,42.70293045043945,211.40484619140625,26.647640228271484,14.308849334716797,300.7175598144531,27.45368766784668,3534.219970703125
2020-10-13,117.57201385498047,70.15139770507812,172.18150329589844,21.85108757019043,35.9025993347168,28.55702018737793,57.92071533203125,29.542661666870117,77.71121978759766,185.20977783203125,127.15127563476562,87.66632080078125,273.9898681640625,64.71499633789062,42.450462341308594,212.79898071289062,26.705543518066406,13.962665557861328,302.0390930175781,27.12864875793457,3511.929931640625
2020-10-14,117.659423828125,69.68183135986328,168.1855010986328,20.686279296875,35.36833190917969,28.270463943481445,57.56560516357422,28.76280975341797,77.53121185302734,185.5787811279297,126.92847442626953,87.17919921875,269.7035217285156,64.55461883544922,42.62718963623047,210.8892364501953,26.676591873168945,14.157946586608887,293.3174133300781,27.073156356811523,3488.669921875
2020-10-15,117.19339752197266,69.00179290771484,166.9324951171875,21.15045166015625,35.845054626464844,28.982755661010742,58.00752639770508,29.40764045715332,77.13597106933594,183.26812744140625,126.1485366821289,88.48400115966797,264.6432189941406,63.391998291015625,43.19949722290039,209.74342346191406,26.45223617553711,14.575140953063965,295.7962646484375,27.31098175048828,3483.340087890625
2020-10-16,115.55261993408203,69.84375762939453,163.635498046875,21.22927474975586,35.499847412109375,27.988204956054688,57.518272399902344,28.897951126098633,77.74246978759766,181.16835021972656,126.92847442626953,88.30133819580078,263.859375,64.00939178466797,43.637107849121094,209.74342346191406,27.4654541015625,13.288054466247559,300.65374755859375,27.03352165222168,3483.81005859375
2020-10-19,112.60118865966797,68.25694274902344,160.36050415039062,20.773855209350586,35.2614860534668,27.101396560668945,56.24779510498047,27.948076248168945,75.87042999267578,180.71148681640625,123.6888198852539,86.81383514404297,259.3646545410156,63.07927322387695,42.879669189453125,204.54896545410156,27.35689353942871,13.323559761047363,295.477294921875,26.494428634643555,3426.919921875
2020-10-20,114.08662414550781,68.2083969116211,160.85049438476562,21.141691207885742,35.77108383178711,27.00194549560547,56.56344985961914,28.017580032348633,76.91827392578125,182.76736450195312,123.88593292236328,87.30965423583984,265.4766845703125,62.758544921875,43.31731033325195,204.95956420898438,27.132539749145508,13.749629974365234,294.7391357421875,26.71640968322754,3443.1201171875
2020-10-21,113.46527099609375,67.1073226928711,159.2469940185547,21.062870025634766,35.351898193359375,25.39409828186035,55.92426300048828,27.121753692626953,78.64945983886719,178.2691192626953,123.35454559326172,86.43977355957031,276.5597229003906,62.598175048828125,42.39996337890625,205.10284423828125,26.835813522338867,13.323559761047363,294.1740417480469,26.288311004638672,3435.56005859375
2020-10-22,112.37789916992188,68.25694274902344,158.82000732421875,21.781021118164062,36.1245231628418,26.446657180786133,57.92071533203125,28.519548416137695,79.67449188232422,180.45669555664062,124.34016418457031,89.49304962158203,275.9544372558594,63.512264251708984,43.56978988647461,205.18875122070312,27.089120864868164,13.580976486206055,296.8534240722656,27.636028289794922,3453.489990234375
2020-10-23,111.6885757446289,68.28123474121094,160.22000122070312,21.80729866027832,36.1245231628418,26.968791961669922,57.2657585144043,28.967445373535156,80.97970581054688,180.14041137695312,124.47730255126953,90.30204772949219,282.572509765625,64.00939178466797,43.65394592285156,206.46827697753906,27.631914138793945,13.669740676879883,301.29168701171875,27.081083297729492,3465.389892578125
2020-10-26,111.69828796386719,67.94120788574219,160.3520050048828,21.492015838623047,35.557376861572266,25.12888526916504,55.979515075683594,26.97502899169922,78.56515502929688,176.71408081054688,123.38885498046875,88.06649017333984,274.95233154296875,63.21559143066406,42.349464416503906,200.59591674804688,27.44373893737793,13.465582847595215,294.42010498046875,26.438940048217773,3400.969970703125
2020-10-27,113.20311737060547,66.96159362792969,164.31649780273438,20.887714385986328,34.423091888427734,25.07915496826172,54.8510856628418,26.704744338989258,79.28868103027344,171.91709899902344,122.68606567382812,86.40499877929688,281.0841979980469,62.5340461730957,40.893489837646484,203.62277221679688,27.089120864868164,13.394570350646973,292.09619140625,26.018770217895508,3390.679931640625
2020-10-28,107.96043395996094,65.16429901123047,158.13900756835938,20.554912567138672,33.806636810302734,23.860837936401367,52.775718688964844,25.106157302856445,74.92078399658203,166.724853515625,118.58081817626953,83.97802734375,265.5858459472656,61.082725524902344,40.03504943847656,193.52996826171875,25.65613555908203,12.586813926696777,280.6952819824219,25.02780532836914,3271.030029296875
2020-10-29,111.96041870117188,65.31002044677734,160.55050659179688,20.616212844848633,34.24225997924805,24.167484283447266,54.290794372558594,26.233654022216797,77.20590209960938,166.87416076660156,117.57808685302734,84.52603912353516,278.6433410644531,60.8502197265625,40.7981071472168,195.47784423828125,25.53310203552246,12.826480865478516,276.7582092285156,26.1376895904541,3310.110107421875
2020-10-30,105.6886215209961,68.89651489257812,151.8074951171875,20.756343841552734,34.46693420410156,23.719942092895508,54.843196868896484,26.442161560058594,80.14311218261719,166.08346557617188,117.50951385498047,85.2828369140625,261.0613098144531,60.30497360229492,40.82355499267578,193.32943725585938,25.67784881591797,13.261425971984863,278.0887756347656,25.86021614074707,3269.9599609375
2020-11-02,105.60121154785156,71.44677734375,150.2239990234375,21.089143753051758,35.12432861328125,25.054290771484375,56.934329986572266,27.144927978515625,80.55026245117188,167.10255432128906,118.8636474609375,87.20529174804688,259.324951171875,61.5077018737793,41.866390228271484,193.1957550048828,26.220643997192383,13.829520225524902,284.4317626953125,26.94631576538086,3310.239990234375
2020-11-03,107.22257995605469,71.21195983886719,152.42050170898438,21.623382568359375,36.22274398803711,24.29180908203125,56.61079788208008,27.04453468322754,81.60850524902344,173.8938751220703,118.70082092285156,89.9541244506836,263.23431396484375,61.67610168457031,43.392513275146484,197.1106719970703,26.19169807434082,13.989294052124023,292.86175537109375,26.48650550842285,3369.159912109375
2020-11-04,111.60118865966797,76.50672149658203,162.05799865722656,20.738828659057617,35.01614761352539,25.17860984802246,56.63446044921875,27.83224105834961,86.57693481445312,173.84117126464844,119.4721450805664,87.20529174804688,285.1423645019531,64.642822265625,43.60447311401367,206.6210479736328,27.016735076904297,14.175700187683105,323.12762451171875,26.343809127807617,3443.43994140625
2020-11-05,115.56234741210938,75.85094451904297,166.10000610351562,21.553314208984375,35.8399658203125,24.963125228881836,56.92644119262695,27.492429733276367,87.40261840820312,178.31300354003906,119.78067016601562,90.77178192138672,292.3855285644531,64.51453399658203,44.25730514526367,213.2095489501953,26.60728645324707,13.776260375976562,322.9818115234375,26.296232223510742,3510.449951171875
2020-11-06,115.43103790283203,75.1708755493164,165.56849670410156,21.29058074951172,35.54039001464844,24.192346572875977,56.14522171020508,26.704744338989258,87.26525115966797,176.8195037841797,121.91474151611328,89.56265258789062,291.1253662109375,64.4343490600586,43.8333854675293,213.6201629638672,26.614599227905273,13.509966850280762,316.6570739746094,25.9870548248291,3509.43994140625
2020-11-09,113.12611389160156,77.00865173339844,157.18699645996094,24.312068939208984,39.6428108215332,27.664981842041016,62.6553840637207,31.129783630371094,87.34906005859375,188.82945251464844,125.19723510742188,101.68875885009766,276.5993957519531,64.5466079711914,47.496063232421875,208.53073120117188,28.661874771118164,16.199525833129883,318.971923828125,29.277063369750977,3550.5
2020-11-10,112.78572845458984,80.0446548461914,151.75100708007812,24.224485397338867,39.65113067626953,29.446870803833008,65.55142974853516,32.581634521484375,86.17377471923828,191.06101989746094,127.08271789550781,101.35822296142578,270.3087463378906,65.03572082519531,47.26715087890625,201.48388671875,28.281667709350586,16.252788543701172,322.33477783203125,29.92658042907715,3545.530029296875
2020-11-11,116.20906066894531,79.46174621582031,156.8695068359375,23.944238662719727,40.71626281738281,29.23967742919922,65.07006072998047,32.36539840698242,86.6453857421875,191.57057189941406,126.6713638305664,99.84463500976562,274.32720947265625,64.99562072753906,47.76736068725586,206.7738037109375,28.150056838989258,15.720200538635254,320.5211181640625,29.618057250976562,3572.659912109375
2020-11-12,115.936767578125,79.01646423339844,155.51400756835938,23.374969482421875,40.17536926269531,28.187114715576172,63.657554626464844,31.268795013427734,86.42668914794922,188.46043395996094,127.09986877441406,98.61808013916016,272.93817138671875,64.033447265625,47.097572326660156,205.7139129638672,27.455442428588867,15.3562650680542,322.9908447265625,28.60318374633789,3537.010009765625
2020-11-13,115.98539733886719,80.18228149414062,156.4405059814453,23.646469116210938,40.491580963134766,29.305978775024414,65.51985168457031,32.95231246948242,87.8866195678711,192.47544860839844,128.4711456298828,99.2356948852539,274.7935485839844,65.01968383789062,47.99628829956055,206.73562622070312,28.237802505493164,15.977622032165527,324.13916015625,29.293296813964844,3585.14990234375
2020-11-16,116.99683380126953,79.63175964355469,156.55299377441406,24.154430389404297,41.93948745727539,31.560291290283203,70.19929504394531,35.02197265625,87.97439575195312,195.37472534179688,129.2853546142578,102.03671264648438,276.7879333496094,64.2900390625,49.26803970336914,207.4231414794922,27.294586181640625,17.788419723510742,325.1872253417969,30.98204803466797,3626.909912109375
2020-11-17,116.11180877685547,80.31991577148438,156.7830047607422,24.12815284729004,42.214107513427734,32.198448181152344,69.69482421875,35.26908874511719,87.36095428466797,197.36904907226562,127.999755859375,101.00154113769531,272.8587341308594,65.3484115600586,49.861541748046875,204.77813720703125,27.77435302734375,17.83279800415039,320.8857116699219,31.396114349365234,3609.530029296875
2020-11-18,114.7891616821289,79.92322540283203,155.2729949951172,23.628948211669922,42.48039245605469,32.471954345703125,67.48485565185547,34.69762420654297,86.3185806274414,197.0615997314453,126.30278778076172,100.25344848632812,269.85235595703125,64.34614562988281,49.861541748046875,202.0784149169922,27.99013900756836,17.726282119750977,313.96856689453125,30.21074867248535,3567.7900390625
2020-11-19,115.3824234008789,80.69231414794922,155.8509979248047,23.628948211669922,43.38740539550781,32.71231460571289,68.6458740234375,35.10691452026367,87.20772552490234,197.2987823486328,126.1056900024414,100.52313995361328,270.8148193359375,64.45841217041016,49.708927154541016,203.36126708984375,27.88994789123535,18.161226272583008,307.12432861328125,30.365007400512695,3581.8701171875
2020-11-20,114.11812591552734,81.63955688476562,154.97000122070312,23.480066299438477,42.97966384887695,32.861488342285156,68.69392395019531,35.0528678894043,86.10733032226562,196.22694396972656,125.43719482421875,99.66194915771484,267.60003662109375,64.50650787353516,49.013702392578125,201.4178466796875,28.282978057861328,17.93931770324707,305.0282287597656,29.991533279418945,3557.5400390625
2020-11-23,110.72392272949219,82.72441101074219,154.91949462890625,23.988027572631836,44.35267639160156,35.3975944519043,72.88970184326172,38.90643310546875,85.66992950439453,201.0414581298828,124.15995788574219,102.53253936767578,266.3398742675781,64.37019348144531,51.09938049316406,201.14981079101562,28.144269943237305,19.182022094726562,305.3562927246094,31.956327438354492,3577.590087890625
2020-11-24,112.0076904296875,84.16548919677734,155.9029998779297,25.38054084777832,47.481502532958984,36.806522369384766,76.56502532958984,42.0263671875,87.47203826904297,208.65855407714844,124.15995788574219,107.27336883544922,274.7637939453125,64.25794219970703,53.922691345214844,204.73989868164062,28.205917358398438,19.732362747192383,306.2220764160156,34.083499908447266,3635.409912109375
2020-11-25,112.84408569335938,84.35980224609375,159.2534942626953,25.424331665039062,47.481502532958984,36.160064697265625,73.77851104736328,40.92975997924805,87.48343658447266,207.81517028808594,123.9959716796875,106.1512222290039,273.4441223144531,64.19381713867188,53.82095718383789,204.74945068359375,28.15196418762207,19.616968154907227,303.6520690917969,33.13357162475586,3629.64990234375
2020-11-27,113.3886947631836,84.91840362548828,159.76699829101562,25.389299392700195,47.15696334838867,35.45560073852539,73.1139144897461,39.717315673828125,88.61856842041016,206.81361389160156,124.27213287353516,105.44661712646484,275.6468811035156,64.033447265625,54.12617874145508,206.0514373779297,28.69142723083496,19.421680450439453,307.9809875488281,32.63020324707031,3638.35009765625
2020-11-30,115.78116607666016,84.66744232177734,158.40199279785156,24.662391662597656,45.82554626464844,32.78689956665039,69.80692291259766,36.203529357910156,87.00094604492188,202.57888793945312,124.85901641845703,102.5412368774414,274.81341552734375,64.45841217041016,52.42201232910156,204.94091796875,29.52373695373535,18.45415496826172,306.5228576660156,30.95769500732422,3621.6298828125
2020-12-01,119.35037994384766,84.23027038574219,161.00399780273438,25.12656021118164,46.15840530395508,32.54655456542969,70.02311706542969,35.9332389831543,89.03213500976562,205.00814819335938,127.24948120117188,104.15923309326172,284.31878662109375,65.3885269165039,53.65138244628906,206.98965454101562,30.371461868286133,18.815818786621094,310.94281005859375,31.258089065551758,3662.449951171875
2020-12-02,119.70050811767578,84.99935913085938,160.17649841308594,25.450603485107422,47.59800720214844,33.12670135498047,71.96088409423828,36.92945098876953,90.5005111694336,209.9283905029297,127.8449478149414,106.15992736816406,285.2812805175781,65.61302947998047,54.27878189086914,206.1854705810547,31.442665100097656,19.324840545654297,316.74822998046875,32.42722702026367,3669.010009765625
2020-12-03,119.5643539428711,84.79695892333984,159.3365020751953,25.477041244506836,47.082069396972656,34.1461067199707,71.90483093261719,37.19974136352539,90.34529113769531,208.00270080566406,128.58714294433594,105.46404266357422,279.6554260253906,65.308349609375,54.31269073486328,205.1036834716797,30.89550018310547,19.70883560180664,317.7688903808594,32.64643478393555,3666.719970703125
2020-12-04,118.8932876586914,86.85333251953125,158.12899780273438,25.81191635131836,48.77962875366211,36.690486907958984,74.69133758544922,40.92975997924805,90.44050598144531,211.63330078125,129.6831512451172,106.4208984375,277.5221862792969,65.70121002197266,55.10966873168945,205.21853637695312,31.088167190551758,20.941198348999023,320.0189208984375,33.839935302734375,3699.1201171875
2020-12-07,120.35209655761719,85.68753051757812,157.89999389648438,25.635663986206055,48.37187957763672,35.48875045776367,72.67351531982422,39.8254280090332,90.10676574707031,210.6350860595703,128.561279296875,106.020751953125,283.3563537597656,66.15827941894531,54.482269287109375,205.15151977539062,31.78945541381836,20.38752555847168,318.16217041015625,33.206661224365234,3691.9599609375
2020-12-08,120.96479797363281,87.18526458740234,158.864501953125,25.494670867919922,48.563270568847656,35.372718811035156,73.29808044433594,40.27334213256836,89.82410430908203,210.97958374023438,130.78782653808594,106.1251449584961,281.1933288574219,66.69550323486328,54.18552780151367,206.7981719970703,32.79901123046875,20.744733810424805,318.16217041015625,34.29459762573242,3702.25
2020-12-09,118.43620300292969,87.97866821289062,155.2100067138672,25.38010597229004,49.05422592163086,35.38930130004883,72.41728973388672,40.89886474609375,88.16431427001953,214.495361328125,132.12545776367188,105.29875183105469,275.7560119628906,66.92801666259766,54.575531005859375,202.7677459716797,32.25185012817383,20.86975860595703,315.0067138671875,34.74925994873047,3672.820068359375
2020-12-10,119.85608673095703,87.02335357666016,155.07449340820312,25.653295516967773,50.34403610229492,36.46672058105469,74.74739074707031,42.227149963378906,87.65801239013672,215.89102172851562,131.39187622070312,104.62024688720703,274.9621887207031,66.54315185546875,54.63488006591797,201.54232788085938,32.15937042236328,20.878690719604492,310.653076171875,35.73165512084961,3668.10009765625
2020-12-11,119.04891204833984,86.09233093261719,155.8209991455078,25.177412033081055,49.03758239746094,36.03575134277344,74.02672576904297,41.39310073852539,88.0125732421875,211.9954833984375,131.9959716796875,104.00263214111328,271.41998291015625,66.51909637451172,53.685302734375,204.16542053222656,31.689271926879883,20.485755920410156,308.2933654785156,35.5611457824707,3663.4599609375
2020-12-14,118.43620300292969,84.35980224609375,157.84849548339844,24.868980407714844,48.87948989868164,35.07434844970703,71.6165542602539,40.219276428222656,86.89481353759766,210.05206298828125,128.64756774902344,102.9065933227539,272.0550231933594,64.91084289550781,52.46440124511719,205.0653839111328,30.217327117919922,19.807071685791016,307.4335632324219,34.278358459472656,3647.489990234375
2020-12-15,124.36872100830078,83.24256134033203,158.25599670410156,25.239099502563477,49.65336608886719,35.47216796875,71.56050872802734,41.05331802368164,87.33219909667969,214.15081787109375,129.94207763671875,104.66374969482422,273.4044189453125,65.04017639160156,54.219444274902344,204.99838256835938,29.831995010375977,20.51254653930664,310.67138671875,34.94411849975586,3694.6201171875
2020-12-16,124.30062866210938,84.71601104736328,162.04800415039062,25.309602737426758,49.71993637084961,35.07434844970703,71.01603698730469,40.698081970214844,87.13928985595703,215.3345489501953,129.16534423828125,104.96819305419922,273.5235290527344,64.51487731933594,54.45683670043945,209.9287567138672,29.161529541015625,20.396459579467773,310.3695068359375,35.47996139526367,3701.169921875
2020-12-17,125.16616821289062,84.91840362548828,161.8040008544922,25.40654182434082,49.96957015991211,34.78428649902344,70.79181671142578,40.27334213256836,86.31212615966797,215.91757202148438,132.57421875,104.09832763671875,272.3428039550781,64.50679016113281,54.829891204833984,210.06277465820312,29.307954788208008,20.476829528808594,312.5006408691406,35.30134582519531,3722.47998046875
2020-12-18,123.18218994140625,84.56218719482422,160.08250427246094,25.26554298400879,49.1457633972168,33.963775634765625,69.81493377685547,39.97988510131836,85.6034927368164,213.88583374023438,133.34222412109375,103.58507537841797,274.2478332519531,64.2724380493164,54.41444778442383,209.2681884765625,29.03822898864746,19.923160552978516,309.491455078125,34.692420959472656,3709.409912109375
2020-12-21,124.7090835571289,83.96308898925781,160.3090057373047,26.208480834960938,50.95149230957031,33.350467681884766,68.93413543701172,38.67475891113281,86.0170669555664,227.00364685058594,132.0564422607422,107.47344970703125,270.66595458984375,64.0784683227539,57.509071350097656,213.09754943847656,28.80702781677246,19.449861526489258,307.38787841796875,34.05913543701172,3694.919921875
2020-12-22,128.25885009765625,83.22637176513672,160.3260040283203,25.741418838500977,49.31218338012695,32.3476448059082,67.54888916015625,37.724876403808594,85.30595397949219,220.9173126220703,131.79751586914062,105.83806610107422,265.0103454589844,64.18352508544922,56.5001335144043,214.39002990722656,28.31381607055664,19.074798583984375,306.4091796875,33.48270034790039,3687.260009765625
2020-12-23,127.36414337158203,83.61495971679688,159.2635040283203,26.48166847229004,50.577030181884766,33.21786880493164,68.6138687133789,38.67475891113281,85.70316314697266,226.53541564941406,131.12437438964844,108.79566192626953,266.02239990234375,64.45830535888672,57.83123779296875,211.59449768066406,28.853267669677734,19.574886322021484,308.7688903808594,33.912994384765625,3690.010009765625
2020-12-24,128.3463897705078,83.5987777709961,158.63450622558594,26.402355194091797,50.402286529541016,32.7288932800293,68.32559204101562,38.304073333740234,85.99723052978516,226.2792510986328,131.58177185058594,108.31722259521484,265.31793212890625,64.76539611816406,57.72949981689453,213.250732421875,28.722253799438477,19.324840545654297,311.69580078125,33.77497482299805,3703.06005859375
2020-12-28,132.93682861328125,83.75259399414062,164.197998046875,26.552169799804688,50.86829376220703,32.5713996887207,67.98127746582031,37.79438018798828,87.9709243774414,229.30917358398438,132.203125,109.030517578125,274.8431396484375,65.01591491699219,57.695579528808594,215.36648559570312,28.37546157836914,19.262327194213867,316.4152526855469,33.888641357421875,3735.360107421875
2020-12-29,131.16676330566406,84.76457977294922,166.10000610351562,26.44642448425293,50.68521499633789,32.380794525146484,67.74909210205078,37.58586883544922,87.16755676269531,227.91348266601562,133.0229949951172,108.74346923828125,274.6248474121094,65.79981231689453,57.407318115234375,214.59104919433594,28.55270767211914,19.09265899658203,317.6955871582031,33.50705337524414,3727.0400390625
2020-12-30,130.0483856201172,85.22605895996094,164.29249572753906,26.419986724853516,50.643611907958984,33.159847259521484,68.32559204101562,39.04545211791992,86.10087585449219,229.18548583984375,134.6713104248047,109.04793548583984,269.75311279296875,65.12905883789062,57.51753234863281,212.22637939453125,28.31381607055664,19.53915786743164,315.5371398925781,33.77497482299805,3732.0400390625
2020-12-31,129.04664611816406,86.74812316894531,162.84649658203125,26.71079444885254,51.30931091308594,33.143272399902344,67.6209487915039,38.51258087158203,86.91366577148438,232.9485321044922,135.81910705566406,110.53540802001953,271.0330505371094,66.10693359375,58.1025505065918,212.93482971191406,28.36775779724121,19.494516372680664,320.7413330078125,33.46645736694336,3756.070068359375
2021-01-04,125.85670471191406,85.33940887451172,159.3314971923828,26.464048385620117,50.044464111328125,32.79518127441406,67.8291244506836,38.50485610961914,85.5990219116211,234.08804321289062,135.0596923828125,109.49156188964844,266.845947265625,65.42807006835938,57.93299102783203,208.40650939941406,28.36775779724121,19.60167694091797,319.6621398925781,33.693790435791016,3700.64990234375
2021-01-05,127.4127426147461,86.22184753417969,160.92550659179688,26.666738510131836,51.34259796142578,34.67652893066406,69.66280364990234,41.64023971557617,86.28932189941406,239.32640075683594,136.64755249023438,110.08733367919922,268.8601379394531,65.54122161865234,58.916473388671875,208.6075897216797,28.660594940185547,20.65542984008789,315.3633728027344,35.31758117675781,3726.860107421875
2021-01-06,123.12383270263672,85.4770278930664,156.91900634765625,28.332307815551758,54.29667282104492,36.06060791015625,71.90483093261719,42.52061462402344,85.43785095214844,252.2409210205078,137.93341064453125,115.25658416748047,261.2597961425781,66.57564544677734,62.468929290771484,203.19850158691406,28.41399383544922,21.798494338989258,328.5980224609375,36.21879959106445,3748.139892578125
2021-01-07,127.32525634765625,86.39188385009766,158.10800170898438,28.957996368408203,54.937400817871094,37.04685974121094,72.24114227294922,45.26985549926758,87.9897689819336,257.62945556640625,138.39947509765625,119.04151153564453,266.64752197265625,67.90103149414062,63.53721237182617,208.98095703125,28.560422897338867,22.218210220336914,333.86627197265625,36.50295639038086,3803.7900390625
2021-01-08,128.42417907714844,86.8452377319336,159.13499450683594,28.667177200317383,54.39653015136719,37.04685974121094,72.92974853515625,45.462921142578125,89.15464782714844,256.2425537109375,138.11465454101562,119.17293548583984,265.48663330078125,67.10094451904297,63.800052642822266,210.25421142578125,28.61436653137207,22.1824893951416,332.3663330078125,36.908905029296875,3824.679931640625
2021-01-11,125.43850708007812,88.26205444335938,155.7104949951172,29.14305305480957,55.28691482543945,37.5938720703125,73.34610748291016,46.034393310546875,87.09466552734375,259.55517578125,137.5364532470703,120.9515380859375,254.84014892578125,68.6930160522461,64.48680114746094,208.21505737304688,29.107589721679688,22.316438674926758,329.95166015625,38.02932357788086,3799.610107421875
2021-01-12,125.26345825195312,88.8773193359375,156.04150390625,29.662994384765625,55.47828674316406,39.30117416381836,74.73937225341797,48.21989822387695,86.15937805175781,266.9575500488281,136.46633911132812,122.85271453857422,249.13490295410156,67.14942932128906,64.266357421875,205.76422119140625,28.652896881103516,23.34340476989746,326.8602600097656,38.87370681762695,3801.18994140625
2021-01-13,127.2960433959961,91.03895568847656,158.29449462890625,29.48674774169922,55.63639450073242,38.97795104980469,74.66731262207031,46.69853210449219,86.6463623046875,267.6023864746094,136.25921630859375,122.96663665771484,249.68064880371094,66.5433349609375,64.06287384033203,207.11410522460938,28.406286239624023,22.736160278320312,324.72918701171875,39.3121223449707,3809.840087890625
2021-01-14,125.37044525146484,91.43209838867188,156.37350463867188,29.95381736755371,57.42548751831055,39.67413330078125,76.46092224121094,48.36537551879883,85.83655548095703,271.95733642578125,138.64109802246094,123.68506622314453,243.72735595703125,66.40596008300781,64.83441925048828,203.93569946289062,28.32151985168457,23.182666778564453,320.6042175292969,40.84661865234375,3795.5400390625
2021-01-15,123.64904022216797,90.52293395996094,155.21249389648438,29.090179443359375,53.44789505004883,37.394962310791016,73.73847198486328,45.99528884887695,85.67291259765625,265.89752197265625,138.33908081054688,121.46843719482422,249.40283203125,67.38380432128906,63.791542053222656,203.58145141601562,28.282978057861328,22.24500274658203,321.3084716796875,38.881813049316406,3768.25
2021-01-19,124.32007598876953,91.8825912475586,156.03799438476562,28.87868309020996,52.998538970947266,38.124290466308594,75.67622375488281,46.99771499633789,88.49211883544922,259.8819580078125,140.47930908203125,120.9427261352539,259.06695556640625,67.23025512695312,63.579586029052734,207.20986938476562,28.306100845336914,22.700435638427734,322.12249755859375,39.65312957763672,3798.909912109375
2021-01-20,128.4047393798828,92.24298858642578,163.16900634765625,28.499744415283203,52.63239669799805,37.5938720703125,76.37284088134766,46.78013229370117,93.23292541503906,256.5870361328125,140.13412475585938,119.12911987304688,265.39727783203125,66.64030456542969,63.45242691040039,214.77291870117188,28.128854751586914,22.637928009033203,320.8877258300781,40.21333312988281,3851.85009765625
2021-01-21,133.11187744140625,91.1290512084961,165.34950256347656,27.997425079345703,51.48405838012695,35.7953987121582,73.67442321777344,42.76262664794922,93.43525695800781,255.61532592773438,139.57313537597656,118.13035583496094,270.7453308105469,65.60588073730469,63.33372116088867,215.37608337402344,28.113435745239258,21.60202407836914,324.6925964355469,39.06044387817383,3853.070068359375
2021-01-22,135.25143432617188,90.80142211914062,164.6114959716797,27.80354881286621,51.03470993041992,35.381004333496094,73.45021057128906,42.630531311035156,93.85230255126953,255.63302612304688,141.14381408691406,117.2191390991211,272.3626403808594,65.4442367553711,62.85045623779297,216.3142852783203,28.167388916015625,21.798494338989258,317.8786315917969,38.50835037231445,3841.469970703125
2021-01-25,138.99575805664062,90.50656127929688,164.6999969482422,27.45986557006836,50.39397048950195,35.28983688354492,72.7856216430664,42.894737243652344,93.93760681152344,250.02374267578125,143.24085998535156,115.75599670410156,275.8453063964844,65.58163452148438,61.36673355102539,219.74160766601562,28.729963302612305,21.20017433166504,318.1164245605469,38.078041076660156,3855.360107421875
2021-01-26,139.22915649414062,89.11414337158203,166.30650329589844,27.2659854888916,50.68521499633789,34.54393005371094,71.55250549316406,41.56593322753906,94.6155014038086,248.89303588867188,147.12440490722656,115.28285217285156,279.8537902832031,64.85429382324219,60.374755859375,222.42221069335938,28.753084182739258,20.307157516479492,313.8177490234375,37.241783142089844,3849.6201171875
2021-01-27,138.15936279296875,84.19158172607422,161.62899780273438,26.287792205810547,49.42869567871094,33.69028854370117,70.62366485595703,42.74707794189453,90.20148468017578,241.4463653564453,144.8806610107422,112.02362060546875,270.0210266113281,62.28437042236328,58.00926971435547,222.9678955078125,27.928491592407227,19.476652145385742,304.5616760253906,36.81959533691406,3750.77001953125
2021-01-28,133.32582092285156,85.35464477539062,161.88099670410156,26.7196102142334,50.21088790893555,34.07151412963867,71.28023529052734,41.744667053222656,91.90045166015625,242.93923950195312,145.98524475097656,113.99494934082031,262.93658447265625,62.97129821777344,59.074527740478516,228.74070739746094,27.9362735748291,20.217853546142578,309.2811584472656,37.396053314208984,3787.3798828125
2021-01-29,128.33668518066406,83.93767547607422,160.30999755859375,26.12917137145996,48.666717529296875,33.176414489746094,68.22149658203125,39.599918365478516,90.61903381347656,239.5383758544922,140.78138732910156,112.73328399658203,256.31854248046875,62.28437042236328,57.14004135131836,222.06797790527344,27.96743392944336,19.8338565826416,305.10125732421875,36.405521392822266,3714.239990234375
2021-02-01,130.456787109375,83.79022979736328,167.1439971923828,26.402355194091797,49.03598403930664,33.73999786376953,69.19038391113281,39.887447357177734,93.87760925292969,242.68309020996094,140.4188995361328,113.56562042236328,259.96990966796875,62.518741607666016,57.66839599609375,229.43002319335938,27.889530181884766,19.78920555114746,305.4854431152344,36.47047805786133,3773.860107421875
2021-02-02,131.2834930419922,84.74853515625,169.0,27.345298767089844,50.0010871887207,33.95549011230469,69.7108383178711,39.833045959472656,95.16942596435547,253.49530029296875,139.15892028808594,117.06145477294922,265.0003967285156,62.85006332397461,60.463623046875,229.2960205078125,27.258514404296875,20.101764678955078,309.8025207519531,37.046932220458984,3826.31005859375
2021-02-03,130.2623291015625,87.59886932373047,165.62649536132812,27.829992294311523,51.276710510253906,35.81196975708008,71.23221588134766,43.423160552978516,102.10014343261719,254.8909912109375,138.5116729736328,118.40192413330078,264.57373046875,62.48639678955078,60.16536331176758,232.63720703125,27.14165687561035,21.593093872070312,309.0433654785156,38.50022888183594,3830.169921875
2021-02-04,133.61758422851562,88.89299774169922,166.5500030517578,28.640743255615234,52.3760986328125,36.47501754760742,71.26425170898438,44.65869903564453,101.83979797363281,259.48443603515625,139.79750061035156,121.12677764892578,264.4150390625,61.44388198852539,61.605587005615234,231.68936157226562,27.18061065673828,22.155698776245117,301.20489501953125,39.23905944824219,3871.739990234375
2021-02-05,133.20359802246094,89.05681610107422,167.6074981689453,28.526182174682617,52.51877212524414,36.81481170654297,71.47244262695312,43.99042510986328,103.58536529541016,259.26361083984375,141.92050170898438,120.89019012451172,266.0124816894531,61.25801467895508,62.39811325073242,231.87127685546875,27.203975677490234,22.334304809570312,296.8055419921875,40.5543327331543,3886.830078125
2021-02-08,133.34976196289062,87.5087890625,166.14700317382812,29.16068458557129,53.416744232177734,38.77075958251953,73.25003814697266,46.166236877441406,103.37162780761719,265.1378479003906,142.32614135742188,122.78266143798828,264.5043029785156,60.64381790161133,63.25883102416992,232.12977600097656,27.126070022583008,23.20945930480957,296.650146484375,42.29991149902344,3915.590087890625
2021-02-09,132.47312927246094,86.32933044433594,165.25,29.037309646606445,52.971946716308594,38.853633880615234,72.83365631103516,45.24150466918945,102.91886901855469,265.4117126464844,143.4912109375,122.2920150756836,267.3519592285156,60.64381790161133,63.267364501953125,233.37435913085938,27.242929458618164,23.218385696411133,301.4884338378906,41.804500579833984,3911.22998046875
2021-02-10,131.8692626953125,85.22359466552734,164.32899475097656,29.063743591308594,53.39155960083008,39.1602783203125,74.08277893066406,46.78789520263672,103.46883392333984,268.7861633300781,143.9572296142578,122.36209869384766,269.75311279296875,60.522586822509766,63.34407043457031,232.46482849121094,27.063749313354492,23.77205467224121,304.9366149902344,42.209083557128906,3909.8798828125
2021-02-11,131.6160125732422,84.97787475585938,163.10650634765625,28.975618362426758,53.03908920288086,38.842445373535156,73.68244171142578,46.344966888427734,103.5813980102539,267.0547790527344,143.3099365234375,122.02037811279297,268.2846984863281,60.40138244628906,62.82421875,234.0636444091797,26.822250366210938,23.54880142211914,304.634765625,41.15221405029297,3916.3798828125
2021-02-12,131.84979248046875,85.54302215576172,163.885498046875,29.40743064880371,53.39995574951172,39.44465637207031,74.10680389404297,47.41733932495117,103.89282989501953,270.5881042480469,143.7587432861328,123.7551498413086,268.3937683105469,60.61149215698242,63.58267593383789,234.5423583984375,27.048175811767578,23.906005859375,300.21722412109375,41.71368408203125,3934.830078125
2021-02-16,129.72647094726562,85.3464584350586,163.44749450683594,30.2005558013916,53.811180114746094,40.85817337036133,75.62529754638672,49.033660888671875,104.66991424560547,275.57025146484375,142.45559692382812,126.73404693603516,271.8367614746094,60.0053825378418,64.80986022949219,233.30735778808594,27.024795532226562,24.054046630859375,296.9061584472656,42.968719482421875,3932.590087890625
2021-02-17,127.43756103515625,87.05830383300781,165.4320068359375,30.323928833007812,54.34828186035156,41.28474426269531,77.89090728759766,49.37557601928711,105.06265258789062,276.25927734375,142.96473693847656,127.12830352783203,271.43994140625,61.04789733886719,64.29853057861328,234.32444763183594,27.18061065673828,24.107879638671875,298.95501708984375,43.63751983642578,3931.330078125
2021-02-18,126.33698272705078,86.86992645263672,166.4114990234375,30.13006019592285,53.27407455444336,39.88795852661133,77.14384460449219,47.06765365600586,104.4273910522461,273.75054931640625,143.03379821777344,127.5576171875,267.2923889160156,60.94282150268555,63.77016830444336,233.93101501464844,26.92352867126465,22.95048713684082,300.3726806640625,42.95220947265625,3913.969970703125
2021-02-19,126.49283599853516,86.00989532470703,162.4949951171875,30.438493728637695,55.20429229736328,40.49851989746094,77.7934799194336,48.57518768310547,103.58436584472656,278.80328369140625,140.65188598632812,129.6866455078125,259.52337646484375,60.05386734008789,64.76722717285156,231.22509765625,26.830039978027344,23.434978485107422,296.8696594238281,43.2411994934082,3906.7099609375
2021-02-22,122.72343444824219,87.68899536132812,159.03700256347656,30.976062774658203,54.986083984375,42.556068420410156,79.89663696289062,51.36489486694336,101.87103271484375,279.907470703125,140.56507873535156,130.90452575683594,258.3029479980469,60.5549201965332,65.9603042602539,225.02633666992188,26.6898136138916,24.709007263183594,299.6684265136719,44.834774017333984,3876.5
2021-02-23,122.58708190917969,87.04191589355469,159.72500610351562,31.30213165283203,56.00994110107422,43.576480865478516,80.9035873413086,52.72477722167969,102.16162109375,281.9745178222656,139.32330322265625,131.9558563232422,263.7898864746094,60.23973846435547,66.04553985595703,223.8364715576172,26.417146682739258,24.888446807861328,301.3788146972656,45.45403289794922,3881.3701171875
2021-02-24,122.09034729003906,89.0240707397461,157.97650146484375,32.06000518798828,57.57090759277344,45.72602081298828,83.89189910888672,56.2371826171875,103.33641815185547,292.0712585449219,141.19032287597656,134.2776336669922,262.251953125,60.26397705078125,68.07377624511719,225.06472778320312,26.292505264282227,26.386777877807617,303.8482360839844,46.81641387939453,3925.429931640625
2021-02-25,117.84371948242188,87.9101333618164,152.85800170898438,31.66344451904297,56.57223892211914,44.354331970214844,83.11233520507812,54.85396957397461,99.97124481201172,289.52716064453125,141.33795166015625,132.4552764892578,252.7069091796875,60.30439376831055,66.83808135986328,219.72958374023438,26.3470401763916,25.579294204711914,300.7933654785156,46.04026794433594,3829.340087890625
2021-02-26,118.1067123413086,88.24594116210938,154.64649963378906,30.58831787109375,55.28821563720703,43.50120162963867,81.20403289794922,50.168190002441406,100.26679229736328,282.21307373046875,137.6038818359375,128.9419403076172,255.6140899658203,58.68808364868164,65.50865173339844,222.98248291015625,26.089962005615234,25.040969848632812,303.857421875,44.8925666809082,3811.14990234375
2021-03-01,124.4668960571289,88.79473114013672,157.3070068359375,31.540069580078125,58.35979080200195,44.00304412841797,82.86872863769531,50.49456787109375,102.63473510742188,292.58001708984375,138.35072326660156,131.85951232910156,262.84735107421875,58.49412536621094,67.4601821899414,227.3581085205078,26.245765686035156,25.76770782470703,306.08001708984375,46.5687141418457,3901.820068359375
2021-03-02,121.86632537841797,88.33602142333984,154.72650146484375,31.310943603515625,57.8310661315918,43.72703170776367,83.18543243408203,50.09825897216797,102.37786102294922,293.48455810546875,138.09019470214844,131.43017578125,256.98333740234375,58.87397003173828,68.84928131103516,224.41221618652344,26.105533599853516,25.24732780456543,306.07086181640625,46.29623794555664,3870.2900390625
2021-03-03,118.88591003417969,87.40229797363281,150.25,32.095252990722656,59.06472396850586,44.88125991821289,84.1192626953125,52.056495666503906,99.74610137939453,296.5795593261719,135.6587371826172,133.97100830078125,253.4213104248047,59.237632751464844,69.93157196044922,218.35740661621094,26.791086196899414,25.453689575195312,304.4518737792969,46.66779708862305,3819.719970703125
2021-03-04,117.00608825683594,86.53409576416016,148.8784942626953,32.32551574707031,58.58637619018555,46.5206184387207,84.85822296142578,55.50673294067383,100.86288452148438,292.0213317871094,132.92332458496094,131.9120330810547,255.63389587402344,58.32442092895508,69.12198638916016,217.56094360351562,26.64307403564453,25.64209747314453,305.31170654296875,48.47604751586914,3768.469970703125
2021-03-05,118.26254272460938,87.39410400390625,150.0229949951172,32.70634460449219,58.93885040283203,48.79561996459961,88.51239013671875,57.95451736450195,103.99398803710938,290.3185729980469,135.5544891357422,132.21871948242188,262.22216796875,59.100223541259766,68.91746520996094,222.23399353027344,26.791086196899414,26.081729888916016,317.4670104980469,50.309078216552734,3841.93994140625
2021-03-08,113.3341293334961,86.91085815429688,147.59750366210938,32.88346862792969,60.60891342163086,49.16362762451172,89.12144470214844,57.96228790283203,99.55220031738281,296.36669921875,136.68338012695312,133.97100830078125,253.3220672607422,59.940711975097656,69.11345672607422,218.19422912597656,26.759929656982422,26.655933380126953,320.27496337890625,50.259525299072266,3821.35009765625
2021-03-09,117.94111633300781,87.46784210205078,153.1425018310547,32.16611099243164,59.5766487121582,48.427616119384766,88.91841125488281,57.200748443603516,101.18173217773438,293.17413330078125,136.9438934326172,133.02476501464844,263.6708679199219,59.91648483276367,68.90042114257812,224.3258514404297,26.83782958984375,26.332944869995117,321.930419921875,49.48337936401367,3875.43994140625
2021-03-10,116.85999298095703,88.45890045166016,152.8820037841797,33.09602355957031,61.89292526245117,49.69893264770508,90.43695068359375,58.36636734008789,100.97494506835938,303.31048583984375,138.20306396484375,135.9160614013672,262.8373718261719,60.41754150390625,70.80933380126953,223.02081298828125,27.21177101135254,26.871267318725586,319.75360107421875,51.002647399902344,3898.81005859375
2021-03-11,118.7884750366211,88.35242462158203,155.67950439453125,32.98088455200195,61.52366638183594,50.04185485839844,90.290771484375,58.52178955078125,104.16606903076172,303.3814392089844,138.19436645507812,135.2063751220703,271.74749755859375,60.31246566772461,70.94568634033203,227.54039001464844,27.040380477905273,26.3778076171875,322.9548034667969,50.62283706665039,3939.340087890625
2021-03-12,117.88268280029297,88.63908386230469,154.47450256347656,33.600830078125,63.093017578125,49.50655746459961,90.59121704101562,58.2808837890625,101.65978240966797,309.33203125,138.59384155273438,136.8096923828125,266.3101806640625,60.817928314208984,71.87457275390625,226.2161865234375,27.219560623168945,26.027894973754883,326.78228759765625,51.167789459228516,3943.340087890625
2021-03-15,120.7657241821289,90.30999755859375,154.08399963378906,33.43255615234375,62.287353515625,48.64506530761719,89.5274429321289,57.783573150634766,101.87996673583984,306.88446044921875,139.305908203125,136.1262969970703,271.6184997558594,62.14677429199219,71.46552276611328,225.31417846679688,27.585708618164062,26.126590728759766,324.818115234375,49.86320114135742,3968.93994140625
2021-03-16,122.30461883544922,90.78501892089844,154.59300231933594,33.33513641357422,61.54045486450195,47.32355499267578,87.40802764892578,54.90060806274414,103.34039306640625,303.0356750488281,140.130859375,134.4966583251953,277.1054382324219,62.619632720947266,70.34062194824219,228.09690856933594,27.91290283203125,25.175546646118164,325.47894287109375,48.80631637573242,3962.7099609375
2021-03-17,121.51570892333984,86.03447723388672,156.7864990234375,33.60968780517578,61.76703643798828,47.53266143798828,87.72472381591797,56.8743896484375,103.25757598876953,305.908935546875,139.60984802246094,135.88096618652344,281.7986145019531,63.01911926269531,71.46552276611328,227.4540252685547,27.881744384765625,25.39985466003418,323.25775146484375,49.020999908447266,3974.1201171875
2021-03-18,117.39569091796875,84.9942626953125,151.39950561523438,34.4864616394043,61.968441009521484,44.647064208984375,84.54963684082031,53.54072952270508,100.238525390625,308.6137390136719,139.3493194580078,138.12388610839844,276.4505310058594,62.99467468261719,71.5337142944336,221.3896026611328,27.866159439086914,24.448816299438477,332.3171691894531,46.90724563598633,3915.4599609375
2021-03-19,116.86972045898438,84.70757293701172,153.7480010986328,34.12334442138672,61.27190399169922,43.99468231201172,83.94872283935547,54.45766067504883,100.51722717285156,305.2437744140625,138.97592163085938,135.9247589111328,287.85107421875,63.1903076171875,70.68151092529297,221.0345916748047,27.67919158935547,24.269376754760742,335.5572814941406,46.64301681518555,3913.10009765625
2021-03-22,120.18131256103516,86.7388687133789,155.5435028076172,33.352848052978516,60.39072036743164,43.69357681274414,83.26660919189453,53.02008056640625,100.70218658447266,300.9249572753906,139.37538146972656,132.27127075195312,291.25439453125,63.1903076171875,69.812255859375,226.44651794433594,28.04533576965332,24.807697296142578,336.7321472167969,46.164127349853516,3940.590087890625
2021-03-23,119.35343170166016,85.87065124511719,156.875,32.67977523803711,59.509521484375,43.25027847290039,82.80375671386719,54.12352752685547,101.2298355102539,294.22064208984375,139.24513244628906,130.94827270507812,288.3670654296875,62.17939376831055,67.42610931396484,227.97216796875,27.546754837036133,23.92844009399414,338.2374267578125,45.59440231323242,3910.52001953125
2021-03-24,116.96712493896484,84.4127197265625,154.35350036621094,32.67977523803711,58.812950134277344,44.50489044189453,85.02062225341797,56.36927795410156,100.79344177246094,291.45367431640625,140.59979248046875,131.96463012695312,279.94317626953125,62.15495681762695,67.60506439208984,225.9379425048828,27.741514205932617,24.60133934020996,340.1650390625,46.5191764831543,3889.139892578125
2021-03-25,117.45410919189453,85.0843505859375,152.31300354003906,33.352848052978516,60.18928909301758,44.80598831176758,85.32109069824219,56.757816314697266,100.78997039794922,293.1387023925781,140.6519012451172,133.65560913085938,276.5696105957031,62.01634979248047,68.28681945800781,222.94406127929688,27.788259506225586,24.583396911621094,340.6147155761719,46.387062072753906,3909.52001953125
2021-03-26,118.05799865722656,86.80438232421875,152.60150146484375,34.256202697753906,61.280277252197266,46.035499572753906,87.27809143066406,58.18764877319336,100.4066390991211,290.3363342285156,143.22225952148438,135.88096618652344,280.8162536621094,63.09247589111328,68.15899658203125,226.9166259765625,28.240095138549805,25.39985466003418,345.5621337890625,47.65036392211914,3974.5400390625
2021-03-29,118.23331451416016,87.41868591308594,153.7864990234375,33.92852020263672,60.071807861328125,45.031822204589844,86.82335662841797,57.22407531738281,101.45101165771484,288.8642272949219,144.18624877929688,133.76947021484375,288.5555419921875,63.83436584472656,66.36937713623047,225.72682189941406,28.52834701538086,24.85256004333496,347.93023681640625,47.3943977355957,3971.090087890625
2021-03-30,116.78205871582031,87.46784210205078,152.76449584960938,34.53074264526367,61.229923248291016,44.68890380859375,86.01944732666016,56.928775787353516,101.4847412109375,294.4334716796875,143.2917938232422,135.3465118408203,285.75750732421875,62.741920471191406,67.4005355834961,222.47390747070312,28.131038665771484,24.421897888183594,342.88189697265625,46.80816650390625,3958.550048828125
2021-03-31,118.97354888916016,88.63908386230469,154.70399475097656,34.26505661010742,61.053688049316406,44.30415344238281,85.09371948242188,56.361515045166016,102.28065490722656,289.9905700683594,142.71865844726562,133.37521362304688,292.2366943359375,62.847896575927734,66.18187713623047,226.23533630371094,28.224515914916992,24.394981384277344,341.5142822265625,46.09807586669922,3972.889892578125
2021-04-01,119.80145263671875,88.88481140136719,158.0500030517578,34.97356033325195,61.38099670410156,45.182373046875,85.87327575683594,58.54511260986328,105.61608123779297,290.55810546875,141.39871215820312,134.67193603515625,296.33453369140625,62.847896575927734,66.65913391113281,232.54930114746094,28.279054641723633,25.21143913269043,336.92486572265625,47.38614273071289,4019.8701171875
2021-04-05,122.62602996826172,86.93544006347656,161.3365020751953,35.24810028076172,61.053688049316406,43.66848373413086,84.8663330078125,55.78647232055664,110.03852844238281,286.9219970703125,141.9197540283203,135.3857879638672,306.5047302246094,62.774532318115234,66.47163391113281,238.99752807617188,28.26346778869629,24.717971801757812,339.7795104980469,46.65127944946289,4077.909912109375
2021-04-06,122.92798614501953,86.31294250488281,161.1909942626953,35.15068054199219,60.92781066894531,43.97795867919922,84.11114501953125,56.18278884887695,109.55750274658203,290.0437316894531,141.88502502441406,134.43397521972656,303.8753662109375,61.7880744934082,67.4005355834961,237.83642578125,28.08429718017578,24.619287490844727,334.44671630859375,46.5191764831543,4073.93994140625
2021-04-07,124.57404327392578,86.17372131347656,163.96949768066406,35.469512939453125,61.003353118896484,43.81067657470703,84.60650634765625,56.95985412597656,111.03379821777344,289.5914611816406,142.0760955810547,136.54025268554688,310.65216064453125,62.057106018066406,67.3579330444336,239.79396057128906,27.9752197265625,24.53853988647461,335.6123046875,46.72559356689453,4079.949951171875
2021-04-08,126.97007751464844,86.90267944335938,164.96499633789062,35.15953826904297,60.70121765136719,42.857181549072266,83.6563949584961,56.097312927246094,111.59913635253906,293.6618957519531,141.52024841308594,136.70773315429688,310.5827331542969,61.54348373413086,68.34648895263672,243.00848388671875,28.014177322387695,24.278348922729492,334.9239196777344,46.238441467285156,4097.169921875
2021-04-09,129.5414276123047,88.0821304321289,168.61000061035156,35.41637420654297,60.776737213134766,42.848812103271484,83.57520294189453,55.77092361450195,112.60283660888672,293.36932373046875,140.02667236328125,137.7300262451172,310.0270690917969,62.21200942993164,68.78964233398438,245.50331115722656,28.51276397705078,24.009191513061523,345.3968811035156,46.131099700927734,4128.7998046875
2021-04-12,127.8271713256836,88.6636734008789,168.96949768066406,35.47836685180664,61.003353118896484,42.53934097290039,82.64945983886719,54.47319793701172,111.31101989746094,294.28265380859375,140.36532592773438,137.43919372558594,309.1142578125,62.13863754272461,68.3294448852539,245.56089782714844,28.801008224487305,23.811803817749023,345.3785095214844,45.825592041015625,4127.990234375
2021-04-13,130.9342041015625,88.63908386230469,170.0,34.8230094909668,60.47463607788086,42.48078536987305,83.02302551269531,54.706329345703125,111.79749298095703,290.5935363769531,138.4896697998047,135.7999725341797,307.34808349609375,62.30983352661133,67.77549743652344,248.03656005859375,28.94902229309082,23.36319923400879,343.74468994140625,45.998985290527344,4141.58984375
2021-04-14,128.59666442871094,87.79348754882812,166.64999389648438,35.31895065307617,61.18796920776367,44.0699577331543,84.67146301269531,57.59708023071289,111.17662048339844,297.39544677734375,138.87171936035156,133.26185607910156,300.4621276855469,62.28539276123047,68.84928131103516,245.2538299560547,28.956809997558594,24.502649307250977,344.7818298339844,47.328346252441406,4124.66015625
2021-04-15,131.00242614746094,88.61421966552734,168.95449829101562,34.309329986572266,60.87747573852539,43.40919494628906,83.98120880126953,56.9117431640625,113.32585906982422,300.2332763671875,139.27984619140625,134.1078643798828,305.4231872558594,62.497337341308594,68.87481689453125,249.00572204589844,29.291791915893555,23.919466018676758,357.9809875488281,47.047607421875,4170.419921875
2021-04-16,130.67124938964844,89.45983123779297,169.9720001220703,34.672447204589844,60.80193328857422,42.731719970703125,83.60767364501953,55.09881591796875,113.2018814086914,303.5677185058594,140.88636779785156,135.10379028320312,303.7959289550781,63.157684326171875,66.97443389892578,250.19554138183594,30.047466278076172,23.587499618530273,358.89892578125,46.783390045166016,4185.47021484375
2021-04-19,131.3335418701172,90.0401382446289,168.60049438476562,34.69015121459961,60.53337478637695,42.56443405151367,83.85128784179688,55.70833969116211,113.54950714111328,304.25946044921875,141.2771453857422,134.53091430664062,299.8866271972656,63.312591552734375,68.20160675048828,248.27645874023438,30.327909469604492,23.802833557128906,357.82489013671875,46.634765625,4163.259765625
2021-04-20,129.64859008789062,90.38832092285156,166.7344970703125,33.72481918334961,58.56958770751953,40.6909065246582,82.2840576171875,53.58283996582031,113.01641845703125,294.3181457519531,144.5683135986328,131.55206298828125,300.29345703125,64.05448913574219,65.8665771484375,247.8158416748047,30.40581703186035,22.65441131591797,363.9655456542969,45.65219497680664,4134.93994140625
2021-04-21,130.02842712402344,91.85569763183594,168.1009979248047,34.29161834716797,59.29132080078125,41.85349655151367,83.42091369628906,53.88760757446289,112.98369598388672,297.32452392578125,144.663818359375,132.67132568359375,299.1226806640625,64.59253692626953,67.5368881225586,250.04200744628906,30.795337677001953,23.085063934326172,366.0581970214844,46.238441467285156,4173.419921875
2021-04-22,128.50900268554688,91.23392486572266,165.45199584960938,33.97279357910156,58.58637619018555,41.368385314941406,81.97545623779297,53.41092300415039,111.70277404785156,293.4046936035156,143.43942260742188,129.87762451171875,294.2111511230469,63.55717086791992,66.7187728881836,246.7699432373047,30.10199737548828,22.65441131591797,363.9747314453125,45.635684967041016,4134.97998046875
2021-04-23,130.8270721435547,92.33653259277344,167.04400634765625,34.699012756347656,59.903961181640625,41.585838317871094,82.46271514892578,53.96574020385742,114.0538330078125,300.9427185058594,143.7346954345703,132.36294555664062,298.78533935546875,63.4919548034668,68.98563385009766,250.58901977539062,30.117576599121094,23.067121505737305,367.4350280761719,45.883392333984375,4180.169921875
2021-04-26,131.21670532226562,92.3448257446289,170.4499969482422,34.9027099609375,60.59212875366211,42.029136657714844,82.43833923339844,54.56745147705078,114.54975128173828,304.64080810546875,142.5189208984375,132.68898010253906,300.6804504394531,63.206626892089844,69.47138214111328,250.97283935546875,30.133163452148438,23.659276962280273,363.3505554199219,45.974220275878906,4187.6201171875
2021-04-27,130.895263671875,92.38627624511719,170.8715057373047,35.31895065307617,61.25510025024414,42.907352447509766,83.39653778076172,56.013099670410156,113.6100082397461,307.39874267578125,141.70262145996094,133.29708862304688,301.206298828125,63.068023681640625,69.84635162353516,251.3758544921875,29.95398712158203,23.48880958557129,362.10223388671875,46.57697296142578,4186.72021484375
2021-04-28,130.10633850097656,92.79249572753906,172.9250030517578,35.45179748535156,61.18796920776367,44.36269760131836,85.44288635253906,58.59183120727539,116.98512268066406,308.71124267578125,140.6605987548828,134.16075134277344,304.708740234375,62.847896575927734,70.50254821777344,244.26547241210938,30.234437942504883,24.54750633239746,362.1848449707031,47.98064041137695,4183.18017578125
2021-04-29,130.00892639160156,91.93031311035156,173.5655059814453,36.40827941894531,61.968441009521484,44.43797302246094,86.80712127685547,59.33417510986328,118.65729522705078,313.0212097167969,142.58839416503906,136.76942443847656,326.9443054199219,60.067893981933594,71.58087158203125,242.29840087890625,30.07082748413086,24.960222244262695,368.5732421875,48.665950775146484,4211.47021484375
2021-04-30,128.0414581298828,92.43600463867188,173.37100219726562,35.894615173339844,60.2022705078125,42.77354049682617,83.6969985961914,57.544715881347656,116.71038055419922,309.0128173828125,141.3118438720703,135.55319213867188,322.548828125,60.73639678955078,70.64803314208984,241.981689453125,30.109785079956055,24.269376754760742,366.049072265625,47.26228332519531,4181.169921875
2021-05-03,129.09336853027344,95.07231903076172,169.32449340820312,35.921180725097656,60.599449157714844,44.11176681518555,85.69463348388672,59.365447998046875,116.19365692138672,310.5292663574219,143.46546936035156,135.15660095214844,320.06829833984375,61.942970275878906,70.57101440429688,241.6746368408203,31.0290584564209,25.319107055664062,372.56597900390625,48.566871643066406,4192.66015625
2021-05-04,124.52529907226562,94.4256820678711,165.593505859375,36.31085968017578,61.123390197753906,43.96958923339844,86.16561126708984,58.615257263183594,114.39602661132812,310.2454833984375,145.6885223388672,137.0249786376953,315.881103515625,61.951141357421875,70.72505187988281,237.769287109375,31.122533798217773,25.47162628173828,377.5592956542969,48.87238311767578,4164.66015625
2021-05-05,124.76884460449219,95.98424530029297,163.52699279785156,36.6562614440918,62.28956604003906,46.37006378173828,88.47992706298828,59.94370651245117,114.7897720336914,317.1449890136719,145.0806427001953,138.82284545898438,312.5671691894531,63.345211029052734,72.32545471191406,236.5026397705078,31.13811492919922,27.221179962158203,378.6240234375,50.34210205078125,4167.58984375
2021-05-06,126.36615753173828,96.2329330444336,165.31849670410156,37.205345153808594,63.19378662109375,46.587520599365234,88.52863311767578,60.154693603515625,115.90950012207031,324.5498962402344,145.66250610351562,141.61656188964844,317.5281677246094,63.410438537597656,74.31095123291016,239.6308135986328,30.831300735473633,27.571088790893555,380.8912048339844,50.82099533081055,4201.6201171875
2021-05-07,127.03939056396484,95.95935821533203,164.58050537109375,37.35590362548828,63.44731521606445,47.758487701416016,89.3406753540039,64.93704986572266,116.63253784179688,328.9130554199219,146.3224639892578,142.10128784179688,316.59552001953125,63.92404556274414,75.05551147460938,242.25042724609375,31.138118743896484,28.61184310913086,383.3511047363281,51.5475959777832,4232.60009765625
2021-05-10,123.76119232177734,96.34900665283203,159.52450561523438,37.240779876708984,63.48957061767578,47.674842834472656,88.97526550292969,66.07013702392578,113.64820861816406,326.95318603515625,147.85952758789062,142.08363342285156,303.5876159667969,63.72838592529297,74.00286102294922,237.1839141845703,31.358396530151367,28.378568649291992,386.32501220703125,51.67146301269531,4188.43017578125
2021-05-11,122.84410858154297,95.24639129638672,161.19549560546875,36.815670013427734,63.26985168457031,46.60425567626953,86.64470672607422,64.1868896484375,112.57257843017578,319.1846923828125,146.65245056152344,139.72177124023438,304.14324951171875,63.14955520629883,72.67633819580078,236.27236938476562,30.95717430114746,28.046606063842773,377.8896789550781,50.02833938598633,4152.10009765625
2021-05-12,119.78054809570312,95.30443572998047,157.5970001220703,36.47027587890625,62.7290153503418,46.57916259765625,87.18877410888672,63.57735824584961,109.11070251464844,314.2893371582031,146.06192016601562,138.76112365722656,300.1942138671875,63.58979797363281,71.61511993408203,229.3347625732422,31.224651336669922,28.800256729125977,372.0795593261719,50.29640579223633,4063.0400390625
2021-05-13,121.9269790649414,96.66402435302734,158.07350158691406,37.05479049682617,63.62477111816406,45.719390869140625,86.62847900390625,62.18640899658203,110.53839874267578,318.20025634765625,147.59030151367188,142.33042907714844,302.8831787109375,64.1523208618164,72.62496185302734,233.20176696777344,31.547199249267578,28.495206832885742,375.0075378417969,49.6765022277832,4112.5
2021-05-14,124.3465805053711,96.52308654785156,161.14500427246094,37.51531982421875,64.69800567626953,47.641231536865234,88.89407348632812,64.54634094238281,112.98517608642578,327.032958984375,147.81607055664062,144.5425262451172,313.47998046875,63.82622528076172,74.75596618652344,238.11471557617188,31.484270095825195,29.437267303466797,376.1458435058594,50.907936096191406,4173.85009765625
2021-05-17,123.19532775878906,96.90447235107422,163.51950073242188,37.85186004638672,65.42475891113281,49.141597747802734,89.98219299316406,66.49993133544922,113.50785827636719,327.4587097167969,147.9636993408203,145.12417602539062,313.00372314453125,65.11431121826172,75.38927459716797,235.26480102539062,31.555076599121094,30.5498046875,375.07177734375,52.097496032714844,4163.2900390625
2021-05-18,121.80990600585938,97.16974639892578,161.61399841308594,37.33818817138672,64.74871826171875,48.29026794433594,87.27788543701172,64.83548736572266,112.19620513916016,323.2994384765625,148.01576232910156,143.07952880859375,307.5465087890625,64.71484375,74.43075561523438,233.249755859375,31.507875442504883,29.670547485351562,376.67803955078125,50.62311553955078,4127.830078125
2021-05-19,121.65380096435547,96.0422592163086,161.58999633789062,37.16992950439453,64.61351013183594,46.848880767822266,84.828369140625,62.93659591674805,112.64398956298828,317.8189697265625,147.69451904296875,141.98672485351562,311.14825439453125,64.69851684570312,73.6434097290039,233.82676696777344,31.334796905517578,28.71053695678711,375.8703308105469,49.40843200683594,4115.68017578125
2021-05-20,124.20999145507812,97.08683013916016,162.38400268554688,37.08135986328125,64.39378356933594,46.68873596191406,85.1242904663086,62.92094802856445,114.40196990966797,319.0604248046875,148.55419921875,141.73995971679688,316.1291809082031,64.94310760498047,74.00286102294922,237.05836486816406,31.562944412231445,28.504182815551758,375.08099365234375,49.29114532470703,4159.1201171875
2021-05-21,122.37578582763672,96.2660903930664,160.1540069580078,37.55073928833008,65.6191177368164,46.90789031982422,85.58458709716797,62.56930923461914,113.76622772216797,324.80712890625,148.4586639404297,143.35275268554688,313.7677307128906,64.55178833007812,75.60321807861328,235.79843139648438,31.4292049407959,28.665678024291992,377.8254699707031,49.3581657409668,4155.85986328125
2021-05-24,124.00509643554688,96.09201049804688,162.24949645996094,37.75444030761719,65.94023895263672,47.28720474243164,86.80111694335938,62.624019622802734,117.08430480957031,326.6072692871094,149.02662658691406,144.12826538085938,322.1022644042969,64.42950439453125,76.75859832763672,241.19403076171875,31.319059371948242,28.441377639770508,377.20135498046875,49.936180114746094,4197.0498046875
2021-05-25,123.80998992919922,94.97281646728516,162.95249938964844,37.205345153808594,65.30646514892578,46.25885772705078,85.37909698486328,61.483131408691406,117.175048828125,323.2550964355469,148.61593627929688,142.63888549804688,325.2377014160156,63.182151794433594,76.04826354980469,242.0980682373047,30.941442489624023,28.02865982055664,379.1288757324219,48.80527877807617,4188.1298828125
2021-05-26,123.76119232177734,95.08888244628906,163.25799560546875,37.23191452026367,65.50926208496094,46.71402359008789,85.58458709716797,62.20204162597656,118.03990173339844,325.81805419921875,147.7333984375,142.62130737304688,325.1087646484375,62.96204376220703,76.46761322021484,241.8768768310547,30.618885040283203,28.306793212890625,379.27569580078125,49.374916076660156,4195.990234375
2021-05-27,122.22942352294922,93.11580657958984,161.5054931640625,37.6835823059082,66.5571517944336,46.80674362182617,84.67220306396484,62.77250289916992,117.1656265258789,329.3387451171875,147.5062255859375,144.8421630859375,330.1590881347656,61.89405822753906,77.2806396484375,239.7802276611328,30.40647315979004,28.118383407592773,378.8076171875,49.05658721923828,4200.8798828125
2021-05-28,121.57574462890625,93.8453369140625,161.15350341796875,37.54188919067383,66.51488494873047,46.98374938964844,85.3133544921875,62.78030014038086,116.87651062011719,331.0293273925781,147.89068603515625,144.74522399902344,326.17041015625,61.869598388671875,77.83692932128906,240.13604736328125,30.46941566467285,28.109405517578125,378.09161376953125,48.897422790527344,4204.10986328125
2021-06-01,121.2537841796875,93.02462005615234,160.9324951171875,38.01126480102539,67.40221405029297,49.1163215637207,87.66421508789062,66.10140991210938,118.08304595947266,340.30126953125,144.64013671875,146.34036254882812,326.5672607421875,61.290771484375,78.8296890258789,237.94320678710938,30.28846549987793,29.663291931152344,373.3186950683594,50.64824676513672,4202.0400390625
2021-06-02,122.01477813720703,92.35311889648438,161.69949340820312,38.02899169921875,67.48670959472656,49.723209381103516,88.83964538574219,66.63274383544922,117.5578842163086,341.1910095214844,145.2255859375,146.34915161132812,326.5871276855469,61.85329055786133,79.385986328125,237.84701538085938,30.516616821289062,31.94230842590332,372.5201416015625,51.05035400390625,4208.1201171875
2021-06-03,120.53179931640625,93.02462005615234,159.35049438476562,38.46476745605469,67.29234313964844,50.127811431884766,88.43688201904297,67.8361587524414,116.41682434082031,345.8893737792969,145.08580017089844,146.4461212158203,323.5013427734375,63.147666931152344,79.8908920288086,236.31784057617188,30.658218383789062,32.89716339111328,374.4568176269531,51.25140380859375,4192.85009765625
2021-06-04,122.8245849609375,93.14897918701172,160.31100463867188,38.48255920410156,67.17404174804688,50.4481086730957,89.1437759399414,68.3441162109375,118.69745635986328,348.3185729980469,145.02462768554688,146.68408203125,327.7778015136719,63.318546295166016,80.41295623779297,241.20367431640625,30.799835205078125,32.807064056396484,372.3273620605469,51.477577209472656,4229.89013671875
2021-06-07,122.83432006835938,93.6878433227539,159.90049743652344,38.34915542602539,67.02193450927734,50.414398193359375,88.5683822631836,68.00808715820312,119.1303939819336,345.3910217285156,144.03721618652344,145.99664306640625,333.959228515625,62.199310302734375,79.77107238769531,244.10816955566406,30.673959732055664,32.275611877441406,367.3800354003906,51.14249038696289,4226.52001953125
2021-06-08,123.65387725830078,93.13237762451172,163.20550537109375,38.13570785522461,66.82756805419922,50.970703125,89.37393951416016,68.28939056396484,118.93897247314453,342.312255859375,142.7702178955078,145.41500854492188,331.08184814453125,61.857540130615234,79.41163635253906,242.91561889648438,30.563825607299805,32.338661193847656,368.7476501464844,52.047237396240234,4227.259765625
2021-06-09,124.03437805175781,94.5085678100586,164.0574951171875,37.63766860961914,66.03318786621094,50.30481719970703,88.59305572509766,67.05474090576172,119.41008758544922,340.60382080078125,144.69256591796875,143.59951782226562,327.6785888671875,63.25872039794922,79.30895233154297,243.89659118652344,31.319059371948242,32.21255111694336,368.16021728515625,52.48283767700195,4219.5498046875
2021-06-10,123.03922271728516,96.36559295654297,167.4824981689453,37.07736587524414,64.97688293457031,50.71784210205078,89.11089324951172,67.33605194091797,120.75843811035156,332.7379150390625,145.9945526123047,141.3609619140625,329.87127685546875,65.05294036865234,78.46167755126953,247.40708923339844,32.003501892089844,31.473892211914062,368.51824951171875,52.56660461425781,4239.18017578125
2021-06-11,124.24901580810547,95.6857681274414,167.3415069580078,37.228553771972656,64.63040924072266,50.54926300048828,88.69990539550781,66.76560974121094,120.51396179199219,336.39501953125,144.14215087890625,141.26406860351562,328.6806640625,65.16400146484375,78.77835083007812,248.03221130371094,31.5865421295166,31.428852081298828,365.21380615234375,52.08074188232422,4247.43994140625
2021-06-14,127.30280303955078,95.66920471191406,169.19349670410156,36.78388214111328,63.514930725097656,50.835853576660156,88.74922180175781,66.31239318847656,121.44178771972656,331.83026123046875,144.5003662109375,138.86692810058594,334.1477355957031,65.01750946044922,77.64009857177734,249.95582580566406,31.17745018005371,30.672178268432617,366.3794860839844,51.99696731567383,4255.14990234375
2021-06-15,126.48324584960938,96.02568817138672,169.156494140625,36.8105583190918,62.38252639770508,51.56075668334961,90.6644515991211,66.8906478881836,120.4241943359375,330.3887634277344,143.73138427734375,136.7605743408203,334.12799072265625,65.23294067382812,77.62298583984375,248.48428344726562,31.145984649658203,30.798290252685547,367.4076232910156,53.89021301269531,4246.58984375
2021-06-16,126.98081970214844,95.77696228027344,170.7624969482422,37.015113830566406,60.38819122314453,51.52703857421875,90.14659118652344,66.19515228271484,119.78250122070312,330.12176513671875,143.6790008544922,137.72120666503906,328.5020751953125,66.0171127319336,77.96529388427734,247.54176330566406,30.917831420898438,30.66317367553711,364.6264343261719,53.697532653808594,4223.7001953125
2021-06-17,128.58091735839844,95.25469970703125,174.46200561523438,35.39647674560547,58.19101333618164,49.74007034301758,88.00944519042969,63.63207244873047,120.74553680419922,321.6685485839844,144.3693084716797,133.7465362548828,333.88983154296875,66.55139923095703,75.2352294921875,250.9272003173828,31.059444427490234,29.24892234802246,364.7182312011719,51.92995071411133,4221.85986328125
2021-06-18,127.2833023071289,93.77903747558594,174.34500122070312,34.48933029174805,57.13469314575195,48.49256134033203,84.68863677978516,61.97541046142578,119.12641906738281,310.3946228027344,141.5381622314453,130.3623046875,327.0931396484375,66.0171127319336,71.96598815917969,249.51339721679688,30.532346725463867,28.18598175048828,358.7025451660156,50.597984313964844,4166.4501953125
2021-06-21,129.07850646972656,95.11377716064453,172.697998046875,35.352020263671875,57.84453582763672,50.953861236572266,87.17102813720703,66.41397857666016,120.81397247314453,318.14483642578125,143.16342163085938,132.57437133789062,329.7026672363281,66.13776397705078,73.54927062988281,252.59103393554688,31.012239456176758,29.834436416625977,366.7173156738281,52.43257522583008,4224.7900390625
2021-06-22,130.71755981445312,95.08888244628906,175.27200317382812,35.547672271728516,58.275516510009766,51.240447998046875,87.45870971679688,66.38272857666016,121.32772827148438,318.135986328125,142.97116088867188,132.38055419921875,336.3902282714844,65.65520477294922,73.3438720703125,255.36099243164062,31.161727905273438,29.74436378479004,367.2884216308594,53.43785095214844,4246.43994140625
2021-06-23,130.4443817138672,94.5085678100586,175.1909942626953,35.752227783203125,58.858604431152344,51.21516418457031,87.35186004638672,66.96878051757812,121.12589263916016,321.26812744140625,142.1061248779297,133.1824951171875,337.93798828125,65.12953186035156,73.48934936523438,255.13009643554688,30.72115707397461,29.618244171142578,364.4049987792969,53.831565856933594,4241.83984375
2021-06-24,130.16146850585938,95.12205505371094,172.45399475097656,36.312522888183594,60.26987075805664,51.74618911743164,88.06697082519531,67.27354431152344,121.49583435058594,328.1196594238281,142.75274658203125,134.4075164794922,340.50787353515625,65.80170440673828,74.52490997314453,256.4958190917969,30.831300735473633,29.96055030822754,367.4542236328125,54.04936981201172,4266.490234375
2021-06-25,129.86878967285156,93.66295623779297,170.072998046875,37.015113830566406,60.46424102783203,51.67876052856445,88.19849395751953,68.49258422851562,121.50426483154297,328.1374816894531,143.4867706298828,135.7646942138672,338.7119140625,66.52554321289062,75.65457916259766,254.8896484375,30.666088104248047,30.041622161865234,373.0553894042969,54.16665267944336,4280.7001953125
2021-06-28,131.4981231689453,93.67955780029297,172.1945037841797,36.96175003051758,60.4304313659668,50.22895050048828,85.47772979736328,64.83548736572266,121.53155517578125,328.0841064453125,143.3207244873047,136.01150512695312,352.8708190917969,66.23255920410156,75.05551147460938,258.4482421875,30.776233673095703,28.84356117248535,369.8403015136719,52.784423828125,4290.60986328125
2021-06-29,133.01036071777344,93.0992431640625,172.40699768066406,36.36587905883789,58.883975982666016,49.773780822753906,85.2886962890625,64.31971740722656,121.27021789550781,331.56329345703125,143.3294677734375,135.84405517578125,349.1500549316406,66.53416442871094,77.5716323852539,261.0257873535156,30.760498046875,28.71744728088379,366.7449035644531,52.45771026611328,4291.7998046875
2021-06-30,133.62501525878906,93.38109588623047,172.00799560546875,36.66826248168945,59.78820037841797,51.33317184448242,86.09423828125,65.20275115966797,121.08869171142578,337.7118835449219,143.9498291015625,137.07786560058594,345.0025939941406,67.01671600341797,78.4702377319336,260.544921875,30.807697296142578,28.834552764892578,368.9005432128906,52.84305953979492,4297.5
2021-07-01,133.92747497558594,94.72412872314453,171.64849853515625,36.943965911865234,60.0079231262207,53.00212478637695,87.30254364013672,67.1954116821289,121.44080352783203,333.6721496582031,145.01589965820312,138.43507385253906,351.6305847167969,67.2063217163086,78.7526626586914,261.2181701660156,31.12238883972168,29.789398193359375,373.00018310546875,52.99384307861328,4319.93994140625
2021-07-02,136.55198669433594,95.47853088378906,175.5489959716797,36.59711456298828,59.50087356567383,52.892547607421875,87.18745422363281,67.02346801757812,124.23072814941406,332.93359375,147.65476989746094,138.30209350585938,351.938232421875,67.73196411132812,78.76121520996094,267.036865234375,31.256120681762695,29.53717613220215,377.1180725097656,52.91845703125,4352.33984375
2021-07-06,138.56182861328125,95.94278717041016,183.78700256347656,35.636600494384766,57.64173126220703,50.8105583190918,85.47772979736328,65.42154693603516,125.15560913085938,329.107421875,146.772216796875,135.97979736328125,350.0331115722656,67.30972290039062,77.2036361694336,267.0465393066406,30.909975051879883,28.077878952026367,377.9471130371094,51.41056442260742,4343.5400390625
2021-07-07,141.04971313476562,96.78839111328125,184.82899475097656,35.352020263671875,57.40510559082031,49.74007034301758,84.6064453125,63.36639404296875,125.437255859375,327.1587829589844,148.03050231933594,136.1393585205078,347.76092529296875,67.6974868774414,77.04956817626953,269.22979736328125,30.95717430114746,27.636491775512695,379.2368469238281,50.606353759765625,4358.1298828125
2021-07-08,139.75210571289062,96.45677947998047,186.57049560546875,34.48933029174805,56.39104461669922,49.90864944458008,84.33519744873047,62.42866134643555,124.01898193359375,319.3905944824219,147.7421417236328,133.7904510498047,342.9586486816406,67.31834411621094,75.004150390625,266.8157958984375,30.878498077392578,27.501371383666992,377.6615295410156,50.38017654418945,4320.81982421875
2021-07-09,141.57656860351562,96.6474609375,185.9669952392578,35.609928131103516,57.84453582763672,50.684120178222656,85.54351806640625,64.53852844238281,124.4896011352539,330.79803466796875,148.32757568359375,138.0716552734375,347.6915283203125,67.2063217163086,77.30633544921875,267.31585693359375,31.161727905273438,28.09589958190918,379.6514587402344,51.29328155517578,4369.5498046875
2021-07-12,140.98143005371094,97.51791381835938,185.92750549316406,36.13465118408203,58.6811637878418,50.40595626831055,85.71613311767578,65.09334564208984,125.93465423583984,338.5750427246094,148.0916748046875,140.0482940673828,350.41021728515625,66.82715606689453,79.37739562988281,266.7196044921875,31.279726028442383,28.122922897338867,383.2719421386719,51.24303436279297,4384.6298828125
2021-07-13,142.09365844726562,97.75005340576172,183.8679962158203,35.44984817504883,57.77694320678711,50.11936950683594,85.42842864990234,64.6479263305664,126.29765319824219,334.5530090332031,147.9081573486328,137.9652862548828,349.3485107421875,66.87886810302734,79.77107238769531,270.2396545410156,31.19318962097168,27.573436737060547,385.57501220703125,51.00008773803711,4369.2099609375
2021-07-14,145.5181884765625,98.37875366210938,184.08399963378906,34.560482025146484,57.60792541503906,48.610565185546875,83.81733703613281,62.248931884765625,127.18580627441406,333.1471252441406,148.91302490234375,137.49551391601562,344.9232177734375,66.8874740600586,79.12921905517578,271.7111511230469,31.4292049407959,26.61858558654785,382.0743103027344,49.86916732788086,4374.2998046875
2021-07-15,144.86448669433594,98.22786712646484,181.55999755859375,34.533809661865234,57.84453582763672,48.11325454711914,83.26661682128906,60.612491607666016,125.96391296386719,332.21282958984375,147.12176513671875,137.79690551757812,341.7779235839844,67.12873840332031,79.27469635009766,270.28765869140625,31.53934669494629,25.87993621826172,386.9660949707031,49.383296966552734,4360.02978515625
2021-07-16,142.8253936767578,98.49610900878906,178.68150329589844,33.7244758605957,56.534698486328125,46.781455993652344,81.06370544433594,58.79864501953125,125.92919921875,324.60491943359375,146.88584899902344,134.6501922607422,338.503662109375,67.2321548461914,78.09369659423828,270.0184631347656,31.743885040283203,25.105249404907227,386.6436767578125,48.017826080322266,4327.16015625
2021-07-19,138.9813232421875,96.75250244140625,177.47950744628906,32.84402084350586,54.996681213378906,45.264217376708984,78.87723541259766,55.95855712890625,123.55680084228516,315.6356201171875,145.8197784423828,130.27151489257812,334.32635498046875,66.39629364013672,76.46761322021484,266.4214172363281,31.5865421295166,24.006275177001953,376.8416442871094,46.367523193359375,4258.490234375
2021-07-20,142.5912628173828,97.2806167602539,178.6595001220703,33.51994323730469,56.01921463012695,45.91325759887695,79.34576416015625,56.881404876708984,125.17493438720703,324.5693054199219,147.191650390625,132.7001953125,338.99969482421875,65.63795471191406,79.00941467285156,268.64312744140625,32.29458999633789,24.53774642944336,380.44378662109375,46.8785285949707,4323.06005859375
2021-07-21,141.85948181152344,98.06859588623047,179.25999450683594,34.204742431640625,57.37130355834961,48.06268310546875,82.05006408691406,59.02141571044922,126.50346374511719,332.3462829589844,148.10040283203125,135.4923095703125,343.5341796875,65.8275375366211,81.88494873046875,270.6435241699219,32.2709846496582,25.60969352722168,381.9822082519531,48.38641357421875,4358.68994140625
2021-07-22,143.22543334960938,98.52963256835938,181.90150451660156,33.76005554199219,56.56005096435547,47.76765823364258,81.22809600830078,58.63159942626953,127.3687744140625,331.6433410644531,148.52853393554688,133.78158569335938,348.45550537109375,65.94817352294922,81.79082489013672,275.2023620605469,32.625003814697266,25.20433807373047,383.0231628417969,47.8419075012207,4367.47998046875
2021-07-23,144.9425506591797,99.07450866699219,182.83200073242188,33.52882385253906,56.37413787841797,47.00323486328125,81.26099395751953,57.684906005859375,131.92465209960938,332.83563232421875,150.11013793945312,133.52452087402344,366.9106750488281,66.81854248046875,80.91790008544922,278.59747314453125,32.790218353271484,25.5916805267334,384.8011779785156,47.783260345458984,4411.7900390625
2021-07-26,145.36209106445312,98.73921203613281,184.99099731445312,33.91123962402344,57.269893646240234,48.3027458190918,82.9789047241211,59.00550079345703,132.936279296875,334.4818420410156,150.1800079345703,134.41973876953125,369.55987548828125,66.56001281738281,82.62097930908203,278.00115966796875,32.892494201660156,26.537521362304688,380.9688415527344,48.98957061767578,4422.2998046875
2021-07-27,143.19613647460938,98.88172149658203,181.3195037841797,33.7778434753418,57.447349548339844,47.84408950805664,82.6994400024414,57.85990905761719,130.81875610351562,333.5386962890625,150.87034606933594,134.2425079345703,364.946044921875,67.08566284179688,82.56961059570312,275.58697509765625,33.12063217163086,26.285293579101562,382.40594482421875,48.44505310058594,4401.4599609375
2021-07-28,141.44972229003906,99.37628173828125,181.51600646972656,33.91123962402344,57.54876708984375,48.17534255981445,83.16796112060547,58.313377380371094,134.97840881347656,332.995849609375,150.45091247558594,134.46408081054688,370.37347412109375,67.49930572509766,82.21873474121094,275.27935791015625,34.18269729614258,26.411405563354492,376.9430236816406,48.771766662597656,4400.64013671875
2021-07-29,142.09365844726562,99.64452362060547,179.99600219726562,34.40040588378906,58.148773193359375,48.481117248535156,84.31050872802734,58.6395378112793,134.66448974609375,335.9500427246094,150.45091247558594,135.61639404296875,355.530029296875,66.29286193847656,83.00324249267578,275.54864501953125,33.96835708618164,26.69965934753418,379.6238098144531,49.36653518676758,4419.14990234375
2021-07-30,142.3083038330078,97.4902114868164,166.37950134277344,34.11579895019531,57.56983947753906,47.614776611328125,83.68582916259766,57.96333694458008,133.6221160888672,333.5743103027344,150.46839904785156,134.53497314453125,353.5257263183594,66.24117279052734,82.74461364746094,274.0194396972656,33.98424530029297,25.970016479492188,379.7528076171875,48.22724533081055,4395.259765625
2021-08-02,141.97662353515625,96.77765655517578,166.57400512695312,33.76005554199219,57.663482666015625,47.03721618652344,83.53787994384766,56.97685623168945,133.74908447265625,336.5195617675781,150.52960205078125,133.99427795410156,349.2095947265625,65.64657592773438,82.96015930175781,273.9328308105469,34.897151947021484,25.672752380371094,382.8389587402344,48.23563766479492,4387.16015625
2021-08-03,143.7717742919922,97.44828033447266,168.31199645996094,34.28478240966797,58.642555236816406,48.10741424560547,84.33519744873047,58.615692138671875,134.51821899414062,338.45050048828125,152.3820037841797,135.5188751220703,348.50506591796875,65.84478759765625,83.27912139892578,276.14495849609375,36.26255798339844,26.033069610595703,388.67034912109375,48.7550048828125,4423.14990234375
2021-08-04,143.37179565429688,96.46749877929688,167.73599243164062,34.0357666015625,58.33606719970703,46.655006408691406,82.44464874267578,56.27677917480469,134.01783752441406,336.2259521484375,151.48202514648438,134.0563201904297,356.1253356933594,65.04338073730469,83.0118637084961,275.5582275390625,35.87358093261719,24.889057159423828,388.3387451171875,47.61572265625,4402.66015625
2021-08-05,143.47906494140625,96.50102996826172,168.79949951171875,34.70277786254883,59.332176208496094,47.5213508605957,83.20909118652344,56.27677917480469,135.1346435546875,341.9563903808594,151.77032470703125,135.74932861328125,360.143798828125,65.13814544677734,84.33952331542969,278.4531555175781,35.7703742980957,25.150287628173828,378.80389404296875,47.917293548583984,4429.10009765625
2021-08-06,142.79507446289062,95.93939971923828,167.2469940185547,35.707763671875,60.50707244873047,47.988487243652344,83.80089569091797,56.427940368652344,134.62579345703125,354.04888916015625,151.26356506347656,139.6051025390625,360.6795654296875,65.0088882446289,85.97752380371094,278.39544677734375,35.77831268310547,25.600690841674805,382.4243469238281,48.47018814086914,4436.52001953125
2021-08-09,142.74624633789062,95.61247253417969,167.093505859375,36.170223236083984,60.89019012451172,47.0966682434082,82.40353393554688,55.1948356628418,135.79067993164062,355.81964111328125,151.787841796875,139.4544219970703,358.7944030761719,64.90550231933594,86.84822845458984,277.3086853027344,36.500709533691406,25.21334457397461,378.5091247558594,47.917293548583984,4432.35009765625
2021-08-10,142.26748657226562,96.24955749511719,166.03399658203125,36.84613800048828,62.133209228515625,47.97151184082031,83.90776062011719,54.67775344848633,135.68556213378906,363.0182800292969,151.84030151367188,141.16513061523438,358.318115234375,64.79347229003906,87.9689712524414,275.49090576171875,38.255096435546875,25.600690841674805,379.3474426269531,48.73826217651367,4436.75
2021-08-11,142.5215301513672,95.32745361328125,164.60549926757812,37.30859375,63.25700759887695,48.57454299926758,84.54066467285156,55.25849151611328,135.1619110107422,368.2860412597656,151.86648559570312,142.84922790527344,357.1572265625,64.81069946289062,89.55523681640625,275.9814147949219,36.76267623901367,26.105134963989258,375.6256408691406,48.88066482543945,4442.41015625
2021-08-12,145.48219299316406,96.93695068359375,165.1750030517578,37.48646926879883,63.112274169921875,48.447139739990234,84.36808013916016,55.52101135253906,136.06939697265625,369.273681640625,153.08982849121094,143.40765380859375,359.82623291015625,65.52593231201172,90.23629760742188,278.7321472167969,37.500946044921875,25.717790603637695,373.98577880859375,48.770118713378906,4460.830078125
2021-08-13,145.68736267089844,97.64106750488281,164.69850158691406,37.02401351928711,62.243865966796875,47.538333892822266,83.80911254882812,54.09698486328125,136.5985107421875,365.5186767578125,154.0072784423828,141.80331420898438,360.3521423339844,66.11192321777344,89.60696411132812,281.65594482421875,38.485313415527344,25.537633895874023,377.4036560058594,48.27688217163086,4468.0
2021-08-16,147.66110229492188,99.25891876220703,164.94949340820312,36.72162628173828,61.38398742675781,46.553077697753906,82.95425415039062,52.4422607421875,137.17576599121094,363.3564453125,155.39662170410156,140.87265014648438,363.70587158203125,67.15460205078125,89.41730499267578,283.3390197753906,38.82666015625,25.024179458618164,384.3497619628906,47.57106018066406,4479.7099609375
2021-08-17,146.75242614746094,100.3067626953125,162.09800720214844,36.54374694824219,60.9753303527832,46.30677795410156,82.79806518554688,52.48203659057617,135.54124450683594,360.3487854003906,156.8209228515625,139.17074584960938,355.6589660644531,67.93016052246094,88.68452453613281,281.8770751953125,40.025352478027344,24.492704391479492,388.55987548828125,47.24790954589844,4448.080078125
2021-08-18,143.0100860595703,98.32007598876953,160.06100463867188,36.27695083618164,60.549644470214844,45.465904235839844,80.55713653564453,51.996761322021484,134.3386993408203,354.8586120605469,154.8286590576172,137.90325927734375,352.6823425292969,67.0339584350586,87.2965316772461,280.15228271484375,39.144195556640625,24.15039825439453,384.4510803222656,46.25294876098633,4400.27001953125
2021-08-19,143.34226989746094,98.85655975341797,159.3874969482422,35.743324279785156,59.459877014160156,44.54011917114258,78.54947662353516,51.121646881103516,134.56781005859375,350.2049865722656,156.03451538085938,136.7509307861328,352.3548889160156,67.61131286621094,85.97752380371094,285.972412109375,38.73933029174805,23.817110061645508,394.1886291503906,44.84130096435547,4405.7998046875
2021-08-20,144.79820251464844,99.60261535644531,159.99749755859375,35.90341567993164,59.808937072753906,44.820411682128906,78.55778503417969,51.288719177246094,136.302978515625,352.25152587890625,156.79473876953125,137.14096069335938,356.57177734375,67.80088806152344,86.7792739868164,293.2862548828125,38.67582702636719,23.835124969482422,395.8652648925781,44.849796295166016,4441.669921875
2021-08-23,146.28343200683594,100.05528259277344,163.2935028076172,36.383670806884766,60.35382080078125,46.53610610961914,80.58213806152344,53.810585021972656,138.8935546875,357.2166748046875,156.11790466308594,138.89596557617188,360.5208435058594,67.54238891601562,88.07241821289062,293.5657958984375,39.6363639831543,24.7629451751709,391.85784912109375,46.695159912109375,4479.52978515625
2021-08-24,146.19544982910156,100.32351684570312,165.28900146484375,36.89059829711914,61.332908630371094,47.06269073486328,81.50682830810547,54.45497512817383,140.10354614257812,363.54327392578125,154.16651916503906,139.7558135986328,362.6640319824219,66.97364807128906,88.8741683959961,291.60968017578125,38.405921936035156,25.420528411865234,390.0614929199219,47.07783126831055,4486.22998046875
2021-08-25,144.9642791748047,100.92707824707031,164.95899963378906,37.48646926879883,62.303462982177734,47.58079528808594,82.06500244140625,54.67775344848633,140.91433715820312,367.6007995605469,153.1468963623047,142.63653564453125,365.5216369628906,66.41351318359375,89.73628234863281,291.0218505859375,37.71527862548828,25.62770652770996,386.6804504394531,47.162864685058594,4496.18994140625
2021-08-26,144.16307067871094,100.92707824707031,165.8000030517578,37.38863754272461,61.673465728759766,46.82487869262695,80.99034881591797,53.64352798461914,140.28109741210938,366.968994140625,152.32945251464844,143.3721923828125,361.5428161621094,65.98265838623047,89.52074432373047,288.2081298828125,37.61207580566406,25.339458465576172,384.0180969238281,46.52507400512695,4470.0
2021-08-27,145.19879150390625,100.23970794677734,167.48150634765625,37.78885269165039,62.14168930053711,48.19233703613281,82.17329406738281,55.39373016357422,142.8235626220703,373.4469299316406,152.00421142578125,144.52450561523438,369.7286376953125,65.74999237060547,90.90873718261719,288.8152160644531,36.99288558959961,26.19521713256836,385.7777404785156,47.42649841308594,4509.3701171875
2021-08-30,149.61534118652344,101.06959533691406,171.07850646972656,37.05068588256836,61.01790237426758,47.73368835449219,81.96501159667969,53.61170959472656,143.4052276611328,368.0279235839844,152.6458740234375,142.2110595703125,377.6960754394531,65.92233276367188,89.73628234863281,292.5443115234375,37.119903564453125,25.474578857421875,385.35394287109375,46.90774154663086,4528.7900390625
2021-08-31,148.3548583984375,101.24561309814453,173.5395050048828,37.1307258605957,61.222232818603516,47.16461944580078,80.61546325683594,53.71512222290039,143.51136779785156,369.7358093261719,152.17999267578125,141.77674865722656,376.426025390625,65.7413558959961,90.02940368652344,290.8965759277344,36.5721549987793,25.370527267456055,383.4837951660156,46.36349868774414,4522.68017578125
2021-09-01,149.0193328857422,94.11198425292969,173.9499969482422,36.6326904296875,60.71139907836914,46.41719055175781,79.732421875,52.79229736328125,144.025146484375,369.86993408203125,152.71620178222656,141.5728759765625,379.0751953125,65.64657592773438,89.92594909667969,290.8483581542969,36.548336029052734,25.31623649597168,384.478759765625,45.7257080078125,4524.08984375
2021-09-02,150.1332244873047,93.90241241455078,173.156005859375,36.66844177246094,60.87316131591797,48.073429107666016,81.39854431152344,54.38338088989258,142.11244201660156,370.6209716796875,153.76217651367188,142.22879028320312,372.3579406738281,66.45661163330078,90.37423706054688,290.193115234375,37.183414459228516,25.886259078979492,390.33782958984375,46.8397216796875,4536.9501953125
2021-09-03,150.7683563232422,93.56713104248047,173.90249633789062,36.69527053833008,60.59221267700195,47.76765823364258,81.21526336669922,54.08903884887695,142.5612335205078,367.76861572265625,153.85885620117188,141.3689727783203,373.3302917480469,66.57723999023438,89.87422180175781,290.1834716796875,37.183414459228516,25.415761947631836,389.5546569824219,46.66114044189453,4535.43017578125
2021-09-07,153.10362243652344,91.39599609375,175.46449279785156,36.93663024902344,60.294227600097656,47.546817779541016,80.85704803466797,53.83445358276367,143.09779357910156,366.88348388671875,151.46803283691406,141.12078857421875,379.2042236328125,65.47422790527344,89.8138656616211,289.2583923339844,37.111961364746094,25.180517196655273,388.0623474121094,46.389015197753906,4520.02978515625
2021-09-08,151.55982971191406,92.51089477539062,176.27499389648438,36.45390319824219,59.630149841308594,46.95227813720703,80.29889678955078,53.44463348388672,142.51312255859375,362.12664794921875,151.0988006591797,140.49147033691406,374.630126953125,64.93997955322266,89.28797912597656,289.28729248046875,36.921443939208984,24.121904373168945,382.67315673828125,45.96381759643555,4514.06982421875
2021-09-09,150.54360961914062,89.92066192626953,174.20799255371094,36.587989807128906,59.98773193359375,47.20708465576172,79.97398376464844,53.57987976074219,142.36434936523438,361.7510681152344,147.7322998046875,141.10311889648438,375.0567321777344,63.61288833618164,89.52074432373047,286.43499755859375,36.54039764404297,24.085712432861328,381.8992919921875,45.997840881347656,4493.27978515625
2021-09-10,145.5603790283203,89.42608642578125,173.45750427246094,35.998008728027344,59.23001480102539,47.33449172973633,80.0323257446289,53.412811279296875,139.72119140625,360.7675476074219,146.765380859375,139.4810028076172,375.7414245605469,63.29404830932617,89.33108520507812,284.95098876953125,36.19111251831055,24.230478286743164,373.4033508300781,45.90428924560547,4458.580078125
2021-09-13,146.12705993652344,90.09668731689453,172.85850524902344,36.5969352722168,60.03879928588867,48.91428756713867,81.61511993408203,55.759666442871094,141.165771484375,365.9355773925781,145.73699951171875,141.69696044921875,373.578369140625,63.061378479003906,90.00350952148438,286.18450927734375,35.38934326171875,25.433860778808594,383.2120666503906,47.086334228515625,4468.72998046875
2021-09-14,144.7297821044922,89.25843048095703,172.5,35.613624572753906,58.55742263793945,48.36220169067383,80.14061737060547,55.306209564208984,141.37603759765625,360.955322265625,144.85800170898438,139.22393798828125,373.5981750488281,62.69621658325195,87.85688018798828,288.88262939453125,35.49252700805664,25.035747528076172,381.38153076171875,46.41452407836914,4443.0498046875
2021-09-15,145.61895751953125,90.33979034423828,173.7895050048828,35.88180160522461,59.979217529296875,50.383663177490234,81.8400650024414,59.91240692138672,143.24557495117188,359.3994445800781,145.40296936035156,140.19012451171875,371.0085144042969,63.304832458496094,88.83106994628906,293.7296142578125,35.540164947509766,26.456283569335938,385.9854431152344,47.979248046875,4480.7001953125
2021-09-16,145.38449096679688,90.59964752197266,174.41200256347656,36.15892028808594,59.59609603881836,50.30723190307617,81.07365417480469,58.84639358520508,142.43280029296875,354.6872863769531,145.22715759277344,140.12803649902344,370.1551818847656,62.574493408203125,88.33967590332031,294.1150207519531,35.30201721191406,26.112462997436523,385.3567810058594,47.469017028808594,4473.75
2021-09-17,142.71693420410156,90.3062515258789,173.12600708007812,36.20361328125,59.56204605102539,50.04393768310547,80.60713958740234,59.06913757324219,139.64584350585938,350.02001953125,144.81405639648438,139.76463317871094,361.88018798828125,62.32233810424805,87.71894836425781,288.9598083496094,34.84157943725586,25.61482048034668,388.426025390625,46.90774154663086,4432.990234375
2021-09-20,139.6683807373047,89.19136810302734,167.7864990234375,34.9610595703125,57.29738998413086,48.472625732421875,78.95765686035156,56.9052619934082,137.5823974609375,338.10107421875,143.98779296875,135.58091735839844,352.9303894042969,62.53970718383789,85.0291976928711,283.5923767089844,35.087677001953125,24.655731201171875,381.529541015625,45.65768051147461,4357.72998046875
2021-09-21,140.14715576171875,89.820068359375,167.18150329589844,34.978946685791016,56.99089813232422,50.39216613769531,79.0159683227539,57.44622802734375,137.89329528808594,336.0535583496094,144.6206817626953,135.59864807128906,354.6965637207031,62.574493408203125,84.74469757080078,284.07415771484375,34.86540222167969,24.366195678710938,381.1966857910156,45.615150451660156,4354.18994140625
2021-09-22,142.51173400878906,89.19975280761719,169.00250244140625,35.88180160522461,58.09767532348633,52.880767822265625,81.34022521972656,59.34757614135742,139.13356018066406,344.6640930175781,144.09326171875,138.19573974609375,340.5376281738281,62.635353088378906,86.89995574951172,287.71661376953125,34.88922119140625,24.56525421142578,377.8315734863281,46.95027542114258,4395.64013671875
2021-09-23,143.46934509277344,89.99610137939453,170.8000030517578,37.26737594604492,60.345306396484375,54.11233139038086,83.35623168945312,61.15347671508789,140.0584259033203,350.3775939941406,144.91075134277344,142.8669891357422,343.2662353515625,63.513526916503906,89.27073669433594,288.6609802246094,35.079734802246094,26.130552291870117,377.2122802734375,48.54051971435547,4448.97998046875
2021-09-24,143.55726623535156,89.75299835205078,171.2760009765625,37.66962814331055,60.60072326660156,55.224979400634766,83.80606842041016,62.131988525390625,141.04925537109375,349.4744873046875,144.4712371826172,144.51565551757812,350.211669921875,64.00041198730469,88.71897888183594,288.4586181640625,34.88127899169922,26.248178482055664,376.33404541015625,48.974212646484375,4455.47998046875
2021-09-27,142.04273986816406,90.2978744506836,170.2899932861328,38.67081832885742,61.52021026611328,56.66039276123047,85.78044128417969,65.08345794677734,139.9156036376953,357.4859619140625,143.42523193359375,148.0079803466797,350.8268127441406,63.78303527832031,90.60699462890625,283.4671325683594,34.587562561035156,27.315841674804688,374.66064453125,50.42839050292969,4443.10986328125
2021-09-28,138.6619110107422,89.9793472290039,165.79800415039062,38.58142852783203,60.76248550415039,57.58618927001953,86.10533905029297,65.01981353759766,134.71658325195312,348.26739501953125,143.10877990722656,147.21023559570312,337.99755859375,63.74825668334961,87.9689712524414,273.2044982910156,34.16682052612305,27.96729278564453,368.5129089355469,50.955623626708984,4352.6298828125
2021-09-29,139.5608673095703,91.23674011230469,165.05599975585938,38.500972747802734,60.898704528808594,57.790042877197266,86.0803451538086,65.68807220458984,133.25218200683594,344.14544677734375,144.17239379882812,147.09498596191406,336.9656677246094,65.28718566894531,85.82234191894531,273.6671142578125,34.55580139160156,27.44251251220703,370.1677551269531,50.92161560058594,4359.4599609375
2021-09-30,138.26132202148438,90.42361450195312,164.2519989013672,37.94674301147461,59.749351501464844,57.56071472167969,84.51419067382812,63.85830307006836,132.58023071289062,338.01171875,141.95730590820312,145.09181213378906,336.7474060058594,65.30457305908203,83.89122009277344,271.66278076171875,34.143001556396484,26.818199157714844,361.22808837890625,50.02020263671875,4307.5400390625
2021-10-01,139.38499450683594,91.4462890625,164.16299438476562,38.50991439819336,60.60072326660156,59.53971862792969,86.91341400146484,66.75410461425781,135.42373657226562,339.773193359375,141.0519561767578,148.1409454345703,340.3392333984375,70.77342987060547,85.39128112792969,278.58154296875,34.079498291015625,27.46965789794922,362.7904052734375,51.81452941894531,4357.0400390625
2021-10-04,135.95535278320312,91.14453125,159.48899841308594,38.742332458496094,60.69438171386719,60.72031021118164,87.2383041381836,68.73500061035156,132.56385803222656,334.5423583984375,139.95321655273438,147.98141479492188,323.6898498535156,72.25150299072266,83.75328826904297,272.80950927734375,33.674644470214844,27.94015121459961,357.7798156738281,52.4863395690918,4300.4599609375
2021-10-05,137.8802490234375,91.79837036132812,161.0500030517578,39.52897644042969,61.75008010864258,60.924163818359375,88.1880111694336,69.29186248779297,134.9080047607422,344.9679870605469,140.26963806152344,150.3979949951172,330.367431640625,70.94733428955078,85.52058410644531,278.2539367675781,33.59526062011719,27.677757263183594,363.71490478515625,52.401302337646484,4345.72021484375
2021-10-06,138.74986267089844,91.63909149169922,163.10049438476562,39.54685592651367,61.65642166137695,60.99210739135742,87.41324615478516,68.8702392578125,136.43734741210938,346.970947265625,140.5596923828125,150.71897888183594,331.0421447753906,70.13004302978516,85.43437194824219,282.44561767578125,33.35710525512695,27.08963966369629,364.4730224609375,51.44035720825195,4363.5498046875
2021-10-07,140.01034545898438,92.93840789794922,165.1215057373047,39.439579010009766,61.46061325073242,60.7373046875,88.03804016113281,68.24970245361328,138.08375549316406,349.2688903808594,141.8166961669922,151.67311096191406,326.6565246582031,71.2429428100586,85.17576599121094,284.122314453125,33.92866516113281,28.06682014465332,374.1337585449219,51.58491897583008,4399.759765625
2021-10-08,139.62930297851562,93.19827270507812,164.43099975585938,39.63623809814453,61.59682846069336,63.633602142333984,90.01239776611328,72.02059173583984,138.63966369628906,351.22705078125,141.456298828125,151.78904724121094,327.4800720214844,70.10395050048828,86.2447509765625,284.122314453125,33.698463439941406,28.645893096923828,377.6097106933594,52.87752151489258,4391.33984375
2021-10-11,139.54135131835938,92.4941177368164,162.31500244140625,39.13566207885742,61.02641296386719,62.82670211791992,89.2459716796875,71.72625732421875,137.77528381347656,344.4584045410156,140.8585662841797,148.59669494628906,322.9158935546875,69.49535369873047,83.87397766113281,283.5249328613281,33.38887023925781,29.36972999572754,374.40179443359375,52.35028076171875,4361.18994140625
2021-10-12,138.27108764648438,91.0103988647461,162.3665008544922,38.92112350463867,60.1409797668457,62.35106658935547,89.26264953613281,71.69442749023438,135.33050537109375,345.61181640625,138.60836791992188,147.45526123046875,321.24896240234375,69.1997299194336,84.29639434814453,282.2239990234375,33.2221565246582,29.74974250793457,372.783935546875,52.07815933227539,4350.64990234375
2021-10-13,137.68484497070312,90.97686767578125,164.21400451660156,38.56354522705078,59.817466735839844,62.19819641113281,89.79581451416016,71.9251480102539,136.45420837402344,345.4151306152344,139.93560791015625,143.56735229492188,322.0130310058594,68.64328002929688,84.97747802734375,285.5291748046875,32.88080596923828,29.641162872314453,373.07061767578125,51.93358612060547,4363.7998046875
2021-10-14,140.46958923339844,92.4022445678711,164.9929962158203,40.288818359375,60.277217864990234,62.72478103637695,90.64552307128906,72.3830795288086,139.9939422607422,349.7874755859375,140.7355194091797,145.76992797851562,325.971923828125,68.10421752929688,87.08100128173828,291.7348937988281,33.079261779785156,30.328811645507812,388.6109313964844,52.72445297241211,4438.259765625
2021-10-15,141.5248565673828,92.7585678100586,170.4510040283203,41.45089340209961,61.54573059082031,62.971107482910156,91.31199645996094,71.62384033203125,140.2091827392578,363.08331298828125,141.78152465820312,148.56996154785156,322.2313232421875,68.10421752929688,88.05516815185547,293.1418151855469,32.936370849609375,30.763120651245117,395.73858642578125,53.22618865966797,4471.3701171875
2021-10-18,143.1957244873047,91.14654541015625,172.33700561523438,41.370445251464844,60.96681213378906,63.276851654052734,91.27033233642578,71.37609100341797,141.6076202392578,369.896728515625,140.7442626953125,148.51644897460938,332.7289123535156,67.0782699584961,87.42585754394531,296.1097717285156,32.801422119140625,30.90788459777832,392.549072265625,53.20066833496094,4486.4599609375
2021-10-19,145.35513305664062,91.16352844238281,172.20750427246094,41.54922866821289,61.094512939453125,63.973331451416016,93.05308532714844,72.055419921875,142.0628662109375,368.5286560058594,144.04051208496094,150.31771850585938,337.34271240234375,69.11278533935547,87.71894836425781,297.0155334472656,33.41267776489258,31.251712799072266,392.3273010253906,54.00004577636719,4519.6298828125
2021-10-20,145.84371948242188,91.97802734375,170.7530059814453,42.09451675415039,61.14561462402344,64.56787109375,94.26937866210938,74.40503692626953,140.60690307617188,364.710693359375,143.96139526367188,152.34190368652344,338.1265869140625,70.48651123046875,86.7792739868164,296.2254333496094,33.97629928588867,31.43267059326172,402.2283935546875,54.29767990112305,4536.18994140625
2021-10-21,146.0586700439453,92.27495574951172,171.75050354003906,41.86210250854492,60.03030776977539,63.353302001953125,93.0864028930664,72.64678192138672,140.72293090820312,364.4425048828125,143.6273956298828,151.14698791503906,339.2179870605469,70.57345581054688,86.45165252685547,299.4534912109375,34.02392578125,31.034561157226562,408.8753967285156,53.311222076416016,4549.77978515625
2021-10-22,145.2867431640625,92.59736633300781,166.77749633789062,42.52359390258789,60.76248550415039,64.31307220458984,93.9694595336914,73.52590942382812,136.4388427734375,370.46002197265625,143.90867614746094,153.18014526367188,322.08245849609375,70.55606842041016,87.76206970214844,297.91168212890625,34.26207733154297,30.68168830871582,415.23577880859375,53.6768913269043,4544.89990234375
2021-10-25,145.23789978027344,92.05438232421875,166.01849365234375,42.4699592590332,60.302730560302734,64.9925537109375,94.84416198730469,75.1562728881836,136.3203125,370.844482421875,144.2251434326172,152.43109130859375,326.1307067871094,70.9994888305664,87.85688018798828,296.91925048828125,34.2541389465332,31.088844299316406,415.540771484375,54.72288131713867,4566.47998046875
2021-10-26,145.90234375,92.89430236816406,168.80349731445312,42.872222900390625,60.14949035644531,65.42572021484375,95.05242156982422,75.92350006103516,138.16656494140625,373.4017028808594,145.69305419921875,152.84129333496094,313.3509826660156,71.51246643066406,89.20176696777344,298.8271484375,34.57962417602539,30.998367309570312,420.3017883300781,55.989959716796875,4574.7900390625
2021-10-27,145.44305419921875,91.96954345703125,169.62449645996094,42.04982376098633,59.86002731323242,63.59718704223633,93.3613052368164,74.35708618164062,145.0189208984375,367.4825134277344,143.92625427246094,149.65782165527344,309.7889404296875,70.8951644897461,87.8223876953125,311.41204833984375,34.11125946044922,29.442110061645508,419.2294616699219,54.535789489746094,4551.68017578125
2021-10-28,149.0779571533203,93.04703521728516,172.32850646972656,42.71131896972656,60.345306396484375,64.21240997314453,94.23604583740234,74.97246551513672,144.6534423828125,370.9071044921875,143.1439666748047,151.9138641357422,314.45233154296875,75.25111389160156,88.9769287109375,312.5490417480469,34.277957916259766,30.129764556884766,421.0413818359375,54.68886184692383,4596.419921875
2021-10-29,146.37135314941406,97.2891845703125,168.6215057373047,42.71131896972656,59.307682037353516,63.6484489440918,95.37732696533203,73.89354705810547,146.83242797851562,369.5927429199219,143.1703338623047,151.49478149414062,321.0505676269531,76.55529022216797,89.22000885009766,319.5544738769531,34.72251510620117,29.188766479492188,425.6915283203125,54.82491683959961,4605.3798828125
2021-11-01,145.5505828857422,97.40794372558594,165.90550231933594,42.773887634277344,59.69356918334961,63.73390197753906,95.41065979003906,74.6927261352539,142.32069396972656,372.58807373046875,143.2933807373047,151.41455078125,327.4106750488281,76.37269592285156,90.27903747558594,317.3863830566406,34.643123626708984,30.129764556884766,419.8118591308594,55.811378479003906,4613.669921875
2021-11-02,146.58631896972656,98.86724090576172,165.6374969482422,42.80071258544922,58.827449798583984,62.40095901489258,94.82752227783203,74.18126678466797,144.24034118652344,378.98114013671875,145.55235290527344,152.01199340820312,325.52545166015625,77.39865112304688,90.85195922851562,321.0096130371094,36.07997512817383,30.039278030395508,417.89825439453125,55.122554779052734,4630.64990234375
2021-11-03,148.02267456054688,99.74959564208984,169.1999969482422,43.238731384277344,59.17047882080078,62.15315246582031,94.14439392089844,72.686767578125,145.39633178710938,373.6610412597656,145.08653259277344,152.06549072265625,329.0378723144531,77.10303497314453,89.07242584228516,321.8479309082031,35.579856872558594,29.840221405029297,422.7886962890625,54.36571502685547,4660.56982421875
2021-11-04,147.5048065185547,99.31690216064453,173.85000610351562,42.30906677246094,57.45538330078125,62.64020919799805,94.5609359741211,72.64678192138672,147.05210876464844,364.87164306640625,144.6822052001953,150.0680389404297,333.2349548339844,78.7202377319336,86.62447357177734,324.19915771484375,35.11539077758789,29.994043350219727,422.2617492675781,54.77390670776367,4680.06005859375
2021-11-05,148.03318786621094,99.4187240600586,175.94949340820312,41.987247467041016,57.44681930541992,64.4687271118164,95.58558654785156,76.01941680908203,147.63182067871094,363.9864501953125,143.65377807617188,149.85401916503906,338.473876953125,70.95602416992188,86.69391632080078,323.83294677734375,38.92722702026367,30.319766998291016,421.3834533691406,55.292640686035156,4697.52978515625
2021-11-08,147.2112274169922,98.46849060058594,174.44900512695312,42.3180046081543,58.69883346557617,64.87886047363281,95.92716217041016,77.5138931274414,147.80935668945312,365.11297607421875,143.16151428222656,150.754638671875,335.9833679199219,71.8863296508789,86.8675308227539,324.72918701171875,38.70301055908203,31.034561157226562,427.6790771484375,55.88792037963867,4701.7001953125
2021-11-09,147.57330322265625,98.08670043945312,178.81149291992188,41.90679931640625,58.30436325073242,64.72508239746094,96.63526153564453,77.60980224609375,147.69778442382812,362.43963623046875,142.8450927734375,149.61325073242188,332.7586975097656,71.92111206054688,86.55504608154297,323.7270202636719,37.878173828125,30.889787673950195,429.2784423828125,56.43217468261719,4685.25
2021-11-10,144.7453155517578,99.05390930175781,174.1024932861328,42.21966552734375,58.493019104003906,62.375328063964844,95.0940933227539,75.3560791015625,144.69761657714844,356.8691101074219,144.39215087890625,149.47055053710938,325.0888671875,73.0427017211914,84.8709716796875,318.7643127441406,39.255558013916016,29.61402702331543,425.1645812988281,55.32042694091797,4646.7099609375
2021-11-11,144.69635009765625,98.95208740234375,173.625,42.452083587646484,59.05899429321289,61.64049530029297,95.1024169921875,75.85956573486328,144.5716094970703,359.74822998046875,143.32855224609375,149.46165466308594,325.18804931640625,73.05139923095703,85.83452606201172,320.33502197265625,40.18450164794922,29.659259796142578,422.8441467285156,55.42384338378906,4649.27001953125
2021-11-12,146.77090454101562,99.24055480957031,176.25750732421875,41.93361282348633,59.307682037353516,61.828468322753906,95.16073608398438,75.79563903808594,147.45924377441406,362.0461120605469,145.04257202148438,148.79281616210938,338.2357177734375,73.03401947021484,86.67656707763672,324.46893310546875,39.824127197265625,29.641162872314453,424.32330322265625,55.00155258178711,4682.85009765625
2021-11-15,146.7806854248047,99.13026428222656,177.28399658203125,42.05876159667969,58.9475212097168,62.13608932495117,97.31836700439453,74.48494720458984,147.235107421875,361.9566955566406,143.73289489746094,148.5253448486328,344.8537292480469,72.76448822021484,86.98905944824219,323.8425598144531,39.760074615478516,29.60498046875,416.7518615722656,55.475547790527344,4682.7998046875
2021-11-16,147.75921630859375,98.7739028930664,177.03500366210938,42.085575103759766,58.0899658203125,62.067718505859375,97.70158386230469,73.44599914550781,146.663818359375,360.4188232421875,142.9857177734375,147.45526123046875,340.2895812988281,73.12965393066406,87.40574645996094,327.1574401855469,39.72002410888672,29.7587890625,415.6609802246094,56.03573226928711,4700.89990234375
2021-11-17,150.19578552246094,99.56295013427734,177.4499969482422,41.576045989990234,57.32675552368164,61.49523162841797,97.26338195800781,71.99147033691406,146.8334197998047,350.1004333496094,143.52191162109375,146.66165161132812,338.1165771484375,71.8167724609375,84.79283142089844,327.3794860839844,40.73705291748047,29.0078125,415.04156494140625,55.42384338378906,4688.669921875
2021-11-18,154.4817657470703,99.32540130615234,184.80299377441406,41.40620040893555,57.549720764160156,62.13608932495117,96.44596862792969,71.62384033203125,148.61026000976562,349.9394836425781,142.74838256835938,145.39540100097656,336.0528564453125,72.2080307006836,84.79283142089844,329.4550476074219,41.169490814208984,28.826852798461914,415.5223083496094,54.8205680847168,4704.5400390625
2021-11-19,157.10421752929688,98.62120056152344,183.82850646972656,40.58380126953125,56.88941192626953,59.47871017456055,94.30555725097656,68.47501373291016,147.70571899414062,346.3808288574219,143.17913818359375,143.4960479736328,342.6113586425781,70.1648178100586,84.12443542480469,331.2313232421875,40.680992126464844,27.189167022705078,406.767578125,52.28679656982422,4697.9599609375
2021-11-22,157.5641326904297,98.12062072753906,178.6284942626953,41.370445251464844,57.48970031738281,61.42687225341797,95.99091339111328,69.29817199707031,145.10272216796875,354.222412109375,141.29458618164062,146.5546417236328,338.3547668457031,70.98208618164062,86.21648406982422,328.06488037109375,41.001319885253906,27.451560974121094,404.4932861328125,53.01072692871094,4682.93994140625
2021-11-23,157.94577026367188,100.86104583740234,179.0019989013672,42.461021423339844,58.37295150756836,63.04178237915039,98.00494384765625,73.33409881591797,144.58697509765625,363.32470703125,142.17050170898438,150.05911254882812,334.6240539550781,71.99066925048828,88.42137908935547,325.9893493652344,40.90522384643555,28.211589813232422,413.3591003417969,54.40689468383789,4690.7001953125
2021-11-24,158.4644012451172,100.67440032958984,179.02049255371094,42.57722854614258,57.69549560546875,63.93898391723633,98.75495147705078,74.36507415771484,144.92222595214844,356.9316711425781,141.77235412597656,148.8820343017578,338.4043884277344,71.53854370117188,87.77901458740234,326.2113037109375,40.75306701660156,28.419692993164062,416.1601867675781,54.708526611328125,4701.4599609375
2021-11-26,153.4445343017578,98.85028076171875,175.22799682617188,40.905609130859375,56.16907501220703,61.0765380859375,96.49653625488281,69.8656234741211,141.01748657226562,348.169189453125,140.8522186279297,144.3966522216797,330.5262145996094,68.82587432861328,85.00987243652344,318.266357421875,43.24357223510742,26.872486114501953,406.6844177246094,52.786651611328125,4594.6201171875
2021-11-29,156.8009033203125,99.17267608642578,178.07850646972656,40.753639221191406,55.774600982666016,61.64902114868164,96.78304290771484,70.64083099365234,144.33755493164062,345.6208190917969,141.3388214111328,143.77244567871094,335.39801025390625,65.11329650878906,84.40222930908203,324.9757385253906,41.9622917175293,26.82724380493164,417.8612365722656,53.07967758178711,4655.27001953125
2021-11-30,161.75230407714844,97.80670166015625,175.35350036621094,39.75246047973633,54.62549591064453,59.92302703857422,95.11451721191406,69.52994537353516,140.73434448242188,340.6583251953125,137.95907592773438,141.63232421875,321.93365478515625,65.13068389892578,82.31018829345703,319.1448669433594,43.02735137939453,26.05945587158203,410.6688537597656,51.57149887084961,4567.0
2021-12-01,161.23370361328125,98.34122467041016,172.18600463867188,39.189292907714844,53.613590240478516,59.12837219238281,94.46564483642578,68.21126556396484,139.89524841308594,338.4022216796875,139.8612823486328,140.79409790039062,308.1815490722656,64.72205352783203,82.69212341308594,318.6524658203125,43.78813171386719,25.786869049072266,410.77984619140625,51.528404235839844,4513.0400390625
2021-12-02,160.24534606933594,99.15570831298828,171.8679962158203,40.321048736572266,54.71982955932617,60.8885612487793,97.02742767333984,69.17830657958984,141.7940673828125,348.3435974121094,138.98538208007812,143.754638671875,307.9732360839844,64.24385070800781,85.81716918945312,318.0828857421875,42.47480010986328,26.64097785949707,412.3328552246094,52.8125114440918,4577.10009765625
2021-12-03,158.36654663085938,100.83561706542969,169.489501953125,39.40486526489258,53.81940460205078,60.76038360595703,96.41226196289062,68.72276306152344,140.83749389648438,344.02008056640625,141.01148986816406,141.1508026123047,304.4508361816406,63.76564407348633,85.25292205810547,311.8272399902344,43.45979309082031,26.56829071044922,416.73846435546875,52.47640609741211,4538.43017578125
2021-12-06,161.77188110351562,102.9566650390625,171.36849975585938,39.6563606262207,53.613590240478516,62.212989807128906,97.92066955566406,69.98548889160156,141.9815216064453,349.92559814453125,144.1611785888672,142.81832885742188,315.39495849609375,63.83519744873047,86.17306518554688,314.8971862792969,41.22554397583008,27.26793670654297,426.7460021972656,53.07106018066406,4591.669921875
2021-12-07,167.506103515625,103.09241485595703,176.1645050048828,40.15937423706055,53.9394645690918,63.7168083190918,99.3700942993164,72.37509155273438,146.0623016357422,359.6421813964844,144.53280639648438,144.96737670898438,320.2964782714844,62.84403991699219,88.9769287109375,323.3248596191406,41.41773223876953,27.949403762817383,431.0310363769531,53.66571807861328,4686.75
2021-12-08,171.32241821289062,103.3978500366211,176.1580047607422,39.66534423828125,53.56214904785156,63.32376480102539,99.81672668457031,71.99147033691406,146.97178649902344,357.1343688964844,145.39984130859375,143.3087615966797,327.9861755371094,63.65262222290039,87.891845703125,323.3731689453125,41.161476135253906,28.22199249267578,434.8616027832031,53.82085037231445,4701.2099609375
2021-12-09,170.8135528564453,105.33226776123047,174.17100524902344,39.96176528930664,53.2877311706543,61.99082946777344,99.55548858642578,71.03244018554688,146.4282684326172,356.3883361816406,146.78004455566406,143.08584594726562,327.2518615722656,63.348304748535156,87.31024932861328,321.5679626464844,41.706031799316406,27.82219696044922,438.99810791015625,53.958744049072266,4667.4501953125
2021-12-10,175.5985870361328,106.45217895507812,172.21200561523438,39.988712310791016,52.061439514160156,62.794002532958984,99.7240219116211,71.67179870605469,146.7882843017578,351.507568359375,146.41729736328125,142.51513671875,327.18243408203125,63.13965606689453,85.44389343261719,330.68109130859375,42.26659393310547,28.158390045166016,443.5520935058594,54.30347442626953,4712.02001953125
2021-12-13,171.96824645996094,107.33455657958984,169.5675048828125,39.144378662109375,51.6069450378418,60.683494567871094,97.6510009765625,70.3531265258789,144.6311492919922,345.73687744140625,149.03614807128906,140.8208465576172,331.88555908203125,63.83519744873047,84.35013580322266,327.6497802734375,44.20454025268555,27.104381561279297,443.4686584472656,53.11416244506836,4668.97021484375
2021-12-14,170.58851623535156,107.99633026123047,169.0915069580078,39.638389587402344,52.00141143798828,60.39296340942383,97.93753814697266,69.75615692138672,142.72735595703125,349.4941101074219,150.66409301757812,141.8998565673828,331.141357421875,64.70411682128906,85.78245544433594,316.97265625,44.4768180847168,26.958999633789062,444.6928405761719,53.036598205566406,4634.08984375
2021-12-15,175.45181274414062,110.4906997680664,173.31500244140625,39.46773910522461,51.658409118652344,60.41859436035156,97.38135528564453,69.35540008544922,145.2405548095703,350.473876953125,151.41615295410156,140.8386993408203,338.99969482421875,66.08212280273438,86.31197357177734,323.064208984375,47.08745193481445,26.63189125061035,458.531005859375,52.80390167236328,4709.85009765625
2021-12-16,168.5629119873047,111.80574798583984,168.87100219726562,40.41984558105469,52.37015151977539,61.264522552490234,98.29145050048828,70.48395538330078,143.26095581054688,357.1793518066406,153.07058715820312,143.041259765625,332.2923278808594,66.62628936767578,87.06719970703125,313.6518249511719,49.049434661865234,26.986255645751953,457.12115478515625,52.89008331298828,4668.669921875
2021-12-17,167.46694946289062,109.89680480957031,170.0175018310547,39.413848876953125,51.0581169128418,58.6242561340332,95.72968292236328,68.69303894042969,140.563232421875,343.1840515136719,148.8415069580078,139.7864532470703,331.19097900390625,66.43318939208984,84.31542205810547,312.58984375,47.63199996948242,26.322959899902344,451.7974548339844,51.7352409362793,4620.64013671875
2021-12-20,166.1068115234375,111.02519989013672,167.07899475097656,38.76712417602539,49.97760772705078,58.61570739746094,95.77181243896484,68.34955596923828,140.44619750976562,334.0247497558594,148.41685485839844,137.2718048095703,322.9158935546875,67.06514739990234,82.78762817382812,308.8345031738281,48.8652458190918,25.8686466217041,448.6532287597656,50.985450744628906,4568.02001953125
2021-12-21,169.2772216796875,110.2531509399414,170.41700744628906,39.692291259765625,50.9209098815918,60.39296340942383,97.30552673339844,70.61480712890625,142.29640197753906,341.8538818359375,147.93905639648438,139.18899536132812,331.59783935546875,66.30154418945312,84.8709716796875,315.9590759277344,47.20756530761719,26.759103775024414,451.8809509277344,52.140296936035156,4649.22998046875
2021-12-22,171.870361328125,112.03483581542969,171.03700256347656,39.77312469482422,51.109561920166016,60.7347526550293,97.8616943359375,71.32626342773438,145.21478271484375,343.6605529785156,148.57608032226562,139.73294067382812,327.8770446777344,66.845703125,85.3310546875,321.66448974609375,47.68804931640625,26.80453109741211,458.2991638183594,52.56258773803711,4696.56005859375
2021-12-23,172.49664306640625,112.91720581054688,171.06849670410156,39.898887634277344,51.63267517089844,60.828758239746094,98.09764862060547,71.29356384277344,145.7122039794922,346.09649658203125,148.85922241210938,140.2323455810547,332.62969970703125,66.46831512451172,86.23383331298828,323.10284423828125,47.015384674072266,26.868135452270508,459.45849609375,52.58844757080078,4725.7900390625
2021-12-27,176.45973205566406,114.0371322631836,169.66949462890625,40.09648895263672,52.00998306274414,62.554752349853516,100.1032485961914,74.23755645751953,146.69406127929688,348.7929992675781,150.1155548095703,141.03489685058594,343.4844970703125,67.20558166503906,87.15398406982422,330.5942077636719,47.40776824951172,27.113466262817383,463.2797546386719,53.338233947753906,4791.18994140625
2021-12-28,175.44204711914062,114.0201644897461,170.66099548339844,40.150390625,51.98426818847656,62.47785186767578,99.909423828125,73.77959442138672,145.48455810546875,348.4064636230469,150.71717834472656,141.46290588378906,343.5242004394531,67.41620635986328,86.7807388305664,329.43572998046875,46.454811096191406,27.35879898071289,466.47027587890625,53.165863037109375,4786.35009765625
2021-12-29,175.5301055908203,114.8431396484375,169.2010040283203,40.08751678466797,51.9156608581543,62.30696487426758,99.3953857421875,73.47701263427734,145.4528350830078,347.1390686035156,151.77890014648438,141.3915252685547,340.26971435546875,67.53910064697266,85.7043228149414,330.1115417480469,46.1104736328125,26.94083023071289,468.9188537597656,52.70048904418945,4793.06005859375
2021-12-30,174.37542724609375,115.32672119140625,168.64450073242188,39.9976921081543,51.82133102416992,61.760108947753906,98.9571762084961,72.92910766601562,145.00205993652344,346.5279235839844,152.45127868652344,141.32022094726562,341.6786804199219,67.70586395263672,85.76509857177734,327.57257080078125,46.76712417602539,27.09529685974121,467.8522033691406,52.390228271484375,4778.72998046875
2021-12-31,173.75894165039062,114.8770523071289,166.7169952392578,39.96176528930664,51.78703308105469,61.845794677734375,98.8897705078125,72.64289093017578,143.6646270751953,343.8582458496094,151.35423278808594,141.2042999267578,333.7311096191406,67.26702880859375,85.20951080322266,324.6764221191406,47.28765869140625,27.213417053222656,465.72833251953125,52.734947204589844,4766.18017578125
2022-01-03,178.10366821289062,114.89405059814453,170.4044952392578,41.47974395751953,54.11096954345703,63.208152770996094,100.49931335449219,74.54830932617188,143.802978515625,355.3456726074219,151.77003479003906,144.19154357910156,335.90399169921875,67.46888732910156,86.97169494628906,323.1607666015625,45.36572265625,28.821687698364258,465.858154296875,54.76023864746094,4796.56005859375
2022-01-04,175.84324645996094,114.6734619140625,167.52200317382812,43.10552215576172,54.53116989135742,65.94999694824219,102.32795715332031,77.97477722167969,143.21583557128906,366.26678466796875,151.36305236816406,149.65782165527344,333.90966796875,67.5917739868164,90.5047378540039,317.6194763183594,43.66800308227539,30.220970153808594,455.3033142089844,56.81998825073242,4793.5400390625
2022-01-05,171.1658477783203,115.27582550048828,164.35699462890625,42.377952575683594,53.896583557128906,64.8189697265625,102.9936752319336,76.54365539550781,136.6456298828125,358.3119812011719,152.3716583251953,146.9217987060547,321.6459045410156,69.23307800292969,88.26512908935547,305.4267578125,44.54889678955078,30.220970153808594,454.18109130859375,57.52668762207031,4700.580078125
2022-01-06,168.30850219726562,114.73283386230469,163.25399780273438,43.23127746582031,55.66312789916992,67.25237274169922,103.87007141113281,78.11378479003906,136.61834716796875,356.7838439941406,151.84967041015625,148.4827117919922,329.87127685546875,69.18917083740234,89.77555847167969,303.0133361816406,43.916259765625,30.938791275024414,435.59423828125,58.879756927490234,4696.0498046875
2022-01-07,168.47486877441406,114.43589782714844,162.5540008544922,44.17440414428711,56.4091911315918,69.09453582763672,105.36164093017578,80.27273559570312,135.8938446044922,357.3051452636719,153.90228271484375,149.95388793945312,329.2065734863281,70.47940063476562,90.32245635986328,303.1677551269531,44.620967864990234,31.829246520996094,425.34552001953125,59.362369537353516,4677.02978515625
2022-01-10,168.4944305419922,115.71699523925781,161.48599243164062,43.94984817504883,56.623573303222656,69.4286880493164,105.42904663085938,80.19092559814453,137.53282165527344,358.79730224609375,153.14138793945312,150.09739685058594,325.51556396484375,72.2962417602539,90.39188385009766,303.38983154296875,45.03738784790039,31.911020278930664,431.2814025878906,59.00902557373047,4670.2900390625
2022-01-11,171.32241821289062,116.20911407470703,165.36199951171875,44.201351165771484,57.549720764160156,71.62217712402344,107.83915710449219,83.57652282714844,138.59054565429688,362.284912109375,151.51348876953125,150.2499237060547,331.7664489746094,71.68184661865234,91.94573211669922,304.0752868652344,45.39773941040039,33.146751403808594,434.9913635253906,61.49107360839844,4713.06982421875
2022-01-12,171.7626953125,116.48057556152344,165.20700073242188,43.88697814941406,57.69549560546875,72.31623077392578,107.29981994628906,84.04264068603516,140.27114868164062,350.8334045410156,150.22171020507812,151.1021270751953,330.6651306152344,71.26933288574219,89.45438385009766,307.2513122558594,45.36572265625,33.1194953918457,439.369140625,61.31010055541992,4726.35009765625
2022-01-13,168.4944305419922,114.45753479003906,161.21400451660156,43.797149658203125,58.124267578125,71.64789581298828,106.85317993164062,84.02618408203125,137.45098876953125,351.2737731933594,149.31040954589844,150.9137420654297,323.93792724609375,71.37467193603516,89.02034759521484,294.2476501464844,44.4768180847168,32.865081787109375,433.5351867675781,60.87055969238281,4659.02978515625
2022-01-14,169.3555450439453,116.4720230102539,162.13800048828125,43.033668518066406,57.395355224609375,74.3211898803711,108.67340850830078,87.01651763916016,138.337158203125,342.4111022949219,148.4964599609375,141.6380157470703,329.315673828125,71.42730712890625,85.83452606201172,299.460693359375,44.00434494018555,34.35523223876953,434.703857421875,61.9392204284668,4662.85009765625
2022-01-18,166.1557159423828,117.25213623046875,158.91749572753906,41.551605224609375,55.9975700378418,74.98094940185547,109.02733612060547,87.04947662353516,134.88320922851562,318.5553894042969,147.84176635742188,135.69947814941406,315.6727600097656,71.56775665283203,81.6070556640625,292.1720886230469,43.331668853759766,34.10990524291992,427.56219482421875,62.982032775878906,4577.10986328125
2022-01-19,162.66233825683594,115.90626525878906,156.2989959716797,41.71329116821289,55.08857345581055,74.78388214111328,108.63127136230469,86.60464477539062,134.00892639160156,312.1915588378906,147.38168334960938,133.60031127929688,317.1015625,71.34832000732422,83.10012817382812,292.8284912109375,42.875205993652344,33.71010208129883,428.98126220703125,63.00788879394531,4532.759765625
2022-01-20,160.97921752929688,114.03748321533203,151.66749572753906,41.093509674072266,55.27723693847656,73.37010192871094,108.24365997314453,85.26185607910156,132.21473693847656,312.89263916015625,146.20497131347656,132.4610595703125,314.0951843261719,70.87435913085938,86.6592025756836,291.15850830078125,43.28361511230469,33.66468048095703,429.4264221191406,63.145774841308594,4482.72998046875
2022-01-21,158.92431640625,113.13737487792969,142.64300537109375,40.347991943359375,54.25674819946289,70.87673950195312,106.94589233398438,82.89761352539062,129.28298950195312,309.1263732910156,145.86875915527344,130.1466522216797,300.80938720703125,70.19852447509766,85.81716918945312,285.7812805175781,42.27460479736328,33.0377311706543,427.729248046875,62.19777297973633,4397.93994140625
2022-01-24,158.1512908935547,113.29171752929688,144.54400634765625,40.01565170288086,53.76795196533203,71.13380432128906,107.17342376708984,84.28155517578125,129.7317657470703,308.6589660644531,144.18772888183594,130.02996826171875,306.3062438964844,69.18917083740234,85.14009857177734,286.1095275878906,41.273597717285156,33.25579071044922,428.7494201660156,62.73210525512695,4410.1298828125
2022-01-25,156.35073852539062,114.08893585205078,139.98599243164062,40.806087493896484,54.977088928222656,74.63822937011719,111.73235321044922,88.09566497802734,125.89448547363281,307.0050964355469,148.31068420410156,131.44735717773438,297.8128967285156,69.74213409423828,85.97341918945312,278.5023193359375,42.07439422607422,35.24569320678711,423.71319580078125,64.5763931274414,4356.4501953125
2022-01-26,156.26272583007812,115.06616973876953,138.87249755859375,41.228248596191406,55.52592086791992,74.59537506103516,111.816650390625,88.58171081542969,128.17364501953125,308.02081298828125,148.97422790527344,132.6942901611328,292.3358459472656,69.46125793457031,86.95433044433594,286.43780517578125,42.450782775878906,36.16340255737305,425.1878662109375,63.921417236328125,4349.93017578125
2022-01-27,155.8027801513672,116.5577392578125,139.6374969482422,40.842018127441406,55.01139831542969,76.82315063476562,114.0750732421875,90.4105453491211,127.9475326538086,306.5376281738281,150.9295196533203,130.35292053222656,292.3458251953125,70.72516632080078,87.8050537109375,289.4593811035156,43.06401824951172,35.30929183959961,428.12799072265625,64.74014282226562,4326.509765625
2022-01-28,166.67433166503906,118.22933959960938,143.97799682617188,41.201297760009766,55.47446823120117,76.44612884521484,110.06385803222656,90.36932373046875,132.25787353515625,311.912841796875,151.99122619628906,131.5191192626953,299.3607482910156,71.00601196289062,88.98509979248047,297.58795166015625,43.83863830566406,36.05436325073242,432.2646179199219,64.87804412841797,4431.85009765625
2022-01-31,171.0288543701172,117.34642028808594,149.57350158691406,41.443817138671875,55.84320068359375,75.93202209472656,110.67057800292969,91.83566284179688,134.1943817138672,318.8070373535156,152.43356323242188,133.3043212890625,310.8208923339844,71.51507568359375,89.63194274902344,300.2137145996094,42.51533126831055,35.50010681152344,438.30255126953125,65.4640884399414,4515.5498046875
2022-02-01,170.86248779296875,117.44071197509766,151.19349670410156,42.16239547729492,57.07807159423828,78.43395233154297,113.58628845214844,93.23611450195312,136.51568603515625,327.2383728027344,151.18612670898438,135.59178161621094,316.51611328125,71.90126037597656,90.86445617675781,298.0705871582031,42.82194900512695,35.90898513793945,434.44415283203125,69.66116333007812,4546.5400390625
2022-02-02,172.0660858154297,118.82939910888672,150.6125030517578,42.11747741699219,56.79508972167969,79.0080337524414,114.1087646484375,93.02191162109375,146.7868194580078,326.33953857421875,152.8582763671875,134.50636291503906,320.4849853515625,71.98027038574219,90.8382339477539,302.6078796386719,43.45940399169922,35.663658142089844,444.9897766113281,69.48017883300781,4589.3798828125
2022-02-03,169.18917846679688,120.63819122314453,138.8455047607422,41.70430374145508,55.9632682800293,77.85990142822266,113.089111328125,92.08280181884766,141.9170684814453,322.582275390625,152.8494110107422,133.39401245117188,235.90870666503906,69.34716033935547,89.41342163085938,290.82061767578125,43.07210159301758,35.05487060546875,453.32781982421875,68.67005920410156,4477.43994140625
2022-02-04,168.90505981445312,120.56958770751953,157.63949584960938,43.36600112915039,57.11278533935547,78.71671295166016,114.50482940673828,93.66446685791016,142.118408203125,330.42034912109375,151.84967041015625,136.85667419433594,235.24392700195312,68.95219421386719,91.00431823730469,295.34814453125,42.76546859741211,34.99127197265625,448.1338806152344,70.16101837158203,4500.52978515625
2022-02-07,168.18980407714844,122.18119049072266,157.9355010986328,43.57259750366211,57.35477828979492,79.63352966308594,116.75482940673828,94.48001098632812,138.05995178222656,330.9147033691406,151.3453826904297,137.31417846679688,223.15875244140625,68.09205627441406,91.93962097167969,290.5309753417969,42.934913635253906,36.59046173095703,448.62548828125,71.0055923461914,4483.8701171875
2022-02-08,171.2957305908203,123.02127838134766,161.4134979248047,44.35404968261719,58.01164245605469,78.25404357910156,114.97674560546875,91.87688446044922,138.25631713867188,332.66748046875,151.74349975585938,139.8977508544922,218.465576171875,67.50401306152344,92.96234893798828,294.0159912109375,41.71650695800781,35.45569610595703,457.63134765625,69.16990661621094,4521.5400390625
2022-02-09,172.7164306640625,122.75554656982422,161.1894989013672,44.26422882080078,58.633934020996094,79.64207458496094,116.1143798828125,93.34320831298828,140.43133544921875,336.64935302734375,151.72579956054688,140.48085021972656,230.19354248046875,67.17046356201172,95.04273986816406,300.43572998046875,41.530914306640625,35.91142654418945,461.9812927246094,68.83879089355469,4587.18017578125
2022-02-10,168.64051818847656,122.33548736572266,159.0034942626953,44.05763244628906,58.3400764465332,78.7509765625,114.63964080810547,92.80775451660156,137.4836883544922,333.0899353027344,149.8943328857422,139.8977508544922,226.29417419433594,67.19678497314453,94.02876281738281,291.9114074707031,40.82891845703125,35.701786041259766,451.42645263671875,68.17654418945312,4504.080078125
2022-02-11,165.2308807373047,121.73543548583984,153.2935028076172,43.04264450073242,58.03757095336914,80.5335464477539,116.97391510009766,96.17701721191406,133.18177795410156,326.33953857421875,148.3814239501953,138.07667541503906,217.8404998779297,67.26702880859375,91.4063949584961,284.8255615234375,40.974159240722656,37.02340316772461,443.4593505859375,69.8931655883789,4418.64013671875
2022-02-14,165.4659881591797,122.58406829833984,155.16700744628906,42.593536376953125,57.44121551513672,78.83711242675781,115.1705551147461,93.42559051513672,134.41506958007812,323.8047790527344,146.51463317871094,136.79388427734375,216.0048828125,67.11780548095703,89.65817260742188,284.78692626953125,40.183406829833984,35.82027816772461,439.9997863769531,68.82136535644531,4401.669921875
2022-02-15,169.29696655273438,124.0927963256836,156.510498046875,42.92588424682617,57.90792465209961,77.2267837524414,114.32752227783203,91.35787963867188,135.4886932373047,327.1304931640625,148.0275421142578,138.7943572998047,219.27919006347656,68.2939224243164,90.40990447998047,290.06756591796875,40.175331115722656,36.54032516479492,443.5520935058594,67.9587173461914,4471.06982421875
2022-02-16,169.06182861328125,125.04434204101562,158.10049438476562,42.827083587646484,57.86471176147461,77.68318176269531,114.36160278320312,92.07456970214844,136.60891723632812,323.6340026855469,147.93905639648438,139.04556274414062,214.8539276123047,67.77609252929688,88.41693878173828,289.72900390625,40.086578369140625,37.99866485595703,445.2401123046875,68.27239990234375,4475.009765625
2022-02-17,165.4659881591797,124.27281188964844,154.65249633789062,41.380943298339844,55.92869567871094,78.50125885009766,113.7740478515625,92.75830078125,131.45254516601562,313.7555236816406,147.03662109375,135.84300231933594,206.0926971435547,67.02127075195312,84.04634094238281,281.2450866699219,39.45719528198242,37.47002029418945,436.2342224121094,68.16785430908203,4380.259765625
2022-02-18,163.91795349121094,123.46702575683594,152.60150146484375,41.28213882446289,55.4360466003418,77.18373107910156,113.61222839355469,91.95099639892578,129.33404541015625,311.041015625,145.46058654785156,136.47988891601562,204.55477905273438,67.03002166748047,83.4082260131836,278.53643798828125,39.15864562988281,36.64970016479492,433.8876647949219,67.40974426269531,4348.8701171875
2022-02-22,160.99822998046875,124.7785873413086,150.19749450683594,40.9228515625,55.219966888427734,75.6336898803711,112.74365997314453,90.22929382324219,128.7493896484375,309.4499816894531,143.4838104248047,136.23770141601562,200.50656127929688,66.6613998413086,82.82258605957031,278.3333435058594,38.35175704956055,36.04813766479492,428.97198486328125,66.62549591064453,4304.759765625
2022-02-23,156.83413696289062,125.80728912353516,144.82699584960938,40.22224426269531,54.64088821411133,75.97814178466797,115.4260482788086,90.88831329345703,126.54212188720703,306.6815185546875,143.55508422851562,133.38502502441406,196.90478515625,66.56484985351562,81.77363586425781,271.12640380859375,37.8192024230957,36.22132110595703,426.29156494140625,66.89562225341797,4225.5
2022-02-24,159.45013427734375,124.5300064086914,151.35800170898438,39.1623420715332,52.436927795410156,75.54755401611328,114.82994842529297,90.69883728027344,131.6033172607422,305.7826232910156,140.81253051757812,129.67115783691406,205.9835662841797,64.51981353759766,80.25267028808594,284.97918701171875,37.08492660522461,34.92704391479492,422.83203125,66.0503921508789,4288.7001953125
2022-02-25,161.51748657226562,128.1903839111328,153.7884979248047,40.43780517578125,53.569156646728516,78.59598541259766,119.53895568847656,88.37577819824219,133.35731506347656,314.70831298828125,147.81129455566406,132.7391357421875,208.84112548828125,66.98616027832031,82.64775085449219,287.61041259765625,38.505062103271484,35.95699691772461,441.251953125,67.8280029296875,4384.64990234375
2022-02-28,161.78199768066406,126.6730728149414,153.56300354003906,39.70126724243164,51.19233703613281,81.68746185302734,122.62151336669922,94.66950225830078,133.94993591308594,306.7713623046875,146.53799438476562,127.2042236328125,209.3868408203125,67.21435546875,79.31736755371094,289.04217529296875,37.87567901611328,35.76557922363281,441.3631896972656,68.33338928222656,4373.93994140625
2022-03-01,159.90081787109375,126.6044921875,151.14199829101562,38.14735412597656,50.63918685913086,83.495849609375,127.49230194091797,95.89694213867188,132.9625701904297,296.7442626953125,146.0304412841797,122.40493774414062,201.9055633544922,67.00370025634766,76.59886932373047,285.327392578125,36.91546630859375,34.334598541259766,441.7156677246094,68.9869155883789,4306.259765625
2022-03-02,163.1929168701172,128.21612548828125,152.05250549316406,38.76712417602539,51.477561950683594,84.42589569091797,131.25611877441406,96.1688003540039,133.4683837890625,304.1402893066406,147.84690856933594,124.94361877441406,206.4895782470703,67.2933349609375,77.25446319580078,290.3965148925781,38.488922119140625,35.76557922363281,450.1836242675781,70.17200469970703,4386.5400390625
2022-03-03,162.86956787109375,128.9362030029297,147.89849853515625,38.3519287109375,49.800819396972656,83.88336181640625,133.0272979736328,95.79810333251953,132.80189514160156,301.4639587402344,150.0195770263672,124.05552673339844,201.38958740234375,67.71464538574219,76.72998809814453,286.26580810546875,38.59382247924805,35.10934066772461,451.3059387207031,70.61640167236328,4363.490234375
2022-03-04,159.87144470214844,129.0647735595703,145.64100646972656,36.961910247802734,48.91059875488281,86.34622192382812,135.09654235839844,97.8246078491211,130.8252410888672,298.0733642578125,150.90994262695312,120.56592559814453,198.50225830078125,68.31147003173828,75.48873138427734,280.4035339355469,39.25547409057617,35.49215316772461,462.49139404296875,73.27410125732422,4328.8701171875
2022-03-07,156.07968139648438,128.1132354736328,137.4530029296875,34.60609436035156,48.01172637939453,87.20735931396484,137.98324584960938,98.97789001464844,125.34253692626953,291.03900146484375,153.34085083007812,115.91014099121094,186.0102996826172,68.22370147705078,72.945068359375,269.8107604980469,38.71485137939453,38.37236404418945,451.5655517578125,75.91438293457031,4201.08984375
2022-03-08,154.25726318359375,126.1416015625,136.01449584960938,34.83174133300781,47.424007415771484,85.08033752441406,145.21279907226562,97.05023956298828,126.06259155273438,290.56890869140625,150.2332763671875,115.09381866455078,188.80831909179688,67.53910064697266,72.82266998291016,266.8504638671875,38.27912521362305,41.088497161865234,439.1279602050781,76.48949432373047,4170.7001953125
2022-03-09,159.6558380126953,127.59030151367188,139.2790069580078,37.04314041137695,48.35744857788086,82.85000610351562,141.58529663085938,93.72215270996094,132.32632446289062,301.6176452636719,150.8031463623047,119.70472717285156,196.95437622070312,68.27635955810547,76.39781951904297,279.0879211425781,39.33616638183594,38.791622161865234,450.3598327636719,72.14131927490234,4277.8798828125
2022-03-10,155.31544494628906,127.8731918334961,146.8175048828125,36.70917510986328,47.432640075683594,85.87258911132812,145.45977783203125,98.75546264648438,131.34396362304688,298.28131103515625,151.0702362060547,118.28738403320312,193.69003295898438,68.36414337158203,75.05168914794922,276.2727966308594,39.69926452636719,39.557254791259766,455.8042297363281,74.3807601928711,4259.52001953125
2022-03-11,151.60203552246094,127.77888488769531,145.52450561523438,36.40229034423828,46.81034851074219,84.7445068359375,145.5279083251953,96.11934661865234,128.80592346191406,295.6593017578125,150.79425048828125,115.62308502197266,186.14920043945312,68.68888854980469,74.45728302001953,270.9328918457031,40.56264114379883,39.10151672363281,449.180908203125,73.99734497070312,4204.31005859375
2022-03-14,147.57516479492188,130.38490295410156,141.85299682617188,37.18756103515625,46.870849609375,83.14278411865234,141.9684600830078,96.25231170654297,124.91854858398438,293.8329162597656,152.8778533935547,116.7713394165039,185.17681884765625,68.87484741210938,74.05518341064453,267.4212951660156,42.16029739379883,37.87105941772461,453.8786315917969,71.34835052490234,4173.10986328125
2022-03-15,151.95480346679688,133.625244140625,147.3665008544922,37.45833969116211,47.631431579589844,81.85110473632812,134.78146362304688,94.57388305664062,128.13893127441406,297.61224365234375,156.84024047851562,118.84356689453125,190.53475952148438,69.63638305664062,75.4625244140625,277.7818908691406,42.12801742553711,35.783809661865234,463.171630859375,67.2877426147461,4262.4501953125
2022-03-16,156.36383056640625,133.7709503173828,153.10400390625,38.63173294067383,49.092098236083984,81.65302276611328,134.2960968017578,93.89253997802734,132.18795776367188,308.1004943847656,155.39776611328125,124.15422821044922,202.04446411132812,69.17591857910156,80.20897674560547,284.78570556640625,42.70091247558594,34.52600860595703,463.4971618652344,67.03504943847656,4357.85986328125
2022-03-17,157.37295532226562,135.9483184814453,157.23899841308594,38.83932876586914,49.51559829711914,85.10619354248047,136.6208038330078,97.93907165527344,132.7418975830078,310.36993408203125,157.42791748046875,125.72405242919922,206.22169494628906,69.90203857421875,82.04460906982422,285.588623046875,43.766014099121094,36.01167678833008,471.64605712890625,68.82136535644531,4411.669921875
2022-03-18,160.66505432128906,136.4712371826172,161.25050354003906,38.72199630737305,49.56745910644531,85.76924896240234,137.7193145751953,96.21907806396484,135.00962829589844,312.2777099609375,155.6826629638672,125.67921447753906,214.8043212890625,70.05257415771484,82.8837661743164,290.62860107421875,43.98388671875,36.21220397949219,470.8088073730469,68.55123901367188,4463.1201171875
2022-03-21,162.03677368164062,137.19989013671875,161.4915008544922,38.66783905029297,49.24767303466797,88.4904556274414,140.197265625,101.75291442871094,134.98583984375,306.5091552734375,156.564208984375,125.2755355834961,209.84327697753906,70.00830078125,80.95196533203125,289.4001159667969,43.72567367553711,37.54292297363281,472.241455078125,71.627197265625,4461.18017578125
2022-03-22,165.40724182128906,137.1656036376953,164.88900756835938,39.87734603881836,49.69709777832031,87.6379165649414,139.7289276123047,100.39852142333984,138.7214813232422,310.1347961425781,155.8251495361328,127.9398193359375,214.96307373046875,70.22084045410156,82.35930633544922,294.1402893066406,42.79774475097656,37.55204391479492,470.06463623046875,71.31351470947266,4511.60986328125
2022-03-23,166.76914978027344,135.8026123046875,163.4080047607422,38.89350128173828,48.703163146972656,89.87688446044922,141.23614501953125,102.65861511230469,137.1420135498047,303.4440612792969,155.23748779296875,125.39216613769531,211.7979278564453,70.60157775878906,80.75093078613281,289.71929931640625,42.11188507080078,38.654903411865234,468.12054443359375,72.43761444091797,4456.240234375
2022-03-24,170.5511016845703,137.3970184326172,163.64950561523438,38.87543869018555,48.76365280151367,90.02326965332031,141.61085510253906,100.54808807373047,140.4114990234375,304.00469970703125,156.03887939453125,126.20848846435547,217.86033630371094,71.2037353515625,80.53238677978516,294.1789245605469,42.43464279174805,38.86453628540039,477.6366882324219,72.65542602539062,4520.16015625
2022-03-25,171.1879425048828,138.29713439941406,164.77349853515625,39.471153259277344,49.04024124145508,92.57223510742188,144.17398071289062,103.4562759399414,140.5116729736328,305.1439514160156,157.53475952148438,127.31190490722656,220.0928497314453,72.0272445678711,80.75093078613281,293.7725524902344,42.58794403076172,39.812461853027344,477.2367858886719,74.24134063720703,4543.06005859375
2022-03-28,172.0501708984375,138.84576416015625,168.99049377441406,39.30868911743164,48.33151626586914,89.12770080566406,141.65341186523438,100.4234619140625,140.2959747314453,303.1637878417969,158.34510803222656,126.3699722290039,221.8490447998047,71.91214752197266,79.78065490722656,300.56365966796875,42.99140167236328,38.03510665893555,477.39483642578125,72.15873718261719,4575.52001953125
2022-03-29,175.3422393798828,139.0258026123047,169.31500244140625,39.20940399169922,48.806880950927734,86.70789337158203,139.92478942871094,100.23233795166016,141.3373565673828,307.10595703125,158.26492309570312,126.64805603027344,228.07022094726562,72.23092651367188,80.27890014648438,305.1199035644531,42.55567932128906,38.85542297363281,475.09716796875,71.77534484863281,4631.60009765625
2022-03-30,174.17630004882812,140.37164306640625,166.30099487304688,38.812255859375,47.51042938232422,87.32112884521484,140.91256713867188,100.61454772949219,140.7749786376953,303.4260559082031,159.91221618652344,126.07390594482422,226.0758819580078,72.96589660644531,78.90653228759766,303.62054443359375,42.313602447509766,38.47261047363281,484.4832458496094,73.00397491455078,4602.4501953125
2022-03-31,171.08018493652344,138.96578979492188,162.99749755859375,37.20561218261719,46.15349197387695,86.3710708618164,138.6559600830078,99.06908416748047,137.9275665283203,298.462158203125,157.81082153320312,122.28829956054688,220.6286163330078,72.65599060058594,76.39781951904297,298.2515869140625,41.772987365722656,37.652305603027344,474.39019775390625,71.96703338623047,4530.41015625
2022-04-01,170.78623962402344,139.4543914794922,163.55999755859375,36.916770935058594,45.22868347167969,86.87201690673828,139.83961486816406,99.98307800292969,139.00164794921875,298.5705871582031,158.6656494140625,121.38227081298828,223.0992431640625,73.9576644897461,76.0394287109375,299.3254089355469,41.611610412597656,37.99866485595703,476.827392578125,72.42887115478516,4545.85986328125
2022-04-04,174.83274841308594,138.7772216796875,168.34649658203125,36.85358428955078,45.63491439819336,86.8460922241211,139.9673614501953,100.39852142333984,141.79954528808594,296.7533264160156,157.1341094970703,121.92050170898438,232.06884765625,73.93110656738281,76.29292297363281,304.6943054199219,41.1032600402832,37.87105941772461,474.43682861328125,72.46372985839844,4582.64013671875
2022-04-05,171.52110290527344,140.0973358154297,164.05499267578125,36.230796813964844,44.580467224121094,84.68682098388672,139.10728454589844,97.90580749511719,139.4385528564453,292.9106140136719,158.149169921875,120.50166320800781,230.0347900390625,74.134765625,74.54470825195312,300.7377624511719,41.3453369140625,36.87757110595703,481.63677978515625,72.08903503417969,4525.1201171875
2022-04-06,168.35635375976562,144.79493713378906,158.75599670410156,35.83364486694336,43.67295455932617,84.24633026123047,140.34201049804688,98.42096710205078,135.4286651611328,285.94866943359375,162.26296997070312,118.82977294921875,221.5613250732422,75.24166107177734,72.66533660888672,289.72900390625,42.66057205200195,37.169227600097656,494.6506652832031,72.89070892333984,4481.14990234375
2022-04-07,168.66014099121094,148.5410614013672,157.7845001220703,35.55382537841797,43.24080276489258,86.33650207519531,142.29208374023438,100.22407531738281,134.7745819091797,284.0408935546875,161.844482421875,118.46829986572266,221.21400451660156,76.86213684082031,72.66533660888672,291.5380554199219,44.50836181640625,37.3424186706543,499.4879455566406,74.11062622070312,4500.2099609375
2022-04-08,166.6515350341797,149.981201171875,154.4604949951172,35.80656051635742,43.97545623779297,89.00535583496094,144.70188903808594,105.4255142211914,132.1949005126953,290.5869445800781,162.16500854492188,120.6372299194336,220.59886169433594,77.6413803100586,73.478271484375,287.28155517578125,44.51643371582031,38.782508850097656,507.8692626953125,75.67039489746094,4488.27978515625
2022-04-11,162.39927673339844,145.58360290527344,151.1219940185547,35.73435592651367,43.69024658203125,84.62635803222656,140.9806671142578,100.82230377197266,127.76750183105469,290.0173034667969,160.1348419189453,120.19440460205078,214.77456665039062,76.71159362792969,73.44330596923828,275.9535827636719,43.51588821411133,37.670536041259766,499.9437255859375,73.0649642944336,4412.52978515625
2022-04-12,164.2706756591797,143.42337036132812,150.78750610351562,35.35525894165039,43.50873565673828,86.3710708618164,143.91848754882812,103.5061264038086,126.66759490966797,289.1312561035156,160.18824768066406,118.87496948242188,212.47262573242188,75.82609558105469,73.36463165283203,272.8579406738281,42.85422897338867,37.85282516479492,496.473876953125,74.58988189697266,4397.4501953125
2022-04-13,166.95526123046875,137.41494750976562,155.54100036621094,35.039344787597656,43.34452438354492,86.56969451904297,146.18356323242188,103.28876495361328,128.8292236328125,291.111328125,160.86497497558594,115.043212890625,213.3159942626953,76.26885223388672,73.53945922851562,278.2366027832031,42.846160888671875,38.80073928833008,499.5343322753906,75.64425659179688,4446.58984375
2022-04-14,161.94859313964844,140.31979370117188,151.7064971923828,33.91108322143555,44.01866912841797,87.5543441772461,146.11544799804688,102.77050018310547,125.69116973876953,290.81298828125,160.18824768066406,113.9768295288086,208.54345703125,76.95954132080078,74.09014129638672,270.70074462890625,42.8622932434082,39.420528411865234,497.50653076171875,76.53305053710938,4392.58984375
2022-04-18,161.73301696777344,137.7694549560547,152.78500366210938,35.06642150878906,45.21140670776367,89.36813354492188,148.073974609375,103.0881576538086,126.62991333007812,298.2632751464844,158.1937255859375,116.09154510498047,209.1288604736328,76.21571350097656,75.59364318847656,271.3681945800781,41.829471588134766,39.812461853027344,496.8180847167969,77.16044616699219,4391.68994140625
2022-04-19,164.01589965820312,135.167236328125,158.11549377441406,35.71630859375,45.73862075805664,87.71844482421875,146.31982421875,101.78409576416016,128.94329833984375,303.75146484375,163.0198516845703,118.49540710449219,215.61795043945312,75.9677734375,77.71774291992188,275.9923095703125,40.490028381347656,39.584590911865234,500.18560791015625,76.47205352783203,4462.2099609375
2022-04-20,163.84934997558594,135.46978759765625,153.9980010986328,35.79753875732422,45.894195556640625,88.6771469116211,146.91590881347656,102.5615234375,126.99041748046875,308.3717041015625,163.74107360839844,118.91112518310547,198.85946655273438,76.56108093261719,79.20372772216797,277.0177307128906,40.1430549621582,38.9010009765625,507.9158020019531,76.6463394165039,4459.4501953125
2022-04-21,163.0557403564453,137.043212890625,148.29600524902344,35.120574951171875,45.487979888916016,85.22229766845703,140.14617919921875,99.88652038574219,123.79136657714844,302.2596130371094,163.26914978027344,117.98933410644531,186.60562133789062,76.35740661621094,77.71774291992188,271.64874267578125,39.626651763916016,37.05075454711914,499.9437255859375,75.83595275878906,4393.66015625
2022-04-22,158.51931762695312,133.99151611328125,144.35000610351562,33.90205383300781,44.2779655456543,82.92485809326172,137.05506896972656,97.06938934326172,118.65481567382812,289.1222229003906,161.6486053466797,114.60040283203125,182.67645263671875,74.90515899658203,74.07266998291016,265.08990478515625,38.83589172363281,37.96220779418945,484.59490966796875,74.18034362792969,4271.77978515625
2022-04-25,159.58731079101562,135.1239776611328,146.07400512695312,33.658348083496094,44.191532135009766,79.16771697998047,134.10879516601562,93.43305206298828,122.06512451171875,290.61407470703125,165.62876892089844,114.56424713134766,185.5340576171875,75.65784454345703,74.34364318847656,271.5617370605469,39.49754333496094,35.264278411865234,487.6925048828125,71.67948913574219,4296.1201171875
2022-04-26,153.63021850585938,135.020263671875,139.39100646972656,32.9001579284668,43.413665771484375,78.87405395507812,133.2913055419922,93.2825698852539,117.6773910522461,283.109619140625,164.4445037841797,111.17530059814453,179.54103088378906,74.8077392578125,72.00102233886719,261.404296875,39.562095642089844,36.03902816772461,477.9344482421875,71.70562744140625,4175.2001953125
2022-04-27,153.40489196777344,136.26516723632812,138.16700744628906,32.719635009765625,42.86915588378906,80.37688446044922,133.04432678222656,94.30242156982422,113.35759735107422,283.20904541015625,162.14720153808594,109.72935485839844,173.58778381347656,74.74577331542969,71.86115264892578,273.98016357421875,40.13499450683594,36.41272735595703,477.96221923828125,73.75336456298828,4183.9599609375
2022-04-28,160.33192443847656,135.13265991210938,144.59649658203125,33.22509765625,43.232154846191406,84.25497436523438,137.77040100097656,98.44869232177734,117.55093383789062,287.892578125,163.35818481445312,111.4644775390625,204.12811279296875,78.4383544921875,73.52742004394531,280.1810607910156,40.75629806518555,36.558555603027344,487.83209228515625,75.98408508300781,4287.5
2022-04-29,154.4630126953125,126.98026275634766,124.28150177001953,32.20513916015625,42.09700012207031,82.50164031982422,133.41050720214844,97.60440826416016,113.17411041259766,276.2108459472656,160.68690490722656,107.86769104003906,198.9090576171875,78.5357437133789,71.05005645751953,268.4660339355469,39.594364166259766,35.55595397949219,473.0693359375,74.28490447998047,4131.93017578125
2022-05-02,154.7667694091797,127.83615112304688,124.5,32.6203498840332,42.53359603881836,82.84710693359375,136.0332489013672,97.22820281982422,115.6273422241211,280.6683654785156,159.0663299560547,108.85276794433594,209.4860382080078,77.61481475830078,72.25788116455078,275.1893005371094,39.00532913208008,35.647098541259766,466.18560791015625,75.29570770263672,4155.3798828125
2022-05-03,156.25604248046875,129.33177185058594,124.25350189208984,33.51393508911133,43.747352600097656,85.4468765258789,138.36647033691406,100.94815063476562,116.37217712402344,284.5020446777344,158.7546844482422,111.184326171875,210.37904357910156,77.12776947021484,73.83599090576172,272.5871276855469,39.771881103515625,36.595008850097656,464.7623596191406,76.84676361083984,4175.47998046875
2022-05-04,162.66384887695312,131.05215454101562,125.92849731445312,34.858821868896484,45.607269287109375,89.7049789428711,142.7092742919922,104.30026245117188,121.25880432128906,293.0462341308594,160.4553680419922,114.86245727539062,221.6704559326172,78.38519287109375,76.89523315429688,280.51959228515625,40.0704345703125,38.82807922363281,472.20416259765625,79.9052963256836,4300.169921875
2022-05-05,153.600830078125,131.5622100830078,116.40699768066406,33.884010314941406,44.803916931152344,88.84127044677734,141.57675170898438,103.1717529296875,115.55047607421875,283.06439208984375,157.392333984375,111.98865509033203,206.6582489013672,77.93360137939453,74.88511657714844,268.3016662597656,39.094093322753906,38.35413360595703,460.2041320800781,78.69407653808594,4146.8701171875
2022-05-06,154.32691955566406,132.1241455078125,114.77249908447266,33.80276870727539,45.074615478515625,93.01299285888672,145.3490753173828,110.52801513671875,114.79769897460938,282.96484375,157.0450439453125,111.80790710449219,202.18336486816406,78.27010345458984,74.25917053222656,265.76708984375,39.57016372680664,39.22001266479492,464.7623596191406,79.89659118652344,4123.33984375
2022-05-09,149.20492553710938,130.50750732421875,108.78900146484375,32.827945709228516,43.5639762878418,83.95266723632812,135.6074981689453,98.5907974243164,111.58871459960938,279.2849426269531,157.8998565673828,110.12699127197266,194.68223571777344,77.60594940185547,71.54377746582031,255.9481964111328,39.247398376464844,34.671844482421875,452.4833068847656,73.59651184082031,3991.239990234375
2022-05-10,151.60890197753906,131.48439025878906,108.85900115966797,32.27734375,42.56853485107422,84.64362335205078,136.9103240966797,99.94502258300781,113.45726776123047,275.82208251953125,157.68617248535156,107.44294738769531,196.11102294921875,77.7564926147461,70.75911712646484,260.707763671875,39.933265686035156,34.53512191772461,453.9623718261719,74.0844955444336,4001.050048828125
2022-05-11,143.7493438720703,131.3720245361328,105.37200164794922,32.105865478515625,41.61674118041992,85.5418930053711,138.9369659423828,101.39118194580078,112.6712646484375,272.6484680175781,156.83131408691406,106.76516723632812,187.27040100097656,78.97850799560547,69.55130004882812,252.04969787597656,39.90099334716797,34.97262191772461,452.2320861816406,75.62683868408203,3935.179931640625
2022-05-12,139.88330078125,133.3863067626953,106.93049621582031,31.654544830322266,40.65621566772461,86.02555847167969,140.2568817138672,100.7391586303711,111.91899871826172,270.7135925292969,158.3806915283203,106.67479705810547,189.75096130371094,80.43073272705078,69.28681182861328,247.01937866210938,40.99104690551758,35.574180603027344,445.3949279785156,75.97013854980469,3930.080078125
2022-05-13,144.34786987304688,132.70335388183594,113.05500030517578,31.74481964111328,41.59927749633789,88.88443756103516,142.94775390625,103.89065551757812,115.09920501708984,277.5671081542969,157.4724884033203,107.62369537353516,197.0734405517578,80.05883026123047,71.0059814453125,252.60110473632812,40.60871505737305,37.132774353027344,451.534423828125,78.22372436523438,4023.889892578125
2022-05-16,142.807373046875,134.40650939941406,110.81050109863281,31.419872283935547,41.442100524902344,91.53058624267578,147.32464599609375,105.62943267822266,113.50686645507812,274.3573913574219,158.56771850585938,106.87361145019531,198.48240661621094,81.7501449584961,70.44174194335938,252.96876525878906,41.218814849853516,38.408817291259766,455.0879211425781,80.06354522705078,4008.010009765625
2022-05-17,146.43789672851562,133.8099365234375,115.36849975585938,32.484962463378906,44.57688903808594,92.8493423461914,148.19320678710938,106.51551818847656,115.51824188232422,282.9739685058594,159.2266387939453,110.41617584228516,201.04232788085938,82.35228729248047,73.11304473876953,258.1151428222656,41.76384735107422,39.1470947265625,458.16693115234375,81.08470153808594,4088.85009765625
2022-05-18,138.1759796142578,131.7783203125,107.11250305175781,31.483060836791992,43.06625747680664,90.64566040039062,144.28683471679688,102.46955108642578,110.98223114013672,277.3320007324219,156.27035522460938,108.52742767333984,190.7431640625,81.55532836914062,71.13822937011719,246.36326599121094,40.999183654785156,37.48824691772461,438.49261474609375,79.79946899414062,3923.679931640625
2022-05-19,134.77114868164062,131.1644744873047,107.31900024414062,31.094940185546875,43.467926025390625,90.7584457397461,143.256591796875,101.73393249511719,109.47915649414062,278.6611022949219,154.88133239746094,106.91878509521484,189.80052185058594,81.54647064208984,70.49463653564453,245.45184326171875,41.20255661010742,37.2330322265625,445.162353515625,80.23078918457031,3900.7900390625
2022-05-20,135.00662231445312,130.5507354736328,107.59100341796875,30.562397003173828,43.44172668457031,91.1141357421875,144.08078002929688,102.0265121459961,108.0152587890625,277.395263671875,157.58822631835938,106.04219055175781,192.03302001953125,82.83931732177734,69.97447967529297,244.88941955566406,42.683082580566406,37.479129791259766,451.8414001464844,80.8646240234375,3901.360107421875
2022-05-23,140.42295837402344,127.9744644165039,107.55699920654297,32.37664031982422,46.078792572021484,94.58451080322266,147.4291229248047,107.05886840820312,110.57410430908203,286.2651062011719,160.80540466308594,112.60317993164062,194.70205688476562,83.0872573852539,72.56645202636719,252.7337188720703,43.016605377197266,39.93095016479492,457.7483825683594,82.65162658691406,3973.75
2022-05-24,137.72459411621094,128.9081573486328,104.0999984741211,32.178070068359375,46.000205993652344,94.98361206054688,148.21897888183594,108.0452880859375,105.10134887695312,283.8599853515625,162.56182861328125,114.1937255859375,179.86851501464844,83.80451965332031,72.25788116455078,251.73500061035156,43.44774627685547,40.01298522949219,462.8460998535156,83.10060119628906,3941.47998046875
2022-05-25,137.88162231445312,131.3720245361328,106.7750015258789,32.34956741333008,46.01766586303711,96.47583770751953,150.59713745117188,111.23858642578125,104.93769073486328,284.718994140625,160.96670532226562,114.98898315429688,182.3986358642578,83.01641082763672,72.49594116210938,254.5469207763672,43.691795349121094,41.061153411865234,463.3390808105469,84.7731704711914,3978.72998046875
2022-05-26,141.0803985595703,130.1703338623047,111.07749938964844,33.09873580932617,47.231422424316406,98.16765594482422,151.61021423339844,111.78193664550781,106.90890502929688,292.6122741699219,160.82334899902344,116.97716522216797,190.13787841796875,81.74129486083984,74.93800354003906,257.82427978515625,43.91956329345703,42.555938720703125,467.1902160644531,85.07246398925781,4057.840087890625
2022-05-27,146.83038330078125,129.67755126953125,115.14649963378906,33.41465759277344,46.82101058959961,99.4256591796875,153.0611572265625,114.3984375,111.39582061767578,297.0878601074219,162.28407287597656,118.6309814453125,193.6106414794922,82.42312622070312,76.21636962890625,264.9412841796875,43.854488372802734,43.94136047363281,471.729736328125,85.90873718261719,4158.240234375
2022-05-31,146.04537963867188,127.40390014648438,120.20950317382812,33.57711410522461,46.637638092041016,97.48225402832031,149.95323181152344,114.49040222167969,112.82945251464844,297.33349609375,160.88601684570312,119.4985122680664,192.13223266601562,81.49333190917969,75.94307708740234,263.6130065917969,43.14676284790039,42.0432014465332,462.12054443359375,84.50908660888672,4132.14990234375
2022-06-01,145.91787719726562,126.23677825927734,121.68399810791016,33.09873580932617,45.74698257446289,100.42337036132812,151.37841796875,116.97310638427734,112.95841217041016,292.7850036621094,159.2550506591797,117.40190124511719,187.17120361328125,80.70523834228516,74.93800354003906,264.146240234375,42.60173034667969,42.70183563232422,458.1855773925781,86.12883758544922,4101.22998046875
2022-06-02,148.3708953857422,126.86786651611328,125.51100158691406,33.31660079956055,45.78190994262695,99.73798370361328,151.10366821289062,116.56353759765625,116.65830993652344,294.96826171875,158.75318908691406,119.29067993164062,197.31158447265625,79.69575500488281,75.11433410644531,266.2406311035156,42.85390853881836,42.35422134399414,457.9158020019531,85.97920227050781,4176.81982421875
2022-06-03,142.65036010742188,127.23101043701172,122.3499984741211,32.853614807128906,44.821388244628906,102.47957611083984,152.4773406982422,119.10476684570312,113.6020736694336,289.90130615234375,158.0989990234375,117.62784576416016,189.2945098876953,79.61607360839844,74.16218566894531,261.8192138671875,43.27691650390625,43.42451477050781,451.7297668457031,87.22920227050781,4108.5400390625
2022-06-06,143.3960723876953,126.67768096923828,124.79000091552734,32.81730651855469,44.882511138916016,101.83755493164062,151.8162841796875,117.95955657958984,115.8628921508789,291.5660400390625,158.0811004638672,117.2392578125,192.73748779296875,79.5540771484375,74.82342529296875,260.58770751953125,43.32571792602539,43.19581604003906,455.9809265136719,87.0091323852539,4121.43017578125
2022-06-07,145.91787719726562,128.93406677246094,123.0,32.99886703491211,45.49375534057617,106.46180725097656,154.70957946777344,121.98876953125,116.1891860961914,292.4757080078125,159.8196258544922,117.5465087890625,194.12660217285156,80.12080383300781,75.22895050048828,264.22393798828125,43.89515686035156,44.76007843017578,462.4181213378906,90.99691009521484,4160.68017578125
2022-06-08,145.1819305419922,129.0291290283203,121.18000030517578,32.58127975463867,44.8912353515625,105.72432708740234,155.50802612304688,121.8299560546875,116.23332977294922,286.262451171875,158.86968994140625,115.67581176757812,195.10888671875,79.23529052734375,73.35110473632812,262.197265625,43.49656295776367,45.34554672241211,459.0972595214844,92.07087707519531,4115.77001953125
2022-06-09,139.9617919921875,125.72671508789062,116.1500015258789,31.328500747680664,43.63383102416992,102.86131286621094,152.40869140625,119.11312866210938,113.8941650390625,276.74713134765625,155.6704559326172,113.24482727050781,182.5673065185547,77.92475128173828,71.55258178710938,256.748046875,42.12178039550781,44.037418365478516,455.283203125,90.0813980102539,4017.820068359375
2022-06-10,134.55526733398438,123.79886627197266,109.6500015258789,30.112035751342773,41.6603889465332,101.36038208007812,150.58851623535156,120.37535858154297,110.25028228759766,261.1003723144531,154.6309051513672,108.0394058227539,174.2029571533203,77.19862365722656,68.23767852783203,245.30638122558594,40.64939498901367,43.186668395996094,450.81817626953125,88.43523406982422,3900.860107421875
2022-06-13,129.4038543701172,120.53096771240234,103.66999816894531,29.068056106567383,39.89653396606445,96.96170043945312,143.6601104736328,110.95437622070312,105.5203857421875,257.7344970703125,153.0716094970703,104.82217407226562,162.9810028076172,75.2682113647461,66.28046417236328,234.90225219726562,38.973628997802734,40.54296112060547,436.92987060546875,84.37703704833984,3749.6298828125
2022-06-14,130.267333984375,118.97482299804688,102.30999755859375,28.559680938720703,40.13229751586914,96.7274398803711,143.84898376464844,111.23400115966797,105.84073638916016,257.0249938964844,150.72369384765625,103.0780029296875,162.4551544189453,75.43785858154297,66.08650970458984,237.0645294189453,38.98175811767578,39.536705017089844,429.5344543457031,84.59710693359375,3735.47998046875
2022-06-15,132.88720703125,119.38114166259766,107.66999816894531,29.095291137695312,41.546878814697266,94.85346221923828,141.0243682861328,108.01376342773438,108.86473846435547,263.87493896484375,152.33676147460938,104.29802703857422,168.03138732910156,75.55388641357422,67.02103424072266,244.1137237548828,39.46171569824219,37.98158264160156,431.9344177246094,83.53192901611328,3789.989990234375
2022-06-16,127.61801147460938,120.29752349853516,103.66000366210938,28.913728713989258,40.944374084472656,88.85841369628906,133.48634338378906,101.31903076171875,105.16431427001953,259.24456787109375,152.4174041748047,102.50865936279297,159.61741638183594,75.78602600097656,65.19609069824219,237.52993774414062,38.62384033203125,35.200653076171875,425.7823486328125,80.45088195800781,3666.77001953125
2022-06-17,129.08984375,119.54541778564453,106.22000122070312,28.977277755737305,40.62128448486328,81.3277587890625,127.39070129394531,94.6328125,106.26521301269531,254.52333068847656,151.86181640625,102.14717102050781,162.46507263183594,75.54497528076172,64.27037048339844,240.1285400390625,37.851036071777344,33.51747131347656,422.02020263671875,75.81169128417969,3674.840087890625
2022-06-21,133.31890869140625,124.03225708007812,108.68000030517578,29.821542739868164,41.878700256347656,86.13419342041016,132.72227478027344,99.70045471191406,110.62964630126953,259.0899353027344,155.04312133789062,104.6775894165039,155.82716369628906,78.58926391601562,65.79558563232422,246.0336151123047,39.13632583618164,35.51168441772461,448.4022216796875,80.53012084960938,3764.7900390625
2022-06-22,132.80870056152344,127.56810760498047,108.94999694824219,29.594585418701172,41.21506881713867,80.73779296875,126.95281219482422,93.87010955810547,110.57362365722656,258.8443603515625,157.48965454101562,104.09015655517578,154.63648986816406,79.59808349609375,65.59281158447266,245.442138671875,39.91725540161133,34.32246398925781,457.1402893066406,77.34342956542969,3759.889892578125
2022-06-23,135.6738739013672,129.20205688476562,112.44000244140625,29.122529983520508,40.472843170166016,76.25236511230469,122.2823715209961,90.8193359375,111.32192993164062,260.3271179199219,161.0025634765625,102.95146942138672,157.513916015625,82.13350677490234,65.21371459960938,250.9980926513672,40.74700164794922,31.998937606811523,466.5971374511719,75.0106201171875,3795.72998046875
2022-06-24,139.0001983642578,131.7005157470703,116.45999908447266,29.331323623657227,41.791385650634766,78.87248229980469,124.29136657714844,93.71758270263672,117.00792694091797,275.4098815917969,163.3594207763672,106.02411651611328,168.8350830078125,83.14231872558594,68.60797882080078,259.5696105957031,41.96722412109375,32.07211685180664,462.7041931152344,76.49832916259766,3911.739990234375
2022-06-27,139.0001983642578,132.3921356201172,113.22000122070312,29.367633819580078,41.76518249511719,80.63861083984375,126.69528198242188,96.40394592285156,114.88398742675781,273.6177673339844,163.20709228515625,105.17462921142578,168.1702880859375,84.2850570678711,68.27294158935547,256.8449401855469,42.203128814697266,32.831382751464844,472.0583801269531,78.37338256835938,3900.110107421875
2022-06-28,134.8594207763672,131.83021545410156,107.4000015258789,29.28592872619629,41.22380447387695,83.25282287597656,128.7300262451172,100.25975036621094,111.08935546875,272.4442138671875,158.56504821777344,104.66853332519531,159.42889404296875,82.03530883789062,68.90769958496094,248.69039916992188,41.210693359375,33.81935501098633,474.65362548828125,80.54771423339844,3821.550048828125
2022-06-29,136.61582946777344,133.25665283203125,108.91999816894531,28.922807693481445,41.12774658203125,79.96536254882812,126.18872833251953,95.94633483886719,110.78585815429688,275.8919982910156,158.60983276367188,104.19862365722656,162.6634979248047,82.58881378173828,68.93416595458984,252.35557556152344,41.438453674316406,33.09667205810547,481.4405517578125,77.57229614257812,3818.830078125
2022-06-30,134.15296936035156,132.40945434570312,106.20999908447266,28.260107040405273,40.15849685668945,78.52275085449219,124.2999496459961,93.5904541015625,108.0698013305664,270.1972961425781,159.07583618164062,101.7676010131836,159.9944305419922,81.39251708984375,67.05630493164062,249.0297393798828,42.650535583496094,32.71245193481445,479.4986877441406,75.3891372680664,3785.3798828125
2022-07-01,136.32144165039062,132.9627227783203,109.55999755859375,28.650466918945312,40.92690658569336,79.54571533203125,125.78524780273438,94.5904312133789,107.84614562988281,272.20770263671875,160.87710571289062,103.06896209716797,158.783935546875,82.50846099853516,67.66461944580078,251.69622802734375,42.55292892456055,32.61183166503906,483.01824951171875,77.07052612304688,3825.330078125
2022-07-05,138.90206909179688,133.0751190185547,113.5,28.35996437072754,40.69987869262695,74.00249481201172,122.4798583984375,88.8279037475586,112.33456420898438,270.3611145019531,159.64041137695312,102.67692565917969,166.88043212890625,82.70487213134766,67.10038757324219,254.86688232421875,42.00789260864258,30.48954963684082,471.6662902832031,74.65848541259766,3831.389892578125
2022-07-06,140.23655700683594,131.86474609375,114.33000183105469,28.123937606811523,40.29821014404297,72.86589813232422,120.86576080322266,85.51441955566406,113.6328125,267.2316589355469,159.78378295898438,102.01136016845703,168.44810485839844,83.14231872558594,66.51851654052734,258.1248474121094,42.910858154296875,29.94068145751953,481.0484619140625,73.31163787841797,3845.080078125
2022-07-07,143.6021728515625,131.40658569335938,116.33000183105469,28.922807693481445,40.979305267333984,75.49760437011719,123.21820831298828,89.03974914550781,117.8093032836914,271.63458251953125,159.96302795410156,104.59152221679688,170.8492431640625,83.03518676757812,67.87621307373047,260.2483825683594,43.455875396728516,31.450061798095703,480.198974609375,75.65323638916016,3902.6201171875
2022-07-08,144.27915954589844,132.14144897460938,115.54000091552734,28.859262466430664,40.88325119018555,75.5937728881836,122.57428741455078,89.42110443115234,118.3751220703125,269.697021484375,159.76585388183594,104.26329803466797,169.54946899414062,82.8298568725586,67.64698791503906,259.5308532714844,43.25251007080078,31.395177841186523,484.16656494140625,75.7764892578125,3899.3798828125
2022-07-11,142.14993286132812,132.46995544433594,111.75,28.559680938720703,40.333133697509766,74.79814147949219,121.49248504638672,87.87876892089844,114.728271484375,266.7041320800781,159.82859802246094,102.89571380615234,161.61178588867188,84.18685150146484,66.84471893310547,256.4765319824219,43.02473831176758,30.526140213012695,482.59820556640625,75.3891372680664,3854.429931640625
2022-07-12,143.12136840820312,131.8042755126953,109.22000122070312,28.468904495239258,40.28074264526367,72.96206665039062,119.26886749267578,84.31106567382812,113.08585357666016,266.11279296875,157.58822631835938,102.99600982666016,161.9987030029297,83.56192016601562,66.95051574707031,245.9657440185547,42.33328628540039,29.94068145751953,480.23626708984375,74.38560485839844,3818.800048828125
2022-07-13,142.75830078125,131.5362548828125,110.4000015258789,27.996843338012695,39.730628967285156,72.66481018066406,118.4704360961914,84.226318359375,110.44071960449219,263.94769287109375,157.22079467773438,102.02960968017578,162.217041015625,83.71369171142578,66.1041488647461,245.04457092285156,42.12990951538086,29.538183212280273,467.9320983886719,74.68489074707031,3801.780029296875
2022-07-14,145.68234252929688,131.27450561523438,110.62999725341797,27.352296829223633,38.54307174682617,71.35330963134766,116.71041107177734,81.22068786621094,109.46279907226562,256.16070556640625,157.43585205078125,98.4648208618164,156.81936645507812,83.8118896484375,65.8484878540039,246.36326599121094,41.80451965332031,28.659992218017578,469.0429992675781,73.1883773803711,3790.3798828125
2022-07-15,147.3504180908203,134.04937744140625,113.55000305175781,29.276851654052734,43.64256286621094,72.47245788574219,118.17852783203125,83.0650634765625,110.8612289428711,267.331787109375,159.7210235595703,102.97779846191406,163.41757202148438,84.77606201171875,68.81074523925781,248.92312622070312,42.09737777709961,29.547334671020508,494.5475158691406,74.4207992553711,3863.159912109375
2022-07-18,144.3086395263672,130.5153350830078,113.76000213623047,29.28592872619629,43.72114944458008,74.37847137451172,119.83550262451172,84.98628234863281,108.13624572753906,274.0544128417969,156.136474609375,101.92019653320312,165.92788696289062,82.4370346069336,69.52484893798828,246.52809143066406,41.283897399902344,30.30660057067871,484.8572998046875,75.79408264160156,3830.85009765625
2022-07-19,148.16485595703125,130.66366577148438,118.20999908447266,30.275440216064453,45.51995086669922,77.35991668701172,124.15399932861328,88.4786376953125,112.87705993652344,289.32818603515625,153.8602294921875,104.44564819335938,174.4113006591797,82.45491027832031,71.98457336425781,251.64779663085938,41.78825759887695,31.30369758605957,498.0017395019531,77.70433807373047,3936.68994140625
2022-07-20,150.16648864746094,128.8748016357422,122.7699966430664,30.284526824951172,45.799373626708984,79.30962371826172,125.7938232421875,90.14368438720703,112.96634674072266,292.4211120605469,152.98202514648438,104.42741394042969,181.66439819335938,80.03555297851562,72.1256332397461,254.30450439453125,41.34083938598633,31.23052215576172,484.9505920410156,78.55821990966797,3959.89990234375
2022-07-21,152.4331817626953,128.92718505859375,124.62999725341797,30.54778480529785,45.92161560058594,77.75334930419922,124.83222961425781,88.42740631103516,113.40272521972656,297.05145263671875,153.5196990966797,105.1385498046875,181.7437744140625,80.47298431396484,73.19239044189453,256.7964172363281,41.58488464355469,30.763978958129883,487.7420349121094,77.24658203125,3998.949951171875
2022-07-22,151.19680786132812,129.5554656982422,122.41999816894531,30.34807014465332,45.327842712402344,77.05388641357422,123.79338836669922,86.24148559570312,107.01551818847656,294.6772155761719,154.2455596923828,104.62800598144531,167.95199584960938,80.44620513916016,72.67223358154297,252.4524688720703,41.67436599731445,32.081260681152344,486.76171875,76.65678405761719,3961.6298828125
2022-07-25,150.0782470703125,131.08250427246094,121.13999938964844,30.62040901184082,45.546142578125,80.48123168945312,127.4765625,90.06684875488281,106.62871551513672,294.85003662109375,154.55029296875,105.04737854003906,165.35240173339844,80.82115936279297,72.7780532836914,250.96896362304688,42.1136474609375,33.087520599365234,494.28607177734375,79.20966339111328,3966.840087890625
2022-07-26,148.7535858154297,131.6497039794922,114.80999755859375,30.00309944152832,44.882511138916016,79.64187622070312,126.48062133789062,88.58963012695312,104.15911865234375,289.78302001953125,155.64356994628906,103.40630340576172,157.9107666015625,81.4996566772461,71.22637939453125,244.24948120117188,42.54478073120117,32.56609344482422,496.2653503417969,78.90155029296875,3921.050048828125
2022-07-27,153.8461151123047,131.89402770996094,120.97000122070312,30.493318557739258,45.7120475769043,81.54790496826172,128.1461944580078,92.38084411621094,112.13321685791016,295.2321472167969,155.21340942382812,105.06559753417969,168.2595977783203,81.44608306884766,72.74275207519531,260.5780029296875,42.26007080078125,33.23388671875,499.0846252441406,80.60933685302734,4023.610107421875
2022-07-28,154.39561462402344,130.67236328125,122.27999877929688,30.24820899963379,45.607269287109375,82.23863220214844,129.1163787841797,91.69774627685547,113.2837142944336,299.389404296875,156.1095733642578,104.6735610961914,159.46856689453125,80.29443359375,73.8240966796875,268.01507568359375,41.57965087890625,32.666725158691406,505.50750732421875,81.55126190185547,4072.429931640625
2022-07-29,159.45872497558594,125.22733306884766,134.9499969482422,30.693038940429688,45.765995025634766,85.18507385253906,140.61227416992188,94.96809387207031,115.36649322509766,303.28289794921875,156.39634704589844,105.17501068115234,157.86117553710938,79.75877380371094,75.02558135986328,272.2135314941406,41.407493591308594,33.87423324584961,506.3009338378906,85.32777404785156,4130.2900390625
2022-08-01,158.47752380371094,122.3564453125,135.38999938964844,30.602252960205078,45.783626556396484,83.14791107177734,137.8048095703125,91.85997772216797,113.91847229003906,302.0911560058594,155.8496856689453,104.12654876708984,158.68472290039062,79.03564453125,74.83866882324219,269.5664978027344,41.48947525024414,33.297916412353516,499.803466796875,83.17103576660156,4118.6298828125
2022-08-02,157.0056610107422,122.50483703613281,134.16000366210938,29.99402618408203,44.75191116333008,82.80691528320312,136.62863159179688,91.5269775390625,114.18624114990234,298.2705078125,154.9625244140625,102.50370025634766,158.94271850585938,78.21432495117188,74.34029388427734,266.4733581542969,40.735260009765625,33.56319808959961,499.8780822753906,82.81009674072266,4091.18994140625
2022-08-03,163.01077270507812,123.21163940429688,139.52000427246094,30.538711547851562,45.51026153564453,79.84297943115234,133.38333129882812,88.47007751464844,117.112060546875,303.0827331542969,156.4590606689453,103.57951354980469,167.4856719970703,78.22325134277344,75.69306182861328,273.89111328125,40.8746337890625,32.5112190246582,504.7232971191406,80.12516784667969,4155.169921875
2022-08-04,162.69676208496094,121.22209930419922,142.57000732421875,30.320837020874023,45.20162582397461,78.58393859863281,129.7602996826172,85.23389434814453,117.22117614746094,301.9001770019531,153.94985961914062,102.43988800048828,169.2418670654297,77.50902557373047,75.96896362304688,275.03521728515625,40.8746337890625,31.056711196899414,498.2817077636719,76.75361633300781,4151.93994140625
2022-08-05,162.4707489013672,120.45421600341797,140.8000030517578,30.829206466674805,45.55436325073242,81.18067169189453,131.90663146972656,91.37327575683594,116.50707244873047,304.4472961425781,153.34043884277344,105.53971099853516,165.8087921142578,78.03575897216797,76.65424346923828,274.3175964355469,40.390960693359375,31.70620346069336,499.5047302246094,77.86278533935547,4145.18994140625
2022-08-08,161.99913024902344,122.461181640625,139.41000366210938,30.40253257751465,45.38682174682617,81.86266326904297,131.70916748046875,91.5269775390625,116.33847045898438,304.4564208984375,152.52493286132812,104.2541732788086,168.9243621826172,78.99993133544922,76.56525421142578,271.806396484375,40.636898040771484,31.697059631347656,500.94232177734375,78.30293273925781,4140.06005859375
2022-08-09,162.0482635498047,122.38264465332031,137.8300018310547,30.79289436340332,45.93353271484375,83.50638580322266,133.42628479003906,92.42354583740234,115.67395782470703,306.2211608886719,152.5070037841797,105.1932373046875,167.21774291992188,79.91947937011719,76.85896301269531,273.7261657714844,40.809043884277344,32.00809097290039,501.55853271484375,79.74664306640625,4122.47021484375
2022-08-10,166.29306030273438,122.98475646972656,142.69000244140625,31.836868286132812,46.90353012084961,83.91730499267578,133.77825927734375,93.06394958496094,118.71878051757812,316.4916076660156,152.94618225097656,107.93750762939453,176.95138549804688,79.6248779296875,79.11060333251953,280.37786865234375,40.948402404785156,31.944032669067383,501.9879150390625,80.50369262695312,4210.240234375
2022-08-11,165.55609130859375,123.97953033447266,140.63999938964844,32.59943771362305,47.61779022216797,87.74683380126953,137.0407257080078,96.94908142089844,117.86583709716797,319.9211730957031,149.78273010253906,109.53299713134766,176.10801696777344,79.39274597167969,80.27647399902344,278.30279541015625,39.58756637573242,33.746158599853516,497.4508361816406,82.83251190185547,4207.27001953125
2022-08-12,169.1032257080078,124.43330383300781,143.5500030517578,32.9534797668457,47.952880859375,89.83647918701172,137.2382049560547,97.76026916503906,120.68255615234375,321.86785888671875,148.13381958007812,111.3473129272461,179.0945587158203,81.25860595703125,81.57585144042969,283.0442810058594,41.07957458496094,33.974853515625,507.5706481933594,83.55248260498047,4280.14990234375
2022-08-15,170.17422485351562,124.16276550292969,143.17999267578125,32.9080924987793,47.67952346801758,88.50152587890625,134.62823486328125,95.8731918334961,121.07928466796875,323.7145690917969,148.84178161621094,111.6481704711914,179.48150634765625,80.88365936279297,81.89624786376953,284.55694580078125,40.784446716308594,32.71245193481445,508.4482116699219,82.05919647216797,4297.14013671875
2022-08-16,170.0170440673828,124.3896484375,144.77999877929688,33.26213455200195,47.776519775390625,87.91307830810547,134.28482055664062,95.98419952392578,120.702392578125,322.9140625,150.16810607910156,112.71485137939453,178.07257080078125,80.87471771240234,81.71825408935547,283.8199768066406,40.8746337890625,32.54780578613281,509.8298034667969,81.29476165771484,4305.2001953125
2022-08-17,171.5105743408203,123.42105865478516,142.10000610351562,33.0533447265625,47.406158447265625,89.01969146728516,135.39231872558594,97.07716369628906,118.57003021240234,321.7950744628906,150.1770477294922,111.76667785644531,173.4885711669922,81.27645111083984,81.29996490478516,283.0718078613281,40.390960693359375,32.383140563964844,508.7842102050781,81.95252227783203,4274.0400390625
2022-08-18,171.11753845214844,123.29017639160156,142.3000030517578,32.93531799316406,47.220970153808594,92.11112976074219,137.76612854003906,101.60269927978516,119.1849365234375,322.5047302246094,149.451171875,110.90055084228516,173.30003356933594,81.59786987304688,81.63815307617188,281.9543762207031,39.82530212402344,33.96570587158203,508.9895324707031,83.8902359008789,4283.740234375
2022-08-19,168.53334045410156,123.77880859375,138.22999572753906,32.20907211303711,46.3920783996582,92.33946990966797,136.6138458251953,101.39777374267578,116.24920654296875,317.7287902832031,151.7273712158203,108.15629577636719,166.6522216796875,82.20494079589844,80.10737609863281,278.0481872558594,40.29258346557617,33.95656204223633,511.8836669921875,83.62358093261719,4228.47998046875
2022-08-22,164.65211486816406,122.461181640625,133.22000122070312,31.519142150878906,45.19281768798828,92.42729949951172,135.929443359375,101.52584838867188,113.30355834960938,311.4974365234375,151.19509887695312,106.3693618774414,161.7804412841797,81.38361358642578,78.72792053222656,269.88604736328125,40.08763885498047,33.77360916137695,508.3827209472656,83.5613784790039,4137.990234375
2022-08-23,164.31802368164062,121.30935668945312,133.6199951171875,31.237720489501953,44.92826843261719,95.24650573730469,140.3391571044922,103.98500061035156,112.92666625976562,309.4596862792969,149.8779296875,105.32086181640625,159.85556030273438,80.52654266357422,78.58550262451172,268.61309814453125,39.358028411865234,36.00566864013672,500.1954650878906,87.10790252685547,4128.72998046875
2022-08-24,164.61279296875,120.34077453613281,133.8000030517578,31.33758544921875,44.98117446899414,97.06449127197266,141.37875366210938,105.79522705078125,112.75804901123047,311.06072998046875,149.38172912597656,105.57617950439453,161.98878479003906,80.35694122314453,78.85250091552734,267.9815673828125,38.88254928588867,36.5088005065918,500.81170654296875,87.62342834472656,4140.77001953125
2022-08-25,167.06927490234375,121.5798568725586,137.27999877929688,31.900419235229492,45.90707778930664,98.4345474243164,142.6176300048828,106.92236328125,115.69380187988281,315.19989013671875,150.78012084960938,108.0833740234375,167.4658203125,80.58905029296875,80.01839447021484,270.9549255371094,39.267845153808594,36.74663162231445,505.58209228515625,88.07675170898438,4199.1201171875
2022-08-26,160.7708740234375,118.9794921875,130.75,30.892749786376953,43.89654541015625,98.46968841552734,141.5693817138672,106.3673324584961,109.43551635742188,306.02105712890625,148.19989013671875,104.54592895507812,160.5203094482422,79.68737030029297,77.25942993164062,260.4995422363281,38.38247299194336,36.060546875,494.0808410644531,86.99234771728516,4057.659912109375
2022-08-29,158.56993103027344,118.42105102539062,129.7899932861328,30.774738311767578,43.53499984741211,99.61140441894531,142.6262969970703,108.07508087158203,108.52305603027344,303.7650146484375,147.0541534423828,104.2906494140625,157.93063354492188,78.19645690917969,75.9600601196289,257.72052001953125,37.898799896240234,36.93873596191406,494.5662536621094,88.99226379394531,4030.610107421875
2022-08-30,156.14291381835938,118.28141021728516,128.72999572753906,30.947223663330078,43.2792854309082,97.04691314697266,139.15223693847656,104.0533218383789,108.0469970703125,303.501220703125,146.53990173339844,104.30889892578125,155.93629455566406,77.56258392333984,75.14127349853516,255.52452087402344,37.5872802734375,35.38360595703125,488.0967712402344,85.60572814941406,3986.159912109375
2022-08-31,154.48236083984375,117.33028411865234,126.7699966430664,30.511484146118164,43.04119873046875,96.12474822998047,136.9344024658203,103.57516479492188,107.3329086303711,304.9126892089844,145.55653381347656,103.68892669677734,161.661376953125,76.20561218261719,75.8443603515625,254.06695556640625,37.07901382446289,34.898780822753906,484.8199768066406,84.96576690673828,3955.0
2022-09-01,155.20947265625,120.81198120117188,127.81999969482422,30.584579467773438,42.988285064697266,94.43849182128906,134.751220703125,101.36361694335938,108.8404312133789,305.6734619140625,149.16525268554688,104.40007019042969,164.07244873046875,77.80364227294922,76.6898422241211,253.0272674560547,38.22671890258789,33.70956802368164,489.1796569824219,83.43694305419922,3966.85009765625
2022-09-02,153.09689331054688,118.9184341430664,127.51000213623047,30.548025131225586,43.067649841308594,96.83613586425781,136.7524871826172,103.76301574707031,106.9659194946289,303.82196044921875,146.819580078125,103.67069244384766,159.07168579101562,76.98231506347656,76.8945541381836,248.81016540527344,37.46431350708008,34.82559585571289,482.0380554199219,84.96576690673828,3924.260009765625
2022-09-06,151.83920288085938,120.06151580810547,126.11000061035156,30.20992660522461,42.52092742919922,95.40457153320312,136.1200714111328,102.72982025146484,105.9344482421875,299.24835205078125,147.21652221679688,103.69802856445312,157.3055419921875,77.15191650390625,75.76426696777344,246.07969665527344,37.51349639892578,34.33393096923828,483.2796936035156,84.39689636230469,3908.18994140625
2022-09-07,153.2442626953125,121.03885650634766,129.47999572753906,30.67595672607422,42.88247299194336,93.76224517822266,134.3787078857422,100.05718994140625,108.55281066894531,302.9787292480469,148.0194854736328,105.66732788085938,159.14114379882812,77.55368041992188,77.30393981933594,250.7826385498047,37.81682586669922,34.0582275390625,487.0137939453125,83.67691802978516,3979.8701171875
2022-09-08,151.77041625976562,122.61827850341797,129.82000732421875,31.662851333618164,44.00236511230469,95.13230895996094,135.10641479492188,101.02206420898438,107.4915771484375,307.3966064453125,149.2103271484375,108.12895202636719,160.7981414794922,78.04468536376953,78.71009826660156,251.20045471191406,38.59562301635742,35.07832336425781,492.4563903808594,84.36134338378906,4006.179931640625
2022-09-09,154.62974548339844,123.40361022949219,133.27000427246094,31.9278507232666,44.68136215209961,98.33795166015625,138.58909606933594,105.33413696289062,109.74298095703125,311.7227478027344,149.49903869628906,108.64863586425781,167.8329315185547,77.97325134277344,79.6178970336914,256.9722900390625,39.21865463256836,36.438446044921875,491.032958984375,85.77461242675781,4067.360107421875
2022-09-12,160.58419799804688,124.119140625,136.4499969482422,32.22940444946289,44.85771942138672,100.46331787109375,140.781005859375,107.93846893310547,109.95125579833984,313.9958190917969,149.43588256835938,109.93415069580078,167.64443969726562,78.70533752441406,80.23197174072266,259.1002502441406,39.153076171875,36.897953033447266,497.50408935546875,86.76123046875,4110.41015625
2022-09-13,151.1611785888672,120.88177490234375,126.81999969482422,31.068885803222656,43.20874786376953,98.65412902832031,138.10400390625,104.94989776611328,103.4648666381836,300.98980712890625,145.54751586914062,106.11407470703125,151.93768310546875,77.02693176269531,77.47305297851562,244.85536193847656,37.86600875854492,35.35402297973633,481.3123474121094,84.73466491699219,3932.68994140625
2022-09-14,152.60560607910156,121.77182006835938,128.5500030517578,30.950096130371094,42.70610046386719,103.37911987304688,141.44808959960938,109.54863739013672,104.1392822265625,299.9540710449219,148.5517578125,105.86790466308594,150.2906036376953,78.25086975097656,77.58873748779297,245.07888793945312,37.833221435546875,36.980655670166016,477.3884582519531,86.81459045410156,3946.010009765625
2022-09-15,149.71678161621094,124.3547134399414,126.27999877929688,31.5349178314209,42.71491622924805,101.4908676147461,139.15223693847656,105.94397735595703,102.06643676757812,303.9502868652344,148.93064880371094,107.46340942382812,148.3855743408203,78.0708999633789,78.54991149902344,238.4325408935547,37.66106033325195,36.420066833496094,489.69378662109375,84.29022979736328,3901.35009765625
2022-09-16,148.0758819580078,125.707275390625,123.52999877929688,31.17854118347168,42.423927307128906,99.3567123413086,135.53961181640625,104.98446655273438,101.95732116699219,298.9916687011719,151.20416259765625,106.74315643310547,145.1509246826172,78.94384765625,77.81121826171875,237.81063842773438,37.73483657836914,35.26211166381836,487.9239196777344,82.85028076171875,3873.330078125
2022-09-19,151.79002380371094,124.48561096191406,124.66000366210938,31.699398040771484,42.53856658935547,99.12838745117188,135.929443359375,104.10275268554688,102.22511291503906,301.2372741699219,150.01329040527344,107.72782135009766,146.86746215820312,77.97189331054688,78.95931243896484,237.59689331054688,37.25116729736328,35.81352233886719,490.293212890625,82.84140014648438,3899.889892578125
2022-09-20,154.1678924560547,123.70901489257812,122.19000244140625,31.224227905273438,41.66556930541992,98.42576599121094,135.392333984375,103.41121673583984,100.3109359741211,296.2878723144531,148.8314208984375,105.603515625,144.9524688720703,77.39593505859375,77.59764099121094,235.5854949951172,36.70191192626953,35.38159942626953,489.5907287597656,82.16587829589844,3855.929931640625
2022-09-21,151.0432891845703,122.43500518798828,118.54000091552734,30.292165756225586,40.85430908203125,97.56509399414062,134.2920684814453,102.20967102050781,98.46617889404297,293.95062255859375,147.30674743652344,102.55841064453125,141.01339721679688,76.07299041748047,76.85896301269531,232.18455505371094,36.00508499145508,34.53611373901367,479.55169677734375,80.84146881103516,3789.929931640625
2022-09-22,150.08035278320312,124.79105377197266,117.30999755859375,29.698198318481445,40.19295120239258,96.66048431396484,134.1881103515625,102.30474853515625,99.31912994384766,286.81060791015625,149.9230499267578,101.39141082763672,141.7079620361328,78.75486755371094,75.44385528564453,234.1571044921875,36.53794479370117,35.133460998535156,484.5899963378906,80.50371551513672,3757.989990234375
2022-09-23,147.81057739257812,124.83467102050781,113.77999877929688,28.99458122253418,39.028953552246094,88.34342956542969,125.42070770263672,94.32609558105469,97.93060302734375,276.7742004394531,150.41021728515625,99.50416564941406,139.3166961669922,78.097900390625,72.54254150390625,231.1837615966797,36.13625717163086,32.16508865356445,480.984619140625,76.21942138671875,3693.22998046875
2022-09-26,148.14462280273438,123.2203598022461,115.1500015258789,28.354928970336914,37.909053802490234,87.12265014648438,122.11993408203125,90.9202880859375,97.36528015136719,270.03753662109375,149.489990234375,97.36164855957031,135.30819702148438,77.55792236328125,70.98506927490234,230.72705078125,35.931312561035156,31.117422103881836,476.0680847167969,74.64613342285156,3655.0400390625
2022-09-27,149.11741638183594,123.66539764404297,114.41000366210938,27.93458366394043,37.55632781982422,86.73623657226562,122.17192077636719,91.15367889404297,96.70077514648438,267.0678405761719,148.8043212890625,96.50465393066406,133.353515625,77.2519302368164,70.73587036132812,229.71649169921875,36.14445114135742,31.227706909179688,476.0774230957031,76.21052551269531,3647.2900390625
2022-09-28,147.2308349609375,126.178466796875,118.01000213623047,28.391481399536133,38.270606994628906,91.76081085205078,126.29570007324219,96.5822525024414,99.22987365722656,275.6927185058594,150.08546447753906,98.45570373535156,140.50735473632812,78.097900390625,72.5069351196289,234.2445526123047,36.42318344116211,32.56944274902344,481.2936096191406,78.98375701904297,3719.0400390625
2022-09-29,139.9990234375,124.53799438476562,114.80000305175781,28.01682472229004,37.379974365234375,92.34878540039062,125.42070770263672,97.65413665771484,96.62142181396484,271.40313720703125,148.43446350097656,96.78726959228516,135.34786987304688,77.97189331054688,71.07404327392578,230.77561950683594,36.20183563232422,33.056514739990234,476.5081787109375,78.82376098632812,3640.469970703125
2022-09-30,135.7935333251953,117.1121597290039,113.0,27.596481323242188,36.74506378173828,91.17281341552734,124.46772003173828,96.5822525024414,94.86593627929688,268.5984802246094,147.3789520263672,95.27381896972656,134.62351989746094,77.50391387939453,70.31756591796875,226.30589294433594,35.873924255371094,32.99219512939453,472.958984375,77.60601806640625,3585.6201171875
2022-10-03,139.96954345703125,120.69854736328125,115.87999725341797,28.409759521484375,37.529876708984375,97.97024536132812,131.4504852294922,103.6705551147461,97.8314208984375,274.1895751953125,147.23455810546875,98.21864318847656,137.53074645996094,78.79085540771484,71.5368423461914,233.92391967773438,36.18544006347656,35.197784423828125,482.7638244628906,81.70365142822266,3678.429931640625
2022-10-04,143.55599975585938,123.9009780883789,121.08999633789062,29.588546752929688,39.16122817993164,103.00373077392578,136.5618896484375,108.20011901855469,100.80683135986328,288.5978698730469,149.4178466796875,102.81366729736328,139.18772888183594,79.54682159423828,74.7319107055664,241.83343505859375,36.44776916503906,35.95136642456055,489.9372863769531,84.68132781982422,3790.929931640625
2022-10-05,143.8507537841797,125.0702896118164,120.94999694824219,29.168201446533203,38.658592224121094,103.2799072265625,137.34161376953125,108.98677825927734,100.59855651855469,283.21771240234375,148.9576873779297,101.54425811767578,137.89784240722656,79.54682159423828,73.96650695800781,242.1443634033203,36.16905212402344,38.20292282104492,493.589599609375,88.10342407226562,3783.280029296875
2022-10-06,142.89764404296875,122.41756439208984,120.30000305175781,28.747854232788086,37.97077560424805,104.81220245361328,139.8453369140625,110.24017333984375,100.58863067626953,279.24896240234375,146.07078552246094,99.47457122802734,137.98715209960938,78.6918716430664,72.36453247070312,239.80259704589844,35.32466506958008,39.04841232299805,486.15399169921875,90.7166748046875,3744.52001953125
2022-10-07,137.650634765625,121.08246612548828,114.55999755859375,28.09906578063965,37.20361328125,105.578369140625,138.64109802246094,110.17102813720703,97.87109375,275.9584655761719,144.5280303955078,97.4876480102539,132.41090393066406,78.83584594726562,70.2463607788086,227.60792541503906,34.69342803955078,39.14030838012695,472.7810363769531,89.80113983154297,3639.659912109375
2022-10-10,137.97488403320312,120.68980407714844,113.66999816894531,28.01682472229004,36.68334197998047,104.05496215820312,136.1374053955078,106.92941284179688,97.05781555175781,275.4635925292969,144.71749877929688,96.57696533203125,132.74826049804688,81.42772674560547,69.78357696533203,222.75924682617188,34.22614288330078,38.71757507324219,467.1715393066406,87.85453796386719,3612.389892578125
2022-10-11,136.55996704101562,123.48214721679688,112.20999908447266,27.203550338745117,35.66925811767578,102.96809387207031,136.16334533691406,106.06500244140625,96.38339233398438,269.6617126464844,146.81051635742188,93.7897720336914,127.53913116455078,81.9406967163086,68.52869415283203,219.02793884277344,34.36551284790039,38.377540588378906,468.0611877441406,87.10790252685547,3588.840087890625
2022-10-12,135.93109130859375,122.14706420898438,112.9000015258789,27.285791397094727,36.013160705566406,103.60953521728516,136.57057189941406,106.72196197509766,96.7602767944336,270.6699523925781,146.77450561523438,95.30755615234375,126.50723266601562,81.37371063232422,68.17269897460938,219.35833740234375,34.45569610595703,38.61648178100586,468.2016296386719,87.49010467529297,3577.030029296875
2022-10-13,140.50013732910156,125.98149108886719,112.52999877929688,28.95802879333496,37.873783111572266,109.34679412841797,143.189453125,110.07593536376953,98.24797058105469,281.44873046875,148.99378967285156,100.60601043701172,129.27554321289062,83.23661804199219,70.59345245361328,227.60792541503906,35.2344856262207,40.610713958740234,477.5196838378906,90.54778289794922,3669.909912109375
2022-10-14,135.97039794921875,125.99913024902344,106.9000015258789,28.9671688079834,38.12068557739258,105.08837890625,138.73641967773438,104.84127044677734,95.76847076416016,274.95947265625,148.3712615966797,102.28015899658203,125.77300262451172,82.9576416015625,67.01573181152344,222.08872985839844,35.13611602783203,38.74514389038086,480.53509521484375,88.16564178466797,3583.070068359375
2022-10-17,139.9302215576172,127.29492950439453,113.79000091552734,30.721641540527344,38.43814468383789,105.44474792480469,139.7500457763672,105.12821960449219,99.15052795410156,281.1187744140625,150.2929229736328,106.57594299316406,132.99630737304688,84.70355224609375,68.6532974243164,230.80479431152344,35.783748626708984,39.38844680786133,488.72918701171875,89.43671417236328,3677.949951171875
2022-10-18,141.2468719482422,127.4623794555664,116.36000061035156,31.873023986816406,38.93195724487305,105.02603912353516,140.97158813476562,107.81513214111328,99.94395446777344,287.66302490234375,149.76966857910156,109.31714630126953,131.76596069335938,85.14453125,70.70027160644531,231.74732971191406,36.14445114135742,39.84794998168945,489.0382995605469,89.5967025756836,3719.97998046875
2022-10-19,141.35496520996094,126.1666259765625,115.06999969482422,30.99578285217285,38.21769332885742,107.89466094970703,145.54588317871094,113.10196685791016,98.81330871582031,285.74737548828125,148.57882690429688,107.17386627197266,132.192626953125,83.92958068847656,69.09828186035156,229.7845001220703,35.341064453125,41.78704071044922,487.2684326171875,92.25439453125,3695.159912109375
2022-10-20,140.89312744140625,125.99032592773438,115.25,30.794750213623047,37.84733581542969,108.5182876586914,146.37757873535156,114.42366790771484,99.15052795410156,284.8766174316406,148.9576873779297,106.82428741455078,130.50584411621094,83.64161682128906,68.17269897460938,229.4638214111328,35.17710494995117,41.989219665527344,487.79278564453125,92.37881469726562,3665.780029296875
2022-10-21,144.70559692382812,129.6308135986328,119.31999969482422,31.936981201171875,39.028953552246094,110.90585327148438,150.04220581054688,117.38883209228516,100.30099487304688,297.97430419921875,152.20555114746094,112.43550109863281,128.99769592285156,86.09846496582031,70.50447845458984,235.26486206054688,36.84947204589844,46.3269157409668,499.8265380859375,94.09431457519531,3752.75
2022-10-24,146.84762573242188,133.0069122314453,119.81999969482422,32.04663848876953,39.16122817993164,111.48491668701172,149.99021911621094,117.09320068359375,101.67961883544922,301.2739562988281,154.2534637451172,112.57347869873047,128.70997619628906,87.62837982177734,70.69136047363281,240.24957275390625,37.33314514160156,47.92597579956055,507.196533203125,94.75206756591797,3797.340087890625
2022-10-25,149.6873016357422,132.06373596191406,120.5999984741211,32.339054107666016,39.96367645263672,110.41585540771484,151.54962158203125,114.78016662597656,103.6235580444336,304.66522216796875,154.00991821289062,112.86784362792969,136.4392852783203,87.93437957763672,71.65254211425781,243.5630340576172,37.3741340637207,48.220062255859375,505.9042663574219,94.11209106445312,3859.110107421875
2022-10-26,146.74937438964844,134.43492126464844,115.66000366210938,32.62233352661133,40.043033599853516,112.7588882446289,153.42095947265625,116.7801284790039,94.15184020996094,307.6807556152344,155.3631134033203,114.16486358642578,128.80917358398438,88.56433868408203,72.00852966308594,224.77064514160156,37.759437561035156,47.95354461669922,508.6668395996094,95.2320556640625,3830.60009765625
2022-10-27,142.2786102294922,135.3076171875,110.95999908447266,32.77766799926758,40.069488525390625,112.82124328613281,154.12266540527344,116.84102630615234,91.46405792236328,309.04638671875,155.453369140625,114.61558532714844,97.17739868164062,89.76126861572266,71.812744140625,220.32997131347656,37.49710464477539,47.49404525756836,507.3838806152344,95.59648132324219,3807.300048828125
2022-10-28,153.0281219482422,130.11566162109375,103.41000366210938,33.06095504760742,40.67794418334961,113.29341125488281,155.92469787597656,116.24972534179688,95.50068664550781,313.2992858886719,157.76292419433594,115.97700500488281,98.4275894165039,90.68824005126953,73.88404846191406,229.1917724609375,38.88254928588867,46.36366653442383,516.224365234375,98.39636993408203,3901.06005859375
2022-10-31,150.6698760986328,129.04904174804688,102.44000244140625,32.93301773071289,40.43985366821289,112.33126068115234,156.7217254638672,118.71052551269531,93.73528289794922,315.7648010253906,156.95095825195312,115.79301452636719,92.43460845947266,91.07520294189453,73.83910369873047,225.55767822265625,38.16112518310547,47.815704345703125,519.8859252929688,98.494140625,3871.97998046875
2022-11-01,148.02671813964844,129.49862670898438,96.79000091552734,33.07923126220703,40.7573127746582,113.83684539794922,157.86532592773438,118.5279312133789,89.72838592529297,319.4952087402344,156.1570587158203,117.8811264038086,94.45873260498047,89.77926635742188,75.23198699951172,221.7097625732422,39.358028411865234,47.37457275390625,512.5438842773438,99.4719009399414,3856.10009765625
2022-11-02,142.5045928955078,127.39187622070312,92.12000274658203,32.97871017456055,40.1664924621582,112.7054214477539,154.6425018310547,117.90186309814453,86.257080078125,320.604248046875,153.7572784423828,116.79568481445312,89.83502197265625,89.45528411865234,75.8160629272461,213.86825561523438,38.587425231933594,46.99778366088867,508.9103698730469,97.42752838134766,3759.68994140625
2022-11-03,136.46170043945312,127.30372619628906,89.30000305175781,32.79594802856445,39.31114196777344,119.21778106689453,156.92098999023438,120.3279037475586,82.74610900878906,319.76104736328125,154.0189208984375,117.00724792480469,88.21770477294922,88.87032318115234,75.14209747314453,208.18394470214844,38.504730224609375,47.60432434082031,509.078857421875,98.75189208984375,3719.889892578125
2022-11-04,136.19595336914062,128.06179809570312,90.9800033569336,33.618370056152344,40.25666809082031,117.88145446777344,158.90493774414062,123.6756591796875,85.87028503417969,328.0467224121094,154.70455932617188,120.20838928222656,90.08306884765625,89.27529907226562,76.24740600585938,215.12176513671875,39.04216766357422,48.79902267456055,503.98443603515625,99.82743835449219,3770.550048828125
2022-11-07,136.72743225097656,130.54757690429688,90.52999877929688,33.81938934326172,40.79187774658203,120.21556091308594,160.80221557617188,126.90169525146484,87.7646255493164,332.3087463378906,156.05783081054688,120.84310150146484,95.96690368652344,90.05826568603516,76.89440155029297,221.4182891845703,38.934688568115234,50.37051773071289,510.3993835449219,101.00961303710938,3806.800048828125
2022-11-08,137.29824829101562,130.9266357421875,89.9800033569336,33.910770416259766,41.1397590637207,119.77011108398438,160.56829833984375,128.9190216064453,88.1712646484375,333.6469421386719,156.83370971679688,120.91668701171875,95.7188491821289,91.34519958496094,76.63380432128906,222.38999938964844,39.1496467590332,50.26024627685547,517.9192504882812,101.3296127319336,3828.110107421875
2022-11-09,132.7413330078125,130.12448120117188,86.13999938964844,33.37164306640625,40.46183776855469,111.5918197631836,154.14866638183594,121.40614318847656,86.60421752929688,331.7955017089844,155.5796661376953,119.3437271118164,100.67992401123047,91.42619323730469,74.98932647705078,218.15341186523438,38.62876510620117,48.771461486816406,506.3162536621094,96.79643249511719,3748.570068359375
2022-11-10,144.55194091796875,131.97560119628906,96.62999725341797,34.842838287353516,43.19139862060547,115.33354949951172,157.0682830810547,123.74522399902344,93.16996002197266,346.7445983886719,157.40203857421875,124.25582122802734,110.99893951416016,91.6961669921875,79.79692840576172,236.1004638671875,39.17445755004883,48.79902267456055,509.6033935546875,98.21859741210938,3956.3701171875
2022-11-11,147.33726501464844,132.3634490966797,100.79000091552734,35.09870529174805,44.7702751159668,119.34249114990234,161.53860473632812,127.91905212402344,95.61970520019531,353.0322265625,152.6927032470703,124.45819854736328,112.13997650146484,88.15937042236328,81.5761947631836,240.11355590820312,39.35635757446289,50.37970733642578,488.9166259765625,101.28514099121094,3992.929931640625
2022-11-14,145.939697265625,133.75619506835938,98.48999786376953,34.5047492980957,43.72661590576172,118.96688842773438,161.6165771484375,127.11038208007812,94.91551208496094,350.45660400390625,155.0924835205078,123.17955780029297,113.33064270019531,90.31024932861328,80.70452117919922,234.71096801757812,40.71232986450195,49.69045639038086,481.1156921386719,101.58084106445312,3957.25
2022-11-15,147.671875,134.902099609375,98.94000244140625,34.449913024902344,43.735538482666016,119.91482543945312,162.91610717773438,128.08425903320312,97.63306427001953,350.93328857421875,155.52552795410156,122.28731536865234,116.16838073730469,89.63529205322266,81.3245620727539,235.1190643310547,40.158363342285156,50.24186325073242,471.05792236328125,102.26182556152344,3991.72998046875
2022-11-16,146.44168090820312,133.87075805664062,97.12000274658203,34.139225006103516,43.14680099487305,115.57755279541016,160.2650604248047,124.73648071289062,98.03971099853516,350.42913818359375,156.49087524414062,122.45287322998047,112.34835052490234,89.93225860595703,80.71350860595703,235.5478057861328,39.72842788696289,48.69793701171875,479.02734375,101.16869354248047,3958.7900390625
2022-11-17,148.34117126464844,134.1263885498047,94.8499984741211,33.96560287475586,43.039764404296875,117.32142639160156,160.7190399169922,125.64086151123047,97.55372619628906,348.0919189453125,157.75387573242188,121.9193344116211,110.58220672607422,92.07416534423828,79.93170928955078,235.49908447265625,39.959930419921875,48.5509033203125,482.57666015625,101.30305480957031,3946.56005859375
2022-11-18,148.9021759033203,136.61215209960938,94.13999938964844,33.983882904052734,43.40549087524414,114.99626922607422,159.75872802734375,122.6235122680664,96.63134002685547,347.56036376953125,158.96279907226562,123.11517333984375,111.17754364013672,93.80206298828125,80.15635681152344,235.05087280273438,39.87724304199219,49.11149215698242,496.33343505859375,100.42500305175781,3965.340087890625
2022-11-21,145.6739501953125,138.48976135253906,92.45999908447266,34.09353256225586,43.60173034667969,112.2239761352539,158.23089599609375,121.61482238769531,94.81634521484375,348.486083984375,159.78001403808594,122.38850402832031,109.00459289550781,95.04400634765625,80.04854583740234,235.85963439941406,39.835914611816406,48.0362548828125,484.3371276855469,99.43041229248047,3949.93994140625
2022-11-22,147.8096923828125,140.8521270751953,93.19999694824219,34.258018493652344,44.003135681152344,116.23931121826172,162.29054260253906,125.49298095703125,96.25445556640625,351.8406982421875,160.5518035888672,124.21900939941406,110.57229614257812,96.20494079589844,80.57872009277344,238.76341247558594,40.58004379272461,49.295291900634766,489.8624572753906,102.30661010742188,4003.580078125
2022-11-23,148.68568420410156,140.49951171875,94.12999725341797,34.367671966552734,43.03084182739258,113.34184265136719,160.8500213623047,124.04083251953125,97.65289306640625,354.0220642089844,160.7243194580078,125.54361724853516,111.36605834960938,96.13296508789062,80.81236267089844,241.2482147216797,40.38987350463867,47.25510787963867,496.0617980957031,101.79588317871094,4027.260009765625
2022-11-25,145.77239990234375,140.70225524902344,93.41000366210938,34.449913024902344,43.07544708251953,113.4044189453125,160.37855529785156,124.03218078613281,96.66108703613281,356.41424560546875,160.9331817626953,125.78278350830078,110.54254150390625,96.74491882324219,81.69300842285156,241.16050720214844,40.687530517578125,46.712886810302734,503.46942138671875,101.43748474121094,4026.1201171875
2022-11-28,141.94378662109375,139.6532745361328,93.94999694824219,33.68233108520508,42.12990188598633,110.7483901977539,155.71653747558594,118.82359313964844,95.26266479492188,350.45660400390625,161.01487731933594,123.58430480957031,107.93299865722656,97.599853515625,80.77641296386719,235.5770721435547,40.985191345214844,45.83984375,498.4593200683594,98.39103698730469,3963.93994140625
2022-11-29,138.9419403076172,139.4505615234375,92.41999816894531,33.810264587402344,42.433189392089844,111.11506652832031,158.0475311279297,122.85826873779297,94.40971374511719,351.6940002441406,159.88897705078125,125.61723327636719,108.60770416259766,97.95083618164062,81.84577178955078,234.18360900878906,40.919044494628906,46.91507339477539,494.4605712890625,99.04513549804688,3957.6298828125
2022-11-30,145.6936492919922,142.07737731933594,96.54000091552734,34.586971282958984,43.1824836730957,110.45330047607422,160.03810119628906,123.41478729248047,100.16215515136719,356.25152587890625,161.62326049804688,127.10740661621094,117.18042755126953,99.10279083251953,83.6340103149414,248.6148681640625,41.44819641113281,47.37457275390625,512.96533203125,99.7619400024414,4080.110107421875
2022-12-01,145.96925354003906,142.47406005859375,95.5,33.59431457519531,42.62051010131836,110.05084991455078,159.32217407226562,122.20609283447266,100.16215515136719,354.0926513671875,162.295166015625,125.3228530883789,119.5022201538086,98.81480407714844,83.57109832763672,248.17636108398438,42.233673095703125,47.56756591796875,502.80438232421875,99.27808380126953,4076.570068359375
2022-12-02,145.4771270751953,144.26345825195312,94.12999725341797,33.16232681274414,42.138824462890625,109.26390838623047,158.0475311279297,120.8409423828125,99.6166763305664,351.11273193359375,162.4222869873047,124.32939147949219,122.52845764160156,99.03079986572266,82.76234436035156,248.49789428710938,42.09312057495117,48.51414108276367,503.6499328613281,98.43583679199219,4071.699951171875
2022-12-05,144.31573486328125,144.51025390625,91.01000213623047,31.68252182006836,40.71159744262695,106.75093841552734,154.14501953125,116.6410140991211,98.66452026367188,342.77276611328125,162.3314971923828,120.84310150146484,121.4767074584961,99.00379180908203,80.70452117919922,243.8011932373047,41.94428634643555,47.218345642089844,502.59796142578125,95.73883819580078,3998.840087890625
2022-12-06,140.65447998046875,144.3163299560547,88.25,30.331396102905273,40.12286376953125,103.38844299316406,150.1726531982422,111.11940002441406,96.18502807617188,334.81097412109375,159.8980712890625,121.04544067382812,113.23143005371094,98.0318374633789,78.63770294189453,238.85110473632812,41.10092544555664,46.91865158081055,506.61834716796875,93.07769012451172,3941.260009765625
2022-12-07,138.715576171875,145.7972412109375,88.45999908447266,30.09242057800293,39.84634017944336,102.73561096191406,150.617919921875,109.70201873779297,94.16175842285156,332.052490234375,160.8695831298828,120.96269226074219,113.04288482666016,99.07579040527344,78.4310302734375,238.1202850341797,41.53915023803711,45.92273712158203,509.99053955078125,92.87162017822266,3933.919921875
2022-12-08,140.3985595703125,146.3172607421875,90.3499984741211,29.81667709350586,39.86417770385742,100.69661712646484,151.50840759277344,108.31945037841797,92.94182586669922,330.35491943359375,160.89682006835938,122.23210144042969,114.43199920654297,99.75975799560547,79.69808959960938,241.07276916503906,42.812435150146484,46.033382415771484,514.6968994140625,93.56153869628906,3963.510009765625
2022-12-09,139.91629028320312,143.73455810546875,89.08999633789062,29.76153564453125,40.015830993652344,98.38936614990234,146.67173767089844,105.79776763916016,92.06904602050781,331.3328552246094,159.57118225097656,121.56980895996094,114.99755859375,97.89684295654297,80.39899444580078,239.14344787597656,42.76283645629883,43.313072204589844,506.5055847167969,92.77304077148438,3934.3798828125
2022-12-12,142.2095184326172,145.72674560546875,90.55000305175781,30.083227157592773,40.827552795410156,99.96331787109375,148.1995849609375,107.87599182128906,92.54511260986328,335.0600280761719,161.47793579101562,123.45552062988281,113.81684112548828,98.0678482055664,81.8817138671875,246.05210876464844,43.12663650512695,45.277225494384766,512.7618408203125,95.057861328125,3990.56005859375
2022-12-13,143.174072265625,145.25955200195312,92.48999786376953,30.101612091064453,41.55901336669922,101.4209976196289,151.4996795654297,110.83244323730469,94.8460922241211,340.1434326171875,162.721923828125,123.33594512939453,119.21446228027344,99.81375122070312,83.31051635742188,250.349365234375,43.87903594970703,47.075408935546875,505.5850524902344,96.09723663330078,4019.64990234375
2022-12-14,140.94973754882812,145.3212127685547,91.58000183105469,29.669618606567383,41.014888763427734,100.93810272216797,150.45204162597656,110.80606842041016,94.29069519042969,332.4768371582031,163.2213134765625,122.7196273803711,120.64324951171875,101.05484771728516,81.3245620727539,250.64166259765625,45.04484176635742,46.50368118286133,505.716552734375,95.389404296875,3995.320068359375
2022-12-15,134.34561157226562,143.76983642578125,88.44999694824219,29.20085906982422,39.8017463684082,100.65191650390625,149.3258056640625,111.42198181152344,90.11519622802734,322.74371337890625,161.16014099121094,119.67488098144531,115.2456283569336,99.31549835205078,78.88932800292969,242.64163208007812,44.32551574707031,46.20859909057617,495.6842346191406,94.47547912597656,3895.75
2022-12-16,132.38702392578125,141.46035766601562,87.86000061035156,29.136520385742188,39.5609016418457,98.76496887207031,147.3003692626953,110.66525268554688,89.5201187133789,319.5331115722656,159.5076141357422,118.92977905273438,118.50007629394531,98.92594909667969,78.0536117553711,238.43212890625,42.49824142456055,45.53543472290039,491.9454345703125,93.81240844726562,3852.360107421875
2022-12-19,130.28079223632812,142.35061645507812,84.91999816894531,29.467409133911133,39.18625259399414,98.76496887207031,148.31304931640625,110.45408630371094,87.71504211425781,317.9278564453125,159.33506774902344,119.63807678222656,113.58861541748047,99.14337158203125,76.8764419555664,234.30056762695312,42.46517562866211,45.950401306152344,491.8514709472656,94.23355102539062,3817.659912109375
2022-12-20,130.21192932128906,141.54849243164062,85.19000244140625,29.586894989013672,39.07920837402344,100.74134826660156,150.7488555908203,111.2988052368164,88.29027557373047,317.817138671875,159.5076141357422,120.21758270263672,116.17828369140625,99.38796997070312,76.52596282958984,235.61602783203125,42.432106018066406,47.73012161254883,488.6670837402344,95.59547424316406,3821.6201171875
2022-12-21,133.3121795654297,142.98532104492188,86.7699966430664,30.03727149963379,39.971229553222656,103.98759460449219,152.52114868164062,114.39603424072266,88.84568786621094,323.0481262207031,161.33265686035156,121.56980895996094,118.82749938964844,100.65625,78.06260681152344,238.1787567138672,42.71322250366211,49.15945816040039,495.5526428222656,96.82301330566406,3878.43994140625
2022-12-22,130.14300537109375,143.91969299316406,83.79000091552734,29.77072525024414,39.239776611328125,100.96492004394531,150.23377990722656,111.13162994384766,87.04061889648438,318.82275390625,160.74246215820312,120.19001770019531,116.20806884765625,100.7740249633789,77.61328887939453,232.0983428955078,42.696685791015625,47.38894271850586,495.12994384765625,94.86971282958984,3822.389892578125
2022-12-23,129.7788848876953,143.76983642578125,85.25,29.844255447387695,39.48061752319336,105.32927703857422,154.8783721923828,114.92398071289062,88.4985580444336,318.7581787109375,161.15109252929688,120.76033020019531,117.12088775634766,101.33568572998047,77.37964630126953,232.62457275390625,42.853782653808594,48.86437225341797,499.09393310546875,97.37854766845703,3844.820068359375
2022-12-27,127.97776794433594,143.6728515625,83.04000091552734,29.899398803710938,39.59657669067383,106.60707092285156,156.8252716064453,116.21746063232422,86.67363739013672,315.49224853515625,161.1056671142578,121.18345642089844,115.96994018554688,101.57122802734375,76.43611907958984,230.8998260498047,42.27500534057617,49.33467102050781,499.7327575683594,98.73153686523438,3829.25
2022-12-28,124.05071258544922,143.00296020507812,81.81999969482422,30.1199951171875,39.8017463684082,103.76349639892578,154.51168823242188,112.09951782226562,85.31488037109375,314.4774169921875,160.40652465820312,121.84576416015625,114.71974182128906,100.62907409667969,75.8969497680664,228.5319366455078,42.00216293334961,48.50473403930664,496.4075622558594,97.10972595214844,3783.219970703125
2022-12-29,127.56437683105469,143.29383850097656,84.18000030517578,30.460073471069336,40.28342819213867,104.73535919189453,155.6815948486328,113.18180847167969,87.72496032714844,316.8392028808594,161.22372436523438,122.54484558105469,119.3236083984375,100.39353942871094,76.59784698486328,234.84620666503906,42.44038009643555,48.79060363769531,497.7508850097656,97.84446716308594,3849.280029296875
2022-12-30,127.87932586669922,142.45643615722656,84.0,30.441688537597656,40.34587860107422,106.18414306640625,156.7030487060547,113.96489715576172,87.50675964355469,316.7931213378906,160.3974609375,123.3543472290039,119.40298461914062,100.51130676269531,76.40016174316406,233.6866912841797,42.365962982177734,49.29777526855469,498.03253173828125,98.83009338378906,3839.5
2023-01-03,123.09600067138672,143.13516235351562,85.81999969482422,30.80014991760254,40.836483001708984,101.79280853271484,151.9012908935547,109.5037841796875,88.38946533203125,319.41314697265625,161.79574584960938,124.2926025390625,123.76871490478516,100.68342590332031,77.02920532226562,233.45278930664062,42.38249969482422,47.49037551879883,487.1922912597656,95.4342041015625,3824.139892578125
2023-01-04,124.36566925048828,144.28990173339844,85.13999938964844,31.37920379638672,41.889060974121094,101.99075317382812,150.28616333007812,109.42461395263672,87.35798645019531,320.77862548828125,163.55723571777344,125.45162200927734,126.37824249267578,101.53499603271484,77.86490631103516,223.24082946777344,41.44819641113281,47.6748046875,473.90966796875,95.71195983886719,3852.969970703125
2023-01-05,123.04681396484375,144.1135711669922,83.12000274658203,31.31487274169922,41.70174026489258,105.0772933959961,152.9925994873047,109.44219207763672,85.49341583251953,317.1436462402344,162.3496551513672,125.42384338378906,125.95159149169922,102.94822692871094,77.20890808105469,216.62448120117188,41.059593200683594,48.56928634643555,460.25128173828125,97.85343933105469,3808.10009765625
2023-01-06,127.57421112060547,146.8109588623047,86.08000183105469,31.62736701965332,42.201263427734375,106.39110565185547,154.14501953125,112.16110229492188,86.6240463256836,321.1291809082031,163.6662139892578,127.82389068603516,129.00759887695312,104.03532409667969,78.68265533447266,219.17747497558594,42.10137176513672,50.25680923461914,460.28887939453125,99.03616333007812,3895.080078125
2023-01-09,128.09584045410156,142.50045776367188,87.36000061035156,31.149423599243164,42.406429290771484,105.60822296142578,152.94020080566406,112.40747833251953,87.29846954345703,325.668212890625,159.4259033203125,127.2956771850586,128.46189880371094,99.99493408203125,78.75452423095703,221.3114776611328,40.00953674316406,51.308048248291016,460.3452453613281,97.19037628173828,3892.090087890625
2023-01-10,128.66668701171875,140.71986389160156,89.87000274658203,31.36082649230957,42.98624038696289,106.25614166259766,153.69102478027344,112.28430938720703,87.69519805908203,329.6906433105469,159.04452514648438,128.43551635742188,131.95449829101562,100.38446807861328,79.90475463867188,222.99722290039062,39.372894287109375,51.60314178466797,456.53143310546875,98.64191436767578,3919.25
2023-01-11,131.3831329345703,138.54261779785156,95.08999633789062,31.599796295166016,43.45008850097656,106.40008544921875,152.95765686035156,111.61557006835938,90.76979064941406,336.25933837890625,158.79029846191406,129.3899688720703,131.85528564453125,100.62000274658203,80.36305236816406,229.74024963378906,39.23233413696289,51.93510055541992,463.48272705078125,99.788818359375,3969.610107421875
2023-01-12,131.3043975830078,135.454833984375,95.2699966430664,31.68252182006836,43.78905487060547,108.12785339355469,154.59898376464844,114.78321838378906,90.38298034667969,341.2966003417969,157.99127197265625,129.26023864746094,135.64552307128906,101.254150390625,81.35153198242188,232.41014099121094,39.44731140136719,53.48431396484375,465.6151123046875,101.44644165039062,3983.169921875
2023-01-13,132.63308715820312,136.6828155517578,98.12000274658203,32.38106155395508,44.529422760009766,109.30667114257812,155.01808166503906,114.6371078491211,91.36487579345703,345.042236328125,157.4736785888672,132.52207946777344,135.9134063720703,101.68900299072266,82.366943359375,233.11175537109375,39.56305694580078,53.74250411987305,459.88494873046875,101.38372802734375,3999.090087890625
2023-01-17,133.79446411132812,135.99761962890625,96.05000305175781,31.728483200073242,44.8773193359375,108.19983673095703,157.57611083984375,115.16840362548828,90.54167938232422,322.82672119140625,156.5021209716797,130.47418212890625,134.3060302734375,100.05834197998047,87.23744201660156,234.20310974121094,38.099605560302734,53.90848922729492,455.667236328125,101.18659973144531,3990.969970703125
2023-01-18,133.0760040283203,132.76744079589844,95.45999908447266,30.993173599243164,44.09233856201172,106.67906951904297,154.72994995117188,114.0438003540039,90.3730697631836,322.06097412109375,154.14134216308594,126.55440521240234,131.9842529296875,98.55451965332031,86.78814697265625,229.77923583984375,37.20663833618164,52.68204116821289,447.36322021484375,99.10785675048828,3928.860107421875
2023-01-19,133.13504028320312,132.3313751220703,93.68000030517578,30.542797088623047,44.03881072998047,107.65990447998047,156.27523803710938,116.25757598876953,92.2872543334961,323.5924987792969,153.93251037597656,124.86785125732422,135.0898895263672,99.56009674072266,84.60449981689453,225.99842834472656,37.1735725402832,52.912574768066406,454.9908447265625,99.74402618408203,3898.85009765625
2023-01-20,135.6939697265625,133.11447143554688,97.25,31.11264991760254,45.57308578491211,109.60363006591797,157.9340057373047,117.5503921508789,97.21649169921875,315.3723449707031,153.2152099609375,125.17366027832031,138.28480529785156,99.59634399414062,86.48260498046875,234.07644653320312,37.29759216308594,52.88492202758789,457.20782470703125,101.56291198730469,3972.610107421875
2023-01-23,138.88287353515625,132.1890106201172,97.5199966430664,31.544645309448242,46.366981506347656,108.10084533691406,157.72450256347656,118.8166732788086,98.97200012207031,322.1070556640625,152.82476806640625,127.20305633544922,142.1544189453125,99.54197692871094,87.28237915039062,236.3760986328125,37.19010925292969,51.51092529296875,456.3529052734375,101.03427124023438,4019.81005859375
2023-01-24,140.2804718017578,131.42376708984375,96.31999969482422,31.774429321289062,45.86744689941406,106.91300964355469,157.8729248046875,117.55925750732422,96.89913177490234,321.3597717285156,152.82476806640625,128.29649353027344,142.02545166015625,98.30992126464844,85.82662200927734,235.8498992919922,36.96685791015625,51.151283264160156,461.7918395996094,101.97509765625,4016.949951171875
2023-01-25,139.6210174560547,131.51272583007812,97.18000030517578,32.0501708984375,46.29561996459961,108.31682586669922,156.34512329101562,117.32904052734375,94.43946075439453,322.5591735839844,153.9143524169922,128.91734313964844,140.39822387695312,98.37333679199219,85.9434585571289,234.4564666748047,37.26451873779297,51.87055587768555,462.63726806640625,101.43748474121094,4016.219970703125
2023-01-26,141.6878662109375,131.16567993164062,99.22000122070312,32.482173919677734,46.55430603027344,112.16824340820312,163.94931030273438,120.36628723144531,96.72059631347656,327.4857177734375,153.35140991210938,129.71426391601562,146.15306091308594,96.81517791748047,86.71624755859375,241.65745544433594,36.92241287231445,52.99557876586914,462.6184997558594,105.51432800292969,4060.429931640625
2023-01-27,143.62677001953125,130.16903686523438,102.23999786376953,32.58327102661133,46.25993728637695,111.2323989868164,156.66812133789062,119.24172973632812,98.5554428100586,326.3139953613281,152.75213623046875,130.02938842773438,150.55848693847656,95.46534729003906,87.03975677490234,241.81333923339844,36.5385856628418,52.53450012207031,456.578369140625,103.58789825439453,4070.56005859375
2023-01-30,140.74301147460938,129.60841369628906,100.55000305175781,32.445404052734375,46.16181182861328,108.4607925415039,152.0846405029297,116.974853515625,96.14537048339844,329.7828369140625,147.09530639648438,128.9266357421875,145.91493225097656,96.10855865478516,86.92652893066406,236.5027618408203,36.33833312988281,51.95355224609375,456.33416748046875,101.7510757446289,4017.77001953125
2023-01-31,142.01268005371094,131.47714233398438,103.12999725341797,32.610836029052734,46.58106994628906,109.6666259765625,151.927490234375,117.10765838623047,98.02977752685547,337.4863586425781,148.38465881347656,129.69577026367188,147.81005859375,97.30435943603516,88.16754913330078,241.47230529785156,36.847312927246094,52.54372024536133,468.9216003417969,103.9463119506836,4076.60009765625
2023-02-01,143.13470458984375,130.4538116455078,105.1500015258789,33.01526641845703,46.51862335205078,105.91416931152344,149.60516357421875,112.71556091308594,99.60675048828125,337.39410400390625,149.7466583251953,129.35289001464844,151.927734375,96.91482543945312,88.94660949707031,246.28598022460938,36.68878173828125,51.363372802734375,466.86444091796875,102.80836486816406,4119.2099609375
2023-02-02,148.43960571289062,128.8876190185547,112.91000366210938,33.208282470703125,46.58106994628906,100.15504455566406,147.55352783203125,110.46639251708984,106.85682678222656,340.863037109375,150.30958557128906,128.75057983398438,187.30018615722656,93.72599792480469,89.87055969238281,257.83294677734375,36.99750518798828,48.2188720703125,442.28118896484375,99.59169006347656,4179.759765625
2023-02-03,152.0615234375,129.20799255371094,103.38999938964844,33.48402404785156,45.89644241333008,97.28445434570312,147.9376678466797,110.35127258300781,103.92108917236328,341.30584716796875,149.46517944335938,130.7428741455078,185.0775909423828,93.25491333007812,90.06987762451172,251.74276733398438,36.763877868652344,48.541622161865234,443.39910888671875,100.28163146972656,4136.47998046875
2023-02-06,149.33523559570312,129.0478057861328,102.18000030517578,33.42886734008789,45.81537628173828,96.7265396118164,148.10354614257812,109.6517333984375,102.05650329589844,342.0899353027344,148.33016967773438,131.51202392578125,184.61126708984375,94.24237823486328,89.58976745605469,250.20314025878906,36.51355743408203,48.956581115722656,446.4237976074219,100.11138153076172,4111.080078125
2023-02-07,152.2091522216797,129.1545867919922,102.11000061035156,33.79652404785156,46.05858612060547,100.80293273925781,151.98861694335938,113.14945983886719,106.75764465332031,345.4112854003906,148.36651611328125,133.11514282226562,190.1279754638672,95.73712921142578,89.87964630126953,260.7172546386719,36.371700286865234,49.929420471191406,447.9643859863281,102.96965026855469,4164.0
2023-02-08,149.5222625732422,128.68296813964844,100.05000305175781,33.54835510253906,46.07661437988281,99.69609832763672,148.41783142089844,113.9109878540039,98.5554428100586,346.0570983886719,148.55718994140625,132.17919921875,182.00173950195312,96.60680389404297,89.64411163330078,259.9084777832031,36.697113037109375,50.689151763916016,453.91998291015625,102.07363891601562,4117.85986328125
2023-02-09,148.48883056640625,132.322509765625,98.23999786376953,32.83143997192383,45.02266311645508,98.9222183227539,147.0558624267578,112.60044860839844,94.23118591308594,339.4975891113281,146.55052185058594,130.12200927734375,176.53465270996094,96.67928314208984,88.81979370117188,256.8779602050781,36.16310119628906,49.88309097290039,456.27783203125,102.45893859863281,4081.5
2023-02-10,148.853515625,135.3035430908203,97.61000061035156,32.702762603759766,45.13976287841797,103.53853607177734,150.13771057128906,118.78123474121094,93.79479217529297,342.5328063964844,147.23150634765625,130.69651794433594,172.7940216064453,98.35523223876953,89.17306518554688,256.37127685546875,36.61368179321289,52.2178955078125,464.2811279296875,106.77770233154297,4090.4599609375
2023-02-13,151.65298461914062,136.79849243164062,99.54000091552734,32.76710510253906,45.941490173339844,101.51386260986328,149.29962158203125,118.01972961425781,93.83445739746094,345.0606994628906,147.7763214111328,132.11434936523438,178.03286743164062,99.24302673339844,90.06987762451172,264.3811340332031,36.705467224121094,53.09806823730469,465.3144836425781,106.36237335205078,4137.2900390625
2023-02-14,151.01223754882812,135.78407287597656,99.69999694824219,32.7395133972168,46.49098205566406,102.6346664428711,150.44329833984375,117.88689422607422,93.90388488769531,342.994140625,147.13162231445312,132.69815063476562,178.08251953125,98.50922393798828,91.0934829711914,265.2092590332031,36.480186462402344,52.64406967163086,462.947265625,105.1163558959961,4136.1298828125
2023-02-15,153.1118621826172,134.42257690429688,101.16000366210938,32.68437194824219,46.680152893066406,100.91732025146484,148.85792541503906,113.8135986328125,96.14537048339844,345.35595703125,144.70729064941406,133.25413513183594,175.7805633544922,97.54895782470703,91.33808135986328,263.08953857421875,36.14641571044922,51.87507629394531,461.4631042480469,104.80034637451172,4147.60009765625
2023-02-16,151.51499938964844,133.06106567382812,98.1500015258789,32.4270133972168,46.35586929321289,97.9435806274414,146.7088623046875,110.81172943115234,94.72708129882812,341.5364990234375,143.68124389648438,131.41937255859375,171.09732055664062,96.4890365600586,90.19668579101562,256.08538818359375,35.837684631347656,51.680511474609375,457.7995910644531,104.49334716796875,4090.409912109375
2023-02-17,150.3715362548828,134.64503479003906,97.19999694824219,32.49135208129883,46.319828033447266,94.11116027832031,143.43243408203125,104.86116027832031,93.57658386230469,339.9681091308594,146.68089294433594,131.80853271484375,171.5338897705078,99.21585083007812,90.14234161376953,252.08999633789062,36.054622650146484,49.41984176635742,468.8182373046875,100.47541809082031,4079.090087890625
2023-02-21,146.3596649169922,135.25901794433594,94.58000183105469,31.728483200073242,44.896549224853516,95.1867446899414,141.80299377441406,105.57842254638672,91.0375747680664,333.15948486328125,144.4951629638672,129.3899688720703,170.7401123046875,98.80818939208984,88.43026733398438,246.82469177246094,35.62908172607422,49.47542953491211,461.5194396972656,100.3760986328125,3997.340087890625
2023-02-22,146.78355407714844,134.07553100585938,95.79000091552734,31.51707649230957,45.07670211791992,94.07500457763672,141.2305145263672,104.10848999023438,90.89871978759766,332.9473876953125,144.29397583007812,128.3984375,169.78759765625,98.88971710205078,88.11320495605469,245.6915283203125,35.36207962036133,48.558189392089844,459.2461853027344,99.07592010498047,3991.050048828125
2023-02-23,147.26654052734375,135.3213348388672,95.81999969482422,31.4895076751709,45.38298034667969,95.29522705078125,142.62213134765625,105.84406280517578,90.14495086669922,335.3922424316406,144.2482452392578,129.4270477294922,170.70042419433594,100.18516540527344,88.72013092041016,248.87611389160156,35.29532241821289,49.401309967041016,461.87640380859375,99.98783874511719,4012.320068359375
2023-02-24,144.6149444580078,135.890869140625,93.5,31.44353675842285,45.202823638916016,95.13253021240234,143.04486083984375,101.17747497558594,88.39938354492188,335.67816162109375,142.63868713378906,130.59461975097656,169.06329345703125,99.551025390625,88.50271606445312,243.4545135498047,34.83639907836914,49.95720672607422,454.96270751953125,99.99688720703125,3970.0400390625
2023-02-27,145.8076629638672,137.2879180908203,93.76000213623047,31.44353675842285,45.46405792236328,95.68388366699219,143.406005859375,101.61135864257812,89.1333236694336,337.2280578613281,142.3277130126953,131.7344207763672,168.21986389160156,99.0708999633789,87.59685516357422,244.3727569580078,34.02702713012695,50.401939392089844,454.0139465332031,99.81629943847656,3982.239990234375
2023-02-28,145.304931640625,136.94979858398438,94.2300033569336,31.526262283325195,45.6622314453125,93.4151611328125,141.60043334960938,100.07946014404297,89.32174682617188,324.4227600097656,140.16030883789062,132.837158203125,173.5778350830078,96.24443817138672,87.41568756103516,243.64987182617188,33.85179901123047,49.29939270019531,447.0813903808594,99.23844909667969,3970.14990234375
2023-03-01,143.23492431640625,138.16888427734375,92.16999816894531,31.37920379638672,46.39189147949219,96.0363998413086,142.72781372070312,104.49810028076172,89.61930847167969,321.7095642089844,139.529296875,132.0958251953125,172.06967163085938,96.6158676147461,87.1348876953125,240.57278442382812,33.52638244628906,50.85591506958008,446.40509033203125,100.12328338623047,3951.389892578125
2023-03-02,143.82638549804688,137.37692260742188,92.12999725341797,30.98141860961914,46.30181121826172,97.91645812988281,143.17698669433594,106.96866607666016,91.24585723876953,324.3763122558594,139.4195556640625,130.724365234375,173.17105102539062,96.94200134277344,87.03522491455078,245.30078125,33.893524169921875,51.23579025268555,448.73468017578125,100.5837631225586,3981.35009765625
2023-03-03,148.873291015625,138.8718719482422,94.9000015258789,31.601226806640625,47.1575813293457,98.19664764404297,145.2908477783203,107.82760620117188,92.88233184814453,331.8004455566406,140.85536193847656,133.12440490722656,183.80755615234375,96.82421875,89.07341766357422,249.38409423828125,34.335750579833984,51.87507629394531,449.54248046875,101.85687255859375,4045.639892578125
2023-03-06,151.6332550048828,138.17779541015625,93.75,31.536474227905273,47.00444412231445,99.02820587158203,146.35655212402344,107.06605529785156,94.3501968383789,331.7632751464844,142.2637176513672,132.34600830078125,183.46031188964844,100.64717864990234,89.11870574951172,250.92755126953125,34.3023796081543,51.28211212158203,451.6278991699219,102.75978088378906,4048.419921875
2023-03-07,149.4351348876953,136.0865936279297,93.55000305175781,30.528118133544922,46.013553619384766,97.30180358886719,144.47171020507812,104.7195053100586,93.09060668945312,321.5702209472656,140.91937255859375,128.45404052734375,183.0733184814453,100.80118560791016,87.01710510253906,248.27047729492188,33.65989303588867,50.06839370727539,445.14630126953125,100.77338409423828,3986.3701171875
2023-03-08,150.6869659423828,133.12338256835938,93.91999816894531,30.121076583862305,45.653221130371094,96.92220306396484,143.55572509765625,104.33871459960938,93.47740936279297,324.5528564453125,139.88597106933594,127.69413757324219,183.52975463867188,98.09251403808594,86.8721694946289,247.8308868408203,33.476318359375,49.60514450073242,442.0651550292969,99.30164337158203,3992.010009765625
2023-03-09,148.4395294189453,131.12120056152344,92.25,28.25238800048828,43.779537200927734,95.6386947631836,141.3714141845703,101.83274841308594,91.56324005126953,317.8627624511719,138.31297302246094,120.78124237060547,180.27529907226562,97.47649383544922,83.5204849243164,246.4828338623047,32.92560577392578,48.35435485839844,436.72015380859375,98.53414916992188,3918.320068359375
2023-03-10,146.37939453125,133.22125244140625,90.7300033569336,28.002609252929688,43.545326232910156,94.2015380859375,140.63157653808594,99.33563232421875,89.88706970214844,304.4640197753906,138.65133666992188,123.84849548339844,178.11227416992188,97.55801391601562,81.57288360595703,242.83909606933594,32.8671989440918,47.25181198120117,433.95806884765625,97.31524658203125,3861.590087890625
2023-03-13,148.3212432861328,135.2145233154297,92.43000030517578,26.37444496154785,40.30238723754883,91.0018310546875,139.78604125976562,96.60828399658203,90.36315155029297,293.1651916503906,139.97740173339844,121.62451934814453,179.49143981933594,95.78243255615234,79.70680236816406,248.0458221435547,33.25938034057617,45.25056076049805,437.1161193847656,96.19564819335938,3855.760009765625
2023-03-14,150.4109649658203,136.90530395507812,94.87999725341797,26.605714797973633,42.69855880737305,91.61646270751953,141.59161376953125,96.69683074951172,93.19970703125,299.3349609375,140.76390075683594,124.74737548828125,192.50927734375,97.57948303222656,81.50039672851562,254.75686645507812,33.29275894165039,45.73234176635742,437.964599609375,96.55681610107422,3919.2900390625
2023-03-15,150.8052978515625,137.09213256835938,96.19999694824219,26.355941772460938,40.37446212768555,86.08474731445312,135.4615020751953,90.69127655029297,95.3221664428711,290.080322265625,141.15716552734375,118.85380554199219,196.2102508544922,98.18153381347656,77.35157012939453,259.29925537109375,33.60982131958008,41.989261627197266,438.765869140625,91.75334167480469,3891.929931640625
2023-03-16,153.6243896484375,138.1956024169922,100.04000091552734,26.799989700317383,41.09510803222656,87.13327026367188,135.89308166503906,93.37232971191406,99.49766540527344,292.7749938964844,140.86451721191406,121.16117095947266,203.33432006835938,97.91700744628906,78.81907653808594,269.8103332519531,33.68492126464844,42.78605270385742,444.9783935546875,91.22062683105469,3960.280029296875
2023-03-17,152.7865753173828,137.23452758789062,98.94999694824219,25.736127853393555,39.86099624633789,85.31648254394531,134.1756134033203,91.82624053955078,100.78700256347656,282.0429382324219,139.35552978515625,116.58346557617188,194.08689880371094,94.96142578125,76.25548553466797,272.9656066894531,33.45962905883789,41.39630126953125,442.6027526855469,90.14617156982422,3916.639892578125
2023-03-20,155.1522674560547,138.92527770996094,97.70999908447266,25.671371459960938,39.71686935424805,86.91632843017578,136.1485137939453,94.23919677734375,100.39027404785156,287.60870361328125,140.7364501953125,117.81593322753906,196.269775390625,96.55781555175781,77.57803344726562,265.9322204589844,34.052066802978516,42.823116302490234,449.6353454589844,92.50275421142578,3951.570068359375
2023-03-21,157.00543212890625,139.50367736816406,100.61000061035156,26.448448181152344,40.599666595458984,90.12508392333984,140.31451416015625,97.07218933105469,104.05994415283203,294.8098449707031,140.7364501953125,120.97586822509766,200.58590698242188,96.2750244140625,80.4043197631836,267.44635009765625,33.926902770996094,44.731727600097656,452.5954895019531,96.64710235595703,4002.8701171875
2023-03-22,155.57615661621094,136.74510192871094,98.69999694824219,25.569608688354492,39.37455368041992,88.91389465332031,137.46084594726562,94.48942565917969,102.52265167236328,291.4555358886719,138.1392364501953,117.85301971435547,198.2541961669922,95.23509216308594,79.30821990966797,265.99078369140625,33.38453674316406,43.9163932800293,448.27783203125,94.4349594116211,3936.969970703125
2023-03-23,156.66043090820312,138.1956024169922,98.70999908447266,24.949796676635742,39.14034652709961,87.15133666992188,136.09564208984375,93.64043426513672,104.73436737060547,292.55194091796875,138.2123565673828,117.53794860839844,202.6894073486328,95.08001708984375,77.75919342041016,271.2366027832031,33.52638244628906,42.13750076293945,442.9892272949219,93.36954498291016,3948.719970703125
2023-03-24,157.9615936279297,140.61602783203125,98.12999725341797,25.10706329345703,38.834068298339844,86.25650024414062,137.45201110839844,94.27495574951172,104.57569122314453,290.4334411621094,139.60247802734375,115.74948120117188,204.40591430664062,95.59998321533203,76.047119140625,274.07928466796875,33.70160675048828,41.29438400268555,448.7209167480469,93.47789001464844,3970.989990234375
2023-03-27,156.0197296142578,140.18887329101562,98.04000091552734,26.355941772460938,40.33842849731445,88.10944366455078,138.85243225097656,96.85769653320312,101.6201171875,295.9713134765625,140.1968994140625,119.06693267822266,201.26058959960938,97.5429916381836,76.67218017578125,269.9861755371094,33.559757232666016,43.332698822021484,454.2923278808594,95.52750396728516,3977.530029296875
2023-03-28,155.398681640625,140.82069396972656,97.23999786376953,26.013656616210938,40.73478317260742,89.06439208984375,140.47303771972656,98.67188262939453,100.20183563232422,295.8876953125,138.84339904785156,119.42832946777344,199.11741638183594,96.2658920288086,76.88957977294922,268.8628234863281,33.36784744262695,44.138755798339844,445.5063171386719,96.71932983398438,3971.27001953125
2023-03-29,158.47418212890625,140.5982208251953,100.25,26.5224609375,41.39238357543945,90.7196044921875,141.67970275878906,100.70054626464844,100.55887603759766,298.0061950683594,140.2060546875,119.66925811767578,203.75106811523438,95.70943450927734,78.12152862548828,274.0206298828125,33.58479690551758,45.12085723876953,439.85943603515625,98.38067626953125,4027.81005859375
2023-03-30,160.04147338867188,140.5270233154297,102.0,26.180171966552734,41.5004768371582,90.26490020751953,143.0272674560547,101.46910858154297,100.06297302246094,298.3965148925781,140.31578063964844,119.30787658691406,206.22169494628906,96.62165832519531,78.0037841796875,277.4787292480469,33.693267822265625,45.15791320800781,443.13067626953125,98.8592300415039,4050.830078125
2023-03-31,162.54518127441406,141.81732177734375,103.29000091552734,26.457704544067383,42.2391471862793,90.228515625,143.70547485351562,102.44322967529297,102.87969970703125,303.943603515625,141.75161743164062,120.75346374511719,210.2897491455078,97.05039978027344,79.53468322753906,281.63043212890625,34.04371643066406,45.49144744873047,445.5157165527344,99.01271057128906,4109.31005859375
2023-04-03,163.79702758789062,142.751708984375,102.41000366210938,26.448448181152344,42.076995849609375,98.604736328125,149.6858673095703,108.50243377685547,103.5045394897461,303.3954772949219,143.4434814453125,120.61446380615234,211.4109649658203,99.31269836425781,78.95494079589844,280.585205078125,34.50264358520508,48.484073638916016,465.8782653808594,104.85449981689453,4124.509765625
2023-04-04,163.2647705078125,142.18214416503906,103.94999694824219,25.88414764404297,41.518489837646484,96.67664337158203,148.8843536376953,106.90274047851562,103.86157989501953,299.79949951171875,144.94329833984375,119.0020523071289,213.04811096191406,99.27620697021484,76.8352279663086,280.5363464355469,34.127159118652344,46.751502990722656,464.99212646484375,103.85228729248047,4100.60009765625
2023-04-05,161.42147827148438,143.08982849121094,101.0999984741211,25.569608688354492,41.23023986816406,97.99536895751953,149.62417602539062,107.57299041748047,103.6136474609375,298.7588195800781,151.45472717285156,119.17950439453125,209.83335876464844,102.08582305908203,75.92935180664062,277.76202392578125,34.669525146484375,46.97386169433594,480.056640625,105.63101959228516,4090.3798828125
2023-04-06,162.30862426757812,143.75723266601562,102.05999755859375,25.754634857177734,41.31130599975586,96.6402816772461,147.6601104736328,106.6792984008789,107.53125,299.56719970703125,151.0340118408203,119.04875183105469,214.41737365722656,102.46894836425781,76.26453399658203,284.8540954589844,34.62779998779297,45.97323226928711,483.4315185546875,103.87938690185547,4105.02001953125
2023-04-10,159.71615600585938,143.5169677734375,102.16999816894531,25.847139358520508,41.90584182739258,96.35832977294922,148.2237548828125,107.57299041748047,105.5674819946289,301.9459533691406,150.27500915527344,119.44100952148438,213.077880859375,102.72437286376953,76.0924072265625,282.6952209472656,34.819705963134766,46.36237335205078,485.66583251953125,103.41889953613281,4109.10986328125
2023-04-11,158.50375366210938,143.60597229003906,99.91999816894531,26.559463500976562,42.518402099609375,97.08592224121094,149.04290771484375,108.74371337890625,104.48641967773438,304.1852111816406,150.22927856445312,120.02940368652344,212.1848907470703,102.61490631103516,77.07979583740234,276.2869873046875,34.869773864746094,47.38151931762695,491.1239929199219,104.1502456665039,4108.93994140625
2023-04-12,157.813720703125,144.47802734375,97.83000183105469,26.346691131591797,42.26616668701172,97.79529571533203,149.57135009765625,109.30674743652344,103.78223419189453,306.85198974609375,149.90916442871094,120.01071166992188,212.33370971679688,103.76428985595703,77.42403411865234,276.9317321777344,34.519325256347656,48.1597900390625,491.3314208984375,104.0418930053711,4091.949951171875
2023-04-13,163.19577026367188,146.10348510742188,102.4000015258789,26.42070198059082,42.60847473144531,99.16859436035156,151.57066345214844,109.13128662109375,106.54936218261719,308.608154296875,151.9119873046875,120.46834564208984,218.63427734375,105.43364715576172,77.62332916259766,283.1348571777344,34.60276412963867,48.07639694213867,496.0826721191406,104.52946472167969,4146.22021484375
2023-04-14,162.8507843017578,145.11563110351562,102.51000213623047,27.308792114257812,44.644317626953125,98.6774673461914,151.87892150878906,109.41921997070312,107.9775619506836,313.0589599609375,151.6650390625,129.5648651123047,219.76541137695312,105.18734741210938,78.54730987548828,279.52044677734375,34.36913299560547,48.62303924560547,482.4699401855469,104.78228759765625,4137.64013671875
2023-04-17,162.87045288085938,144.74742126464844,102.73999786376953,28.095121383666992,44.761417388916016,96.04911804199219,150.5401611328125,108.67240905761719,105.10134887695312,315.62347412109375,151.5095977783203,130.5922088623047,217.1558837890625,104.9136962890625,80.88441467285156,282.1188659667969,34.36078643798828,48.23391342163086,476.39892578125,103.5633544921875,4151.31982421875
2023-04-18,164.09275817871094,143.3195343017578,102.30000305175781,28.270883560180664,45.11274337768555,95.44886016845703,150.18789672851562,107.07086181640625,103.64337921142578,310.2620849609375,147.24789428710938,132.05845642089844,216.19342041015625,104.7494888305664,81.39171600341797,281.6988525390625,33.83511734008789,48.33582305908203,475.5787048339844,105.58586883544922,4154.8701171875
2023-04-19,165.2361602783203,144.77435302734375,104.30000305175781,27.808340072631836,45.401004791259766,95.73081970214844,150.32879638671875,106.89090728759766,103.32601165771484,313.0309753417969,148.63796997070312,131.890380859375,214.02047729492188,104.1109390258789,81.93521881103516,281.7769775390625,33.57645034790039,48.76202392578125,458.3460388183594,105.25179290771484,4154.52001953125
2023-04-20,164.27017211914062,145.25033569335938,103.80999755859375,27.66032600402832,44.50018310546875,94.38478088378906,149.59776306152344,106.40504455566406,104.42691802978516,314.72210693359375,149.5982208251953,131.5074462890625,211.4109649658203,104.14743041992188,81.9171142578125,279.4910888671875,33.25102615356445,48.15052032470703,459.5338439941406,104.41209411621094,4129.7900390625
2023-04-21,162.66348266601562,145.8520050048828,106.95999908447266,27.63257598876953,44.16688537597656,93.00238800048828,148.95481872558594,105.55026245117188,104.54593658447266,317.4632263183594,148.78431701660156,131.25526428222656,211.2323760986328,105.2420883178711,82.54215240478516,279.14923095703125,33.55141067504883,46.14000701904297,456.102294921875,104.74617004394531,4133.52001953125
2023-04-24,162.9690399169922,147.35177612304688,106.20999908447266,27.530813217163086,44.16688537597656,94.26654815673828,151.0334014892578,107.23279571533203,105.10134887695312,319.600341796875,149.6896514892578,131.43275451660156,211.1331329345703,105.76203918457031,81.70875549316406,275.2514343261719,33.30109405517578,46.529136657714844,460.92901611328125,106.72351837158203,4137.0400390625
2023-04-25,161.43133544921875,148.08815002441406,102.56999969482422,26.679725646972656,43.148963928222656,92.8477783203125,148.84031677246094,104.97442626953125,102.99871826171875,315.4375915527344,151.0614776611328,128.57489013671875,205.93394470214844,106.30024719238281,79.77021789550781,269.0484619140625,32.817142486572266,45.36174774169922,463.7383728027344,105.2066421508789,4071.6298828125
2023-04-26,161.42147827148438,145.30422973632812,104.9800033569336,26.3096866607666,42.212120056152344,91.37444305419922,146.18922424316406,104.06568908691406,102.85984802246094,312.7243957519531,148.7202911376953,126.29610443115234,207.76953125,103.47237396240234,80.11444854736328,288.536865234375,32.233055114746094,44.26846694946289,455.2822265625,104.24054718017578,4055.989990234375
2023-04-27,166.0050506591797,133.6924591064453,109.81999969482422,26.72597885131836,42.36524963378906,92.06563568115234,147.04354858398438,104.22762298583984,106.70805358886719,317.4075012207031,149.0677947998047,127.99588012695312,236.7024688720703,105.0505142211914,81.76311492919922,297.7780456542969,32.3248405456543,44.435237884521484,462.3713684082031,105.48655700683594,4135.35009765625
2023-04-28,167.25694274902344,135.71302795410156,105.44999694824219,27.086769104003906,42.86613845825195,93.57535552978516,148.47918701171875,107.49373626708984,106.4601058959961,319.1171569824219,149.70797729492188,129.1072540283203,238.44876098632812,105.33329772949219,82.20626068115234,300.15185546875,32.45000076293945,45.72307586669922,463.8985595703125,106.84994506835938,4169.47998046875
2023-05-01,167.168212890625,138.03903198242188,102.05000305175781,26.86474609375,43.030059814453125,93.2479476928711,147.29898071289062,106.74694061279297,106.32125854492188,316.450439453125,149.61651611328125,131.8717041015625,241.2864990234375,106.12692260742188,80.34230041503906,298.4911193847656,32.717010498046875,45.53778076171875,467.30169677734375,103.5362777709961,4167.8701171875
2023-05-02,166.1332244873047,136.16207885742188,103.62999725341797,26.050662994384766,41.891700744628906,89.71011352539062,140.9574737548828,100.42167663574219,104.4566650390625,309.7602844238281,150.92428588867188,129.7423095703125,237.377197265625,107.54084777832031,78.84381103515625,298.3445739746094,32.59185791015625,42.78605270385742,465.1240539550781,99.40998840332031,4119.580078125
2023-05-03,165.0587615966797,134.03372192382812,103.6500015258789,25.77313232421875,41.59116744995117,87.39096069335938,138.13023376464844,99.89080047607422,104.54593658447266,305.37457275390625,148.94891357421875,126.9965591430664,235.1844024658203,107.8418960571289,77.43669891357422,297.3580322265625,32.08287048339844,41.942928314208984,461.400390625,97.45068359375,4090.75
2023-05-04,163.42247009277344,132.33639526367188,104.0,24.968299865722656,40.88994598388672,88.54598999023438,137.5929718017578,100.1517333984375,103.83184051513672,298.5080261230469,148.27215576171875,125.2594223022461,231.7017364501953,107.06649017333984,75.48136138916016,298.3445739746094,31.899295806884766,41.75762939453125,459.3641052246094,95.74417877197266,4061.219970703125
2023-05-05,171.0913848876953,132.93809509277344,105.66000366210938,25.634368896484375,42.18312072753906,91.28350830078125,141.1072235107422,102.72502899169922,104.70462036132812,303.86004638671875,148.775146484375,127.70632934570312,230.96749877929688,107.34929656982422,77.55549621582031,303.46337890625,32.11623764038086,42.38766098022461,465.9631652832031,98.12786102294922,4136.25
2023-05-08,171.02236938476562,132.41722106933594,105.83000183105469,25.61586570739746,42.21955108642578,91.76551055908203,140.5523223876953,102.89599609375,106.88658142089844,303.38616943359375,148.436767578125,128.01455688476562,231.45367431640625,107.98783874511719,77.1443099975586,301.5096130371094,32.26643371582031,43.18445587158203,464.3982238769531,98.51612091064453,4138.1201171875
2023-05-09,169.31707763671875,131.86044311523438,106.62000274658203,25.588109970092773,42.36525344848633,92.33847045898438,140.1471710205078,102.3651351928711,106.47002410888672,301.7693786621094,147.2844696044922,127.39813232421875,231.55288696289062,107.12123107910156,77.08949279785156,299.89788818359375,32.1078987121582,43.70329666137695,462.2865905761719,98.5431900024414,4119.169921875
2023-05-10,171.08154296875,131.4922332763672,110.19000244140625,25.27358055114746,42.22865676879883,91.37444305419922,138.35922241210938,100.91654205322266,110.83395385742188,299.7066345214844,147.83319091796875,127.46350860595703,231.26515197753906,107.54998779296875,76.49560546875,305.0849914550781,31.95770835876465,42.48957824707031,461.9942932128906,97.27912139892578,4137.64013671875
2023-05-11,171.268798828125,131.64488220214844,112.18000030517578,25.33833885192871,41.91902542114258,90.84695434570312,137.5929718017578,99.44993591308594,115.61444854736328,298.0061950683594,147.22959899902344,127.0619125366211,233.9540252685547,107.23070526123047,75.49964904785156,302.9358825683594,31.696247100830078,40.89598846435547,460.75933837890625,95.51846313476562,4130.6201171875
2023-05-12,170.34095764160156,132.1477813720703,110.26000213623047,25.06081199645996,41.39082336425781,90.42859649658203,137.9452362060547,99.35095977783203,116.54674530029297,296.87261962890625,147.03756713867188,125.24076080322266,231.98944091796875,106.85669708251953,75.28035736083984,301.822265625,31.502248764038086,40.83113098144531,463.0877990722656,95.50942993164062,4124.080078125
2023-05-15,169.84739685058594,131.64488220214844,111.19999694824219,25.5788631439209,41.937232971191406,91.68099212646484,138.45608520507812,100.17872619628906,115.55494689941406,299.2606506347656,145.91268920898438,126.29610443115234,237.00015258789062,106.15428924560547,75.79203033447266,302.3009033203125,31.341995239257812,41.32217788696289,458.9681396484375,95.69158935546875,4136.27978515625
2023-05-16,169.84739685058594,128.68133544921875,113.4000015258789,25.31058692932129,41.23600387573242,89.65155029296875,135.20608520507812,96.84064483642578,118.53034973144531,298.08978271484375,145.7206268310547,125.44622039794922,236.96047973632812,105.8897476196289,74.79608917236328,304.52813720703125,31.215478897094727,40.071388244628906,452.2372131347656,93.36919403076172,4109.89990234375
2023-05-17,170.4593963623047,128.73521423339844,115.5,26.429946899414062,42.875247955322266,92.06493377685547,137.14376831054688,99.69287109375,119.84944152832031,306.7962341308594,145.40054321289062,129.30335998535156,240.6018829345703,104.68563079833984,76.66920471191406,307.4063720703125,30.996192932128906,41.22951889038086,457.0356140136719,95.46390533447266,4158.77001953125
2023-05-18,172.78892517089844,128.81605529785156,118.1500015258789,26.337440490722656,42.24686813354492,92.09234619140625,136.97476196289062,100.79055786132812,121.82315063476562,306.23870849609375,144.93414306640625,130.28399658203125,244.9279327392578,103.99234008789062,77.19913482666016,311.8315124511719,30.768455505371094,41.553802490234375,451.7753601074219,96.32910919189453,4198.0498046875
2023-05-19,172.89747619628906,130.31576538085938,116.25,26.004405975341797,41.62759780883789,93.79269409179688,138.05982971191406,103.10294342041016,121.75370788574219,303.0516357421875,145.32737731933594,129.9851531982422,243.72735595703125,105.35154724121094,75.14329528808594,311.6553039550781,31.013057708740234,41.942928314208984,451.3887939453125,96.7753677368164,4191.97998046875
2023-05-22,171.94989013671875,130.127197265625,115.01000213623047,26.217182159423828,41.7004508972168,94.82569885253906,135.5784454345703,102.16719818115234,124.02493286132812,301.9087829589844,144.54417419433594,128.91111755371094,246.38650512695312,104.4393310546875,75.17070770263672,314.43560791015625,32.68305587768555,42.61928176879883,453.085693359375,95.60050201416016,4192.6298828125
2023-05-23,169.343994140625,127.98985290527344,114.98999786376953,26.4392032623291,41.80973815917969,95.42903900146484,139.5006561279297,102.08621978759766,121.55533599853516,300.6543884277344,144.48887634277344,127.56626892089844,244.81878662109375,103.32640838623047,75.5087890625,308.6399841308594,33.4337158203125,42.67488098144531,451.9732666015625,96.90286254882812,4145.580078125
2023-05-24,169.620361328125,126.759521484375,116.75,25.995159149169922,40.51655578613281,95.05425262451172,139.8742218017578,101.9332504272461,119.90895080566406,297.1606140136719,144.35067749023438,126.39884185791016,247.2695770263672,103.62745666503906,74.21131896972656,307.2595520019531,32.58184051513672,42.83238220214844,453.28363037109375,97.98664855957031,4115.240234375
2023-05-25,170.75555419921875,124.48748016357422,115.0,26.059907913208008,40.279781341552734,92.9608154296875,137.4639129638672,99.33296966552734,122.46780395507812,300.94244384765625,142.27745056152344,126.70703887939453,250.7224884033203,102.44158935546875,75.83770751953125,319.07611083984375,31.907093048095703,41.84101486206055,450.33294677734375,96.2289047241211,4151.27978515625
2023-05-26,173.1640167236328,123.5355453491211,120.11000061035156,26.189422607421875,40.61674118041992,93.1070785522461,137.0370330810547,99.08101654052734,123.58854675292969,308.49664306640625,142.22216796875,127.89309692382812,259.9996643066406,101.31957244873047,76.66006469726562,325.8997802734375,31.713106155395508,41.210994720458984,453.9341125488281,95.60050201416016,4205.4501953125
2023-05-30,175.00987243652344,122.52971649169922,121.66000366210938,26.143171310424805,40.70780563354492,92.51287078857422,136.18321228027344,97.90235137939453,122.65624237060547,307.4002380371094,142.24063110351562,128.3787841796875,260.4759216308594,99.58636474609375,76.22146606445312,324.2550964355469,31.215478897094727,41.05348587036133,452.3597717285156,94.75353240966797,4205.52001953125
2023-05-31,174.9604949951172,123.8947525024414,120.58000183105469,25.708375930786133,40.36174392700195,90.77597045898438,133.9597625732422,96.53471374511719,121.8628158569336,303.25262451171875,142.8764190673828,126.7444076538086,262.6588134765625,100.7175064086914,74.70471954345703,321.4942626953125,32.067344665527344,39.68225860595703,459.326416015625,93.0595474243164,4179.830078125
2023-06-01,177.76380920410156,119.83557891845703,122.7699966430664,25.90419578552246,40.83530044555664,90.98622131347656,135.32940673828125,97.30850219726562,122.7058334350586,296.2306213378906,142.39723205566406,128.49082946777344,270.4873352050781,101.19185638427734,74.98796844482422,325.59625244140625,32.067344665527344,41.67424774169922,465.350341796875,94.13420104980469,4221.02001953125
2023-06-02,178.61270141601562,122.91587829589844,124.25,26.771398544311523,42.18312072753906,93.56414794921875,138.9759063720703,100.7005844116211,123.64805603027344,303.0185546875,144.63632202148438,131.18992614746094,270.4873352050781,102.64227294921875,77.07122802734375,328.3570556640625,32.35411834716797,43.332698822021484,470.95947265625,96.31999969482422,4282.3701171875
2023-06-05,177.2604217529297,122.90689086914062,125.30000305175781,26.612878799438477,42.11027145385742,93.30819702148438,138.30886840820312,100.45765686035156,124.9770736694336,301.2958984375,145.8802490234375,129.90109252929688,269.2768859863281,103.18048858642578,76.51386260986328,328.8857421875,32.59871292114258,42.823116302490234,469.649169921875,95.89193725585938,4273.7900390625
2023-06-06,176.89517211914062,121.62267303466797,126.61000061035156,27.25628662109375,43.002750396728516,93.18933868408203,138.5579071044922,101.5013656616211,126.26641082763672,305.96771240234375,145.751220703125,130.13455200195312,269.00897216796875,100.35261535644531,78.45091247558594,326.6731262207031,32.362548828125,43.73603820800781,459.6375427246094,96.6751937866211,4283.85009765625
2023-06-07,175.52310180664062,122.58360290527344,121.2300033569336,27.489404678344727,43.722190856933594,95.81298065185547,142.15103149414062,104.59654235839844,121.49583435058594,314.34722900390625,146.06454467773438,131.3953857421875,261.5474853515625,99.07550048828125,79.03569793701172,316.5894775390625,32.8011360168457,44.83525466918945,454.5091552734375,98.8427505493164,4267.52001953125
2023-06-08,178.23760986328125,123.60736083984375,124.25,27.25628662109375,43.80414581298828,95.566162109375,141.6262664794922,104.5065689086914,121.1387939453125,314.0850524902344,147.66781616210938,131.43275451660156,262.5198669433594,100.63541412353516,78.86209106445312,318.42999267578125,32.96982192993164,44.20180892944336,462.1451110839844,98.5331039428711,4293.93017578125
2023-06-09,178.62258911132812,124.09232330322266,123.43000030517578,27.293582916259766,43.98628616333008,94.97196197509766,141.288330078125,104.59654235839844,121.2280502319336,314.6000061035156,147.4374542236328,131.69422912597656,262.8870849609375,100.99117279052734,78.77071380615234,319.9278869628906,32.86861038208008,44.276329040527344,465.3409118652344,97.80449676513672,4298.85986328125
2023-06-12,181.41603088378906,123.68819427490234,126.56999969482422,27.163036346435547,44.12288284301758,93.99381256103516,139.9275665283203,102.50009155273438,122.6264877319336,317.8488464355469,147.33607482910156,131.68490600585938,268.93951416015625,100.21578216552734,79.89458465576172,324.8815612792969,33.65300750732422,43.80123519897461,464.3699035644531,96.92107391357422,4338.93017578125
2023-06-13,180.94219970703125,124.20907592773438,126.66000366210938,27.41480827331543,44.34144973754883,94.53316497802734,140.97703552246094,101.42039489746094,122.81494140625,320.6669006347656,148.11012268066406,132.63751220703125,269.2074279785156,100.33435821533203,80.66207885742188,327.2703552246094,33.9735107421875,44.67689514160156,463.1632385253906,96.93929290771484,4369.009765625
2023-06-14,181.57394409179688,122.34111785888672,126.41999816894531,27.153715133666992,43.931644439697266,93.85668182373047,139.714111328125,99.57588958740234,122.65624237060547,316.8470458984375,148.8656768798828,132.1425323486328,271.22161865234375,99.78338623046875,80.38799285888672,330.25628662109375,33.19754409790039,44.03412628173828,433.51495361328125,95.77355194091797,4372.58984375
2023-06-15,183.60736083984375,122.03579711914062,127.11000061035156,27.38683319091797,44.22306823730469,95.20963287353516,140.7724609375,100.50263977050781,124.0645980834961,318.0828857421875,150.86517333984375,133.63682556152344,279.6355285644531,100.46292877197266,81.36565399169922,340.79034423828125,33.526493072509766,44.621002197265625,441.00244140625,96.43838500976562,4425.83984375
2023-06-16,182.53146362304688,124.50540924072266,125.48999786376953,27.2189884185791,43.886104583740234,95.9135513305664,139.86529541015625,102.04124450683594,122.51739501953125,316.7440185546875,151.32583618164062,133.79559326171875,278.81201171875,100.38945770263672,80.48848724365234,335.1415710449219,33.787960052490234,44.509212493896484,433.9977722167969,95.7462158203125,4409.58984375
2023-06-20,182.62025451660156,123.76899719238281,125.77999877929688,26.92059326171875,43.35791778564453,93.2716293334961,136.68128967285156,99.26998138427734,122.09091186523438,309.63787841796875,151.2337188720703,133.11383056640625,282.1160583496094,101.22511291503906,79.245849609375,330.9514465332031,33.18068313598633,44.02481460571289,444.3155517578125,93.55133819580078,4388.7099609375
2023-06-21,181.58384704589844,122.90689086914062,124.83000183105469,26.640850067138672,43.17577362060547,94.79826354980469,137.74855041503906,99.75585174560547,119.56182098388672,304.3480224609375,151.0033721923828,132.91770935058594,279.4470520019531,102.07915496826172,78.88948822021484,326.5556640625,32.809574127197266,44.49058151245117,451.2823181152344,94.59867858886719,4365.68994140625
2023-06-22,184.58456420898438,123.40083312988281,130.14999389648438,26.072038650512695,42.465431213378906,92.72313690185547,135.75633239746094,97.39848327636719,122.14051055908203,299.2079162597656,152.60665893554688,130.3587188720703,282.66180419921875,104.43003845214844,77.2082748413086,332.5765380859375,32.66619110107422,43.6335563659668,453.4594421386719,94.07957458496094,4381.89013671875
2023-06-23,184.26866149902344,122.0627212524414,129.3300018310547,25.876220703125,41.909908294677734,91.8364028930664,134.60902404785156,96.11183166503906,121.33715057373047,294.6484375,152.47763061523438,129.67697143554688,286.4818420410156,105.2381362915039,76.36766052246094,327.9850769042969,32.30350875854492,43.400672912597656,451.51898193359375,93.25989532470703,4348.330078125
2023-06-26,182.8769073486328,121.19161224365234,127.33000183105469,26.19326400756836,42.11027145385742,93.16989135742188,136.97476196289062,98.97305297851562,117.36993408203125,292.4482116699219,150.77301025390625,129.9945068359375,276.3017578125,103.84231567382812,76.37679290771484,321.6998291015625,31.114269256591797,44.11796188354492,453.46893310546875,94.98121643066406,4328.81982421875
2023-06-27,185.63087463378906,119.08122253417969,129.17999267578125,26.3331356048584,42.25597381591797,92.69166564941406,136.54791259765625,98.05530548095703,117.36001586914062,293.4687805175781,150.45973205566406,130.00379943847656,284.81488037109375,104.06269836425781,77.1443099975586,327.5445251464844,30.717851638793945,44.84457015991211,456.781982421875,95.21800231933594,4378.41015625
2023-06-28,186.8054962158203,119.0003662109375,129.0399932861328,26.17461395263672,42.101158142089844,94.27347564697266,137.78411865234375,100.04378509521484,119.1948471069336,293.6653137207031,150.15567016601562,129.43411254882812,283.068603515625,103.25460052490234,76.7422866821289,328.7976379394531,30.608211517333984,45.263763427734375,449.1051940917969,95.99212646484375,4376.85986328125
2023-06-29,187.14112854003906,119.64697265625,127.9000015258789,26.724773406982422,42.15580749511719,94.77928161621094,138.9581298828125,101.67230987548828,118.12371063232422,302.4942932128906,151.20608520507812,133.954345703125,279.337890625,104.2647476196289,77.8843994140625,328.0144348144531,30.464826583862305,45.151981353759766,450.9888916015625,97.17609405517578,4396.43994140625
2023-06-30,191.46450805664062,120.99404907226562,130.36000061035156,26.75275421142578,41.928123474121094,95.28507995605469,139.94532775878906,102.96797180175781,118.71878051757812,301.97930908203125,152.51451110839844,135.83160400390625,284.7455139160156,105.96358489990234,78.03062438964844,333.3891906738281,30.937150955200195,45.75748062133789,454.96453857421875,97.677001953125,4450.3798828125
2023-07-03,189.9740447998047,121.24549865722656,130.22000122070312,27.228313446044922,42.565616607666016,95.85527801513672,139.82083129882812,103.20189666748047,118.91716003417969,305.78985595703125,150.5150146484375,136.9242706298828,283.7929382324219,104.99019622802734,78.95345306396484,330.8927001953125,30.91184425354004,46.083526611328125,452.3520202636719,97.86824798583984,4455.58984375
2023-07-05,188.858642578125,123.58940887451172,130.3800048828125,27.11641502380371,42.6202507019043,95.66213989257812,139.02037048339844,102.83301544189453,120.7519760131836,299.64801025390625,150.0174560546875,136.01214599609375,292.077880859375,104.41165924072266,78.5057373046875,331.04931640625,30.751596450805664,45.92515563964844,446.0477294921875,97.36734771728516,4446.81982421875
2023-07-06,189.33241271972656,123.25712585449219,128.36000061035156,26.37043571472168,41.32707214355469,92.27781677246094,135.9697723388672,100.99750518798828,119.12542724609375,293.0474853515625,148.9025115966797,134.66746520996094,289.7164306640625,102.62096405029297,76.13922882080078,334.1037292480469,30.051546096801758,45.75748062133789,444.287109375,93.73348236083984,4411.58984375
2023-07-07,188.21701049804688,121.68553924560547,129.77999877929688,26.603553771972656,41.65491485595703,94.93560791015625,137.1615447998047,104.55154418945312,118.5005874633789,295.0790710449219,146.73716735839844,135.73004150390625,288.2678527832031,100.09561157226562,76.16665649414062,330.13885498046875,29.96719741821289,49.69791030883789,436.9226379394531,93.95205688476562,4398.9501953125
2023-07-10,186.17376708984375,120.77852630615234,127.12999725341797,26.724773406982422,41.59116744995117,95.96562957763672,138.07763671875,104.16465759277344,115.49542999267578,296.2962341308594,146.97671508789062,136.49172973632812,291.8100891113281,100.97718811035156,76.20320892333984,324.8620300292969,30.093711853027344,49.94943618774414,438.31414794921875,95.34549713134766,4409.52978515625
2023-07-11,185.6505889892578,121.7484130859375,128.77999877929688,27.06046485900879,42.374359130859375,98.80734252929688,140.63015747070312,107.61070251464844,116.17977905273438,300.42510986328125,146.1658935546875,138.62631225585938,295.9674377441406,99.82011413574219,77.62858581542969,325.48858642578125,30.380483627319336,52.21309280395508,438.1627502441406,96.5112533569336,4439.259765625
2023-07-12,187.31878662109375,121.21855926513672,130.8000030517578,27.37751007080078,43.14845275878906,100.52709197998047,141.9820556640625,109.50919342041016,117.9551010131836,305.5932312011719,145.6591033935547,139.31277465820312,306.9313659667969,98.69059753417969,78.3686752319336,330.1192626953125,30.355178833007812,52.79996109008789,427.57049560546875,96.98483276367188,4472.16015625
2023-07-13,188.0788116455078,121.30027770996094,134.3000030517578,27.666576385498047,43.42165756225586,101.6674575805664,140.0876007080078,110.28297424316406,123.51911926269531,307.7279052734375,146.33175659179688,139.9898223876953,310.96966552734375,97.6345443725586,78.77071380615234,335.464599609375,30.41421890258789,53.48930358886719,423.83148193359375,95.20889282226562,4510.0400390625
2023-07-14,188.22689819335938,123.49762725830078,134.67999267578125,27.144390106201172,41.664031982421875,98.48546600341797,136.5923309326172,107.7330093383789,124.39189910888672,305.39666748046875,147.30844116210938,140.83615112304688,306.4649963378906,98.57121276855469,78.3778305053711,337.9904479980469,30.633516311645508,53.219154357910156,454.5196228027344,91.93022155761719,4505.419921875
2023-07-17,191.48428344726562,122.42622375488281,133.55999755859375,27.41480827331543,42.128475189208984,97.88768768310547,136.46783447265625,107.50653839111328,123.62822723388672,306.34228515625,146.57131958007812,144.2307891845703,308.2013854980469,96.94580078125,78.91691589355469,338.47015380859375,30.24553108215332,52.6415901184082,458.220703125,92.33094024658203,4522.7900390625
2023-07-18,191.2276153564453,124.01519012451172,132.8300018310547,28.627025604248047,42.82060241699219,100.01209259033203,136.74354553222656,111.21147155761719,122.74551391601562,315.77032470703125,146.56210327148438,144.49411010742188,309.6202087402344,97.29476165771484,84.00627136230469,351.9411926269531,30.566043853759766,53.07942581176758,473.29034423828125,91.9120101928711,4554.97998046875
2023-07-19,192.5799102783203,125.01399993896484,135.36000061035156,29.400981903076172,43.27594757080078,100.68344116210938,137.57957458496094,110.91255187988281,121.02969360351562,318.8411865234375,146.26724243164062,145.0489044189453,313.5494384765625,97.29476165771484,85.12097930908203,347.62384033203125,30.734722137451172,53.433414459228516,476.7926940917969,92.54953002929688,4565.72021484375
2023-07-20,190.63540649414062,129.10911560058594,129.9600067138672,29.550180435180664,43.17577362060547,102.71588134765625,139.1004180908203,111.86370086669922,118.22288513183594,328.4939880371094,155.1498260498047,146.83555603027344,300.1644592285156,99.59972381591797,85.70576477050781,339.5862121582031,31.013057708740234,53.34025192260742,477.3038330078125,94.17975616455078,4534.8701171875
2023-07-21,189.4607391357422,130.5165252685547,130.0,29.82059669494629,42.847923278808594,103.8194580078125,141.1371307373047,112.87825775146484,119.03617095947266,329.5238342285156,156.81756591796875,145.70713806152344,291.96881103515625,101.37206268310547,85.89764404296875,336.55126953125,31.544418334960938,52.175819396972656,479.4715270996094,94.61688995361328,4536.33984375
2023-07-24,190.2602996826172,130.00802612304688,128.8000030517578,30.445358276367188,43.40345001220703,105.50241088867188,143.92091369628906,114.27326202392578,120.53379821777344,336.0495910644531,157.6376495361328,148.5751953125,289.3393859863281,99.90277099609375,86.50068664550781,337.8631591796875,31.637197494506836,53.11668395996094,481.50665283203125,96.10140991210938,4554.64013671875
2023-07-25,191.11904907226562,128.6006317138672,129.1300048828125,29.979122161865234,42.88435363769531,106.8451156616211,144.5790557861328,116.40202331542969,121.20820617675781,332.0892028808594,158.84471130371094,147.46560668945312,292.1771240234375,98.74568939208984,86.27224731445312,343.6099853515625,31.257654190063477,53.91781997680664,483.6364440917969,96.24713134765625,4567.4599609375
2023-07-26,191.9876708984375,128.84579467773438,128.14999389648438,30.221561431884766,43.248626708984375,107.44288635253906,143.4940185546875,117.14481353759766,128.21034240722656,334.7669372558594,159.1487579345703,148.3495330810547,296.2452392578125,98.38754272460938,85.46819305419922,330.6772766113281,31.384164810180664,53.722190856933594,480.86297607421875,95.70980072021484,4566.75
2023-07-27,190.72421264648438,135.15643310546875,128.25,29.792625427246094,43.603797912597656,106.47723388671875,141.99984741210938,116.63752746582031,128.3392791748047,331.9113464355469,160.0425567626953,146.71331787109375,309.28289794921875,96.67030334472656,84.74636840820312,323.7753601074219,30.872468948364258,53.11668395996094,478.2409362792969,96.01034545898438,4537.41015625
2023-07-28,193.30050659179688,136.9724578857422,132.2100067138672,29.74599838256836,43.17577362060547,106.61518859863281,141.29721069335938,118.39488220214844,131.49319458007812,330.71295166015625,160.77049255371094,147.55023193359375,322.9457092285156,97.65290832519531,84.4420394897461,331.2646789550781,30.761598587036133,53.23779296875,476.04486083984375,94.8628158569336,4582.22998046875
2023-07-31,193.9124755859375,135.81927490234375,133.67999267578125,29.83924674987793,43.40345001220703,108.26138305664062,145.55738830566406,120.05259704589844,131.63206481933594,333.1846008300781,154.3665771484375,148.53761291503906,316.1192626953125,97.93758392333984,84.43283081054688,328.86614990234375,30.753074645996094,54.34632110595703,479.3200378417969,97.66788482666016,4588.9599609375
2023-08-01,193.08335876464844,134.87493896484375,131.69000244140625,29.484905242919922,42.86613845825195,107.94867706298828,144.34780883789062,119.34603118896484,130.47166442871094,334.916748046875,155.61972045898438,147.80410766601562,320.197265625,96.67950439453125,83.86109924316406,329.2773132324219,30.36930274963379,53.666297912597656,477.777099609375,97.10323333740234,4576.72998046875
2023-08-02,190.0924530029297,135.6376495361328,128.2100067138672,29.083942413330078,42.17401885986328,106.30249786376953,142.06207275390625,117.79701232910156,127.32763671875,328.71875,156.55958557128906,146.13031005859375,311.8626708984375,97.065185546875,82.36720275878906,320.6229553222656,30.14756202697754,53.535888671875,477.8338928222656,95.89193725585938,4513.39013671875
2023-08-03,188.70068359375,135.3380126953125,128.91000366210938,29.28908348083496,42.08293914794922,105.7507095336914,142.0087127685547,119.29169464111328,127.39705657958984,330.64739990234375,157.2322235107422,147.02366638183594,310.75140380859375,97.09274291992188,82.20120239257812,319.8005676269531,29.84907341003418,54.01097106933594,477.89068603515625,97.55860137939453,4501.89013671875
2023-08-04,179.63926696777344,134.13946533203125,139.57000732421875,29.186511993408203,42.11058044433594,104.57355499267578,141.6885528564453,117.57963562011719,127.05984497070312,330.70355224609375,155.75794982910156,146.71331787109375,308.310546875,96.42237854003906,81.87844848632812,320.89703369140625,29.866127014160156,53.722190856933594,475.87451171875,97.8318099975586,4478.02978515625
2023-08-07,176.5398406982422,136.5002899169922,142.22000122070312,29.727346420288086,42.22113037109375,105.28169250488281,142.2043914794922,115.61392211914062,130.45181274414062,332.8943786621094,159.49893188476562,147.40916442871094,314.0951843261719,97.42333221435547,82.14588928222656,323.1781311035156,30.428997039794922,54.001651763916016,483.4566345214844,97.63146209716797,4518.43994140625
2023-08-08,177.47755432128906,135.85557556152344,139.94000244140625,29.158538818359375,41.60389709472656,106.30249786376953,141.9909210205078,116.3114242553711,130.32289123535156,326.0597839355469,159.57261657714844,146.5816650390625,310.2057189941406,97.7171859741211,81.58335876464844,319.203369140625,30.394882202148438,54.50468826293945,478.8372802734375,98.1141586303711,4499.3798828125
2023-08-09,175.88839721679688,136.89979553222656,137.85000610351562,28.77622413635254,40.94057846069336,107.0842056274414,142.17770385742188,118.49452209472656,128.59713745117188,320.8448181152344,159.4712677001953,144.6163330078125,302.8335266113281,97.4325180053711,80.74420166015625,315.4635925292969,30.565452575683594,55.43622970581055,475.28759765625,99.78080749511719,4467.7099609375
2023-08-10,175.67120361328125,137.50814819335938,138.55999755859375,28.8508243560791,40.84846496582031,106.52322387695312,143.04042053222656,118.71192932128906,128.62692260742188,318.7008056640625,158.64198303222656,144.40005493164062,303.359375,96.94580078125,80.81797790527344,316.1489562988281,30.463111877441406,54.88662338256836,476.5844421386719,100.29082489013672,4468.830078125
2023-08-11,175.73048400878906,138.18006896972656,138.41000366210938,29.177186965942383,41.06035232543945,108.34412384033203,145.9931640625,119.8714370727539,128.4979705810547,319.0097961425781,160.1899871826172,145.2369842529297,299.29132080078125,98.66304016113281,80.87330627441406,314.26922607421875,30.736021041870117,55.566650390625,480.8724670410156,101.84820556640625,4464.0498046875
2023-08-14,177.38111877441406,138.26182556152344,140.57000732421875,28.84149932861328,40.62736511230469,108.23377990722656,145.88645935058594,119.10145568847656,130.25344848632812,316.2103271484375,159.81222534179688,145.53790283203125,303.805908203125,100.01297760009766,80.53209686279297,317.235595703125,30.761598587036133,55.44554901123047,483.6364440917969,101.93016052246094,4489.72021484375
2023-08-15,175.39443969726562,138.12557983398438,137.6699981689453,27.918346405029297,39.80744171142578,106.6912841796875,141.6262664794922,116.98176574707031,128.71617126464844,311.03289794921875,159.3515167236328,141.83290100097656,299.598876953125,99.78338623046875,79.45317077636719,315.1014404296875,30.181678771972656,54.337013244628906,479.62298583984375,99.31327056884766,4437.85986328125
2023-08-16,174.52464294433594,137.6080322265625,135.07000732421875,27.312232971191406,39.282325744628906,105.8876953125,141.08375549316406,116.49258422851562,127.6449966430664,308.1304931640625,158.84471130371094,141.23109436035156,291.9985656738281,99.84767150878906,79.29640197753906,314.3361511230469,30.258434295654297,53.815345764160156,476.6600646972656,97.64212799072266,4404.330078125
2023-08-17,171.98440551757812,136.2187957763672,133.97999572753906,27.302913665771484,39.11650085449219,107.81813049316406,143.44532775878906,117.51619720458984,128.8550262451172,306.6418762207031,160.33743286132812,139.76414489746094,282.87017822265625,100.02214050292969,79.11198425292969,310.88275146484375,31.13684844970703,53.92713165283203,467.5729675292969,99.53365325927734,4370.35986328125
2023-08-18,172.46876525878906,136.32772827148438,133.22000122070312,27.144390106201172,38.923038482666016,108.33538055419922,144.47796630859375,118.33148193359375,126.41517639160156,304.2169494628906,158.93685913085938,140.08384704589844,281.04449462890625,100.27926635742188,78.28203582763672,310.4903869628906,31.264772415161133,54.05754470825195,471.8136291503906,101.03950500488281,4369.7099609375
2023-08-21,173.8031005859375,136.34593200683594,134.67999267578125,27.181690216064453,38.75720977783203,108.2614974975586,143.99305725097656,118.09596252441406,127.31771087646484,301.5298767089844,154.20074462890625,140.56344604492188,287.64276123046875,100.6833267211914,77.69184875488281,315.7881774902344,31.563255310058594,53.5079345703125,471.09423828125,99.81827545166016,4399.77001953125
2023-08-22,175.17698669433594,134.6025390625,134.25,26.519630432128906,37.78989791870117,107.28241729736328,142.8077850341797,117.07235717773438,128.02191162109375,298.4683532714844,152.9752197265625,137.64833068847656,285.360595703125,98.47019958496094,76.52069091796875,316.357177734375,31.41827964782715,52.54844284057617,466.0395202636719,99.2581787109375,4387.5498046875
2023-08-23,179.02191162109375,133.5492706298828,135.52000427246094,26.528955459594727,37.84517288208008,106.96837615966797,142.99632263183594,116.75530242919922,131.28489685058594,301.78265380859375,151.60227966308594,138.5792999267578,291.94891357421875,102.20771026611328,76.89878845214844,320.8112487792969,31.264772415161133,53.92713165283203,463.29443359375,98.3858871459961,4436.009765625
2023-08-24,174.33682250976562,133.14068603515625,131.83999633789062,26.687475204467773,37.84517288208008,106.03548431396484,141.82005310058594,113.84749603271484,128.71617126464844,299.56378173828125,152.1182861328125,138.4476318359375,284.5173034667969,100.50884246826172,76.94490051269531,313.914306640625,30.838354110717773,52.902435302734375,462.02606201171875,97.65130615234375,4376.31005859375
2023-08-25,176.54100036621094,133.1951141357422,133.25999450683594,26.575578689575195,37.99257278442383,107.6241683959961,142.87962341308594,115.11570739746094,128.81533813476562,299.7416687011719,154.29934692382812,138.27838134765625,283.2769775390625,101.20677185058594,76.74202728271484,316.8673400878906,31.025978088378906,52.59502410888672,462.9915466308594,99.39591979980469,4405.7099609375
2023-08-28,178.1027069091797,133.86705017089844,133.13999938964844,26.81801986694336,38.06627655029297,108.54781341552734,143.85838317871094,115.4237060546875,129.93606567382812,305.190673828125,152.48025512695312,138.75794982910156,287.99993896484375,100.03132629394531,77.81172180175781,317.5737609863281,30.880996704101562,53.871238708496094,465.0361022949219,100.23148345947266,4433.31005859375
2023-08-29,181.98715209960938,134.01231384277344,134.91000366210938,27.200336456298828,38.43478012084961,108.67713928222656,143.63392639160156,115.81319427490234,133.46688842773438,311.3511962890625,152.49884033203125,139.88638305664062,295.66973876953125,101.00473022460938,78.89065551757812,322.1946105957031,30.8298282623291,54.234535217285156,466.5033264160156,100.82830810546875,4497.6298828125
2023-08-30,185.47628784179688,134.6751708984375,135.07000732421875,27.079116821289062,38.112335205078125,109.63772583007812,143.8314208984375,115.7407455444336,134.76617431640625,310.19940185546875,151.9605255126953,139.3221893310547,292.8022766113281,101.20677185058594,78.62322235107422,322.5673522949219,30.61662483215332,54.961143493652344,465.2728271484375,101.81079864501953,4514.8701171875
2023-08-31,185.69374084472656,133.44029235839844,138.00999450683594,26.95688247680664,38.03862762451172,109.94254302978516,144.6575469970703,116.51071166992188,135.05377197265625,309.3780822753906,150.05787658691406,137.60133361816406,293.5861511230469,100.07725524902344,78.52179718017578,321.55682373046875,30.17315101623535,54.923885345458984,451.1214294433594,102.0954360961914,4507.66015625
2023-09-01,187.26531982421875,134.5662078857422,138.1199951171875,27.248361587524414,38.31501388549805,112.81510162353516,147.5309295654297,118.64852142333984,134.54795837402344,309.08544921875,148.9441375732422,138.06210327148438,294.07232666015625,100.86698913574219,79.07508850097656,322.4398193359375,30.514278411865234,56.004478454589844,450.7995910644531,104.23484802246094,4515.77001953125
2023-09-05,187.5025634765625,132.65943908691406,137.27000427246094,26.938079833984375,38.10312271118164,113.45243835449219,149.47047424316406,120.8316421508789,134.65707397460938,305.6396179199219,149.12977600097656,136.53875732421875,297.8128967285156,98.72732543945312,78.23591613769531,327.2373046875,30.17315101623535,56.32252502441406,455.12548828125,104.24403381347656,4496.830078125
2023-09-06,180.7911834716797,132.21449279785156,135.36000061035156,26.693614959716797,38.112335205078125,113.67410278320312,149.6231231689453,120.58705139160156,133.35781860351562,303.1661376953125,146.6516876220703,136.31304931640625,296.840576171875,97.7906494140625,77.60884094238281,326.5799865722656,29.311792373657227,57.06151580810547,451.462158203125,105.14387512207031,4465.47998046875
2023-09-07,175.50318908691406,135.21090698242188,137.85000610351562,26.44915199279785,37.52273178100586,112.41793060302734,149.63209533691406,119.16487121582031,134.15122985839844,303.9496765136719,148.52645874023438,135.14700317382812,296.344482421875,99.12220764160156,77.3137435913086,323.6661682128906,29.235036849975586,56.902496337890625,458.9117431640625,104.62967681884766,4451.14013671875
2023-09-08,176.11595153808594,135.31080627441406,138.22999572753906,26.665409088134766,37.39375686645508,113.35083770751953,150.14395141601562,120.23377227783203,135.26205444335938,307.3106384277344,149.0183868408203,135.25047302246094,295.5705871582031,100.14153289794922,78.30970001220703,327.9436340332031,29.20944595336914,56.28510665893555,456.85919189453125,106.1539077758789,4457.490234375
2023-09-11,177.28233337402344,135.32894897460938,143.10000610351562,26.778240203857422,37.39375686645508,111.2448959350586,147.04605102539062,117.9147720336914,135.79763793945312,306.4892883300781,150.96742248535156,135.84291076660156,305.1651916503906,99.7282943725586,77.00944519042969,331.544189453125,28.9450740814209,56.846370697021484,455.5383605957031,104.822509765625,4487.4599609375
2023-09-12,174.2577667236328,135.53778076171875,141.22999572753906,27.23895835876465,38.397918701171875,113.68333435058594,149.7847442626953,121.46571350097656,134.23057556152344,312.3896179199219,151.82130432128906,137.61073303222656,299.3111267089844,100.11398315429688,78.89065551757812,325.4909362792969,29.124170303344727,58.09049987792969,456.032470703125,107.88013458251953,4461.89990234375
2023-09-13,172.1919708251953,137.25392150878906,144.85000610351562,27.15433692932129,39.033592224121094,112.97212219238281,149.2370147705078,120.39682006835938,135.58935546875,316.241455078125,152.20184326171875,137.6765899658203,302.6846923828125,99.00282287597656,80.45832824707031,329.69976806640625,29.064472198486328,56.7060546875,455.9754333496094,106.916015625,4467.43994140625
2023-09-14,173.70425415039062,139.5057373046875,144.72000122070312,27.455215454101562,39.74295425415039,114.99491882324219,150.16188049316406,121.9820785522461,136.96795654296875,325.29498291015625,151.9697723388672,140.34715270996094,309.2928161621094,100.07533264160156,82.13664245605469,332.2898254394531,29.124170303344727,57.62278366088867,459.5484924316406,108.82588195800781,4505.10009765625
2023-09-15,172.98269653320312,138.12557983398438,140.38999938964844,27.11672592163086,39.3468132019043,114.13592529296875,149.50637817382812,119.73554992675781,136.27371215820312,323.3785400390625,149.84442138671875,139.9333953857422,297.9716491699219,99.4096450805664,81.52803802490234,323.9703369140625,29.055936813354492,56.66864013671875,462.49432373046875,107.1547622680664,4450.31982421875
2023-09-18,175.90843200683594,139.77816772460938,139.97999572753906,27.04150390625,39.282325744628906,114.97645568847656,150.1529083251953,119.46380615234375,137.07705688476562,324.11492919921875,150.79107666015625,140.22488403320312,300.1942138671875,99.68700408935547,81.80467987060547,322.8322448730469,28.689224243164062,57.257957458496094,461.8861389160156,108.01787567138672,4453.52978515625
2023-09-19,176.9956817626953,139.36959838867188,137.6300048828125,26.938079833984375,39.319175720214844,113.75724029541016,150.13494873046875,116.85493469238281,136.90846252441406,322.764892578125,150.54049682617188,140.04623413085938,302.69464111328125,99.26170349121094,81.62025451660156,322.4300231933594,28.987712860107422,56.528316497802734,456.754638671875,107.73323059082031,4443.9501953125
2023-09-20,173.45713806152344,139.47853088378906,135.2899932861328,26.844057083129883,38.9691047668457,111.91915893554688,149.677001953125,113.68445587158203,132.6437225341797,317.86517333984375,151.199462890625,139.4538116455078,297.336669921875,99.21546936035156,80.35688781738281,314.69915771484375,28.672163009643555,55.92964172363281,467.6542663574219,106.8792953491211,4402.2001953125
2023-09-21,171.91522216796875,139.3150634765625,129.3300018310547,26.37392807006836,38.425559997558594,109.97948455810547,148.33010864257812,111.04843139648438,129.37078857421875,311.76654052734375,150.03929138183594,138.36300659179688,293.42730712890625,98.6792221069336,78.27281188964844,313.48260498046875,28.015483856201172,55.022274017333984,476.2160949707031,105.37342834472656,4330.0
2023-09-22,172.76524353027344,138.6885528564453,129.1199951171875,25.98843002319336,37.6977653503418,110.06260681152344,149.30885314941406,111.07559967041016,129.1823272705078,309.54803466796875,148.96270751953125,137.037109375,296.751220703125,98.31863403320312,76.80657196044922,311.0103454589844,27.879032135009766,55.228065490722656,480.929443359375,105.5387191772461,4320.06005859375
2023-09-25,174.04029846191406,140.42283630371094,131.27000427246094,25.950822830200195,37.78989791870117,111.8268051147461,151.49082946777344,113.82035064697266,130.0352783203125,310.4449157714844,148.7399444580078,137.7141876220703,298.48760986328125,97.8563461303711,76.56681823730469,311.5303039550781,28.12635040283203,55.97641372680664,484.9015197753906,106.72320556640625,4337.43994140625
2023-09-26,169.96804809570312,139.7509307861328,125.9800033569336,25.54651641845703,37.05289077758789,110.9677963256836,150.6737060546875,114.93453216552734,127.5160903930664,305.70574951171875,147.58909606933594,136.28485107421875,296.6322021484375,97.44029998779297,75.77375793457031,306.2325134277344,27.631711959838867,55.31226348876953,480.3117370605469,106.88848114013672,4273.52978515625
2023-09-27,168.45574951171875,139.0426788330078,125.9800033569336,25.640539169311523,37.273990631103516,114.26321411132812,153.58302307128906,117.58867645263672,129.4699249267578,303.9403381347656,145.81637573242188,137.0841522216797,295.42169189453125,96.09967041015625,75.29424285888672,306.87017822265625,27.3758602142334,56.87443161010742,478.67730712890625,110.36849212646484,4274.509765625
2023-09-28,168.7127685546875,138.24363708496094,125.9800033569336,25.913209915161133,37.95572280883789,113.91976165771484,153.17897033691406,117.28069305419922,131.22543334960938,307.0085144042969,145.60292053222656,138.78616333007812,301.5932312011719,96.43252563476562,75.79219818115234,307.7041320800781,27.367338180541992,57.0053825378418,484.7304992675781,109.69819641113281,4299.7001953125
2023-09-29,169.2267303466797,135.3470916748047,127.12000274658203,25.743967056274414,37.891231536865234,111.20915222167969,151.41001892089844,114.82583618164062,129.78729248046875,305.4697570800781,144.5541534423828,136.36949157714844,297.8724365234375,95.1843490600586,75.31267547607422,309.7741394042969,28.28838539123535,54.53584289550781,479.11444091796875,107.9627685546875,4288.0498046875
2023-10-02,171.73731994628906,134.61163330078125,129.4600067138672,25.104598999023438,37.31083679199219,108.70276641845703,149.5423126220703,112.01769256591797,133.07017517089844,300.6833190917969,143.99728393554688,135.1940460205078,304.43096923828125,94.81452178955078,74.15076446533203,315.7096862792969,28.9450740814209,54.19908905029297,488.97821044921875,106.17227172851562,4288.39013671875
2023-10-03,170.40292358398438,133.86705017089844,124.72000122070312,24.36180305480957,36.72123718261719,109.16690826416016,149.89251708984375,112.54308319091797,131.34445190429688,288.99578857421875,144.17361450195312,134.19725036621094,298.5967712402344,94.09335327148438,71.9468002319336,307.4588317871094,28.910961151123047,54.825828552246094,484.1318359375,106.35591888427734,4229.4501953125
2023-10-04,171.64837646484375,134.10316467285156,127.0,24.390012741088867,36.67517852783203,105.20311737060547,146.39950561523438,108.12252044677734,134.13140869140625,291.3371276855469,144.34066772460938,134.79910278320312,303.2006530761719,94.46320343017578,72.93350982666016,312.9233703613281,28.40778923034668,52.22532653808594,485.2246398925781,102.38008117675781,4263.75
2023-10-05,172.8838653564453,133.8852081298828,125.95999908447266,24.50284194946289,36.73966598510742,105.28666687011719,147.1717529296875,107.30726623535156,133.9628143310547,293.13079833984375,145.84422302246094,135.3674774169922,302.4167785644531,95.78532409667969,72.98884582519531,313.3158264160156,28.54423713684082,51.823089599609375,490.5555725097656,100.07537841796875,4258.18994140625
2023-10-06,175.43399047851562,134.6025390625,127.95999908447266,24.512243270874023,37.37532424926758,107.0596923828125,145.67221069335938,109.31824493408203,136.4522247314453,295.0000915527344,146.30828857421875,137.45150756835938,312.9739685058594,96.044189453125,74.07699584960938,321.06634521484375,28.25428009033203,52.10371398925781,498.7088623046875,98.40424346923828,4308.5
2023-10-09,176.91659545898438,135.3925323486328,128.25999450683594,24.73790168762207,37.531944274902344,113.08428955078125,149.70394897460938,115.26065063476562,137.28530883789062,295.1227722167969,147.1436004638672,137.13890075683594,315.881103515625,96.61741638183594,73.68968963623047,323.57794189453125,28.31397819519043,54.47972106933594,500.3243408203125,101.84751892089844,4335.66015625
2023-10-10,176.3235321044922,135.19273376464844,129.47999572753906,25.396076202392578,38.176822662353516,111.75682830810547,149.5423126220703,114.7805404663086,136.9282684326172,297.1619873046875,146.9765167236328,137.97251892089844,319.33404541015625,95.79457092285156,73.89254760742188,322.1749572753906,28.28838539123535,54.835182189941406,498.16717529296875,101.41595458984375,4358.240234375
2023-10-11,177.71722412109375,135.60134887695312,131.8300018310547,25.40547752380371,38.259727478027344,111.43193817138672,144.6575469970703,115.3783950805664,139.39788818359375,295.5098571777344,144.95321655273438,138.44615173339844,325.2674560546875,95.65587615966797,72.75830078125,326.1286926269531,28.237220764160156,54.96614456176758,498.06268310546875,97.77986145019531,4376.9501953125
2023-10-12,178.61668395996094,136.0048828125,132.3300018310547,25.292644500732422,38.259727478027344,112.42520904541016,144.7742919921875,116.8187026977539,137.830810546875,292.5172119140625,145.0924530029297,138.12405395507812,321.635986328125,95.77608489990234,71.7531509399414,324.8924865722656,28.075183868408203,54.60132598876953,499.4025573730469,97.76148986816406,4349.60986328125
2023-10-13,176.77822875976562,135.69308471679688,129.7899932861328,25.1610164642334,38.167606353759766,115.90629577636719,147.31541442871094,121.23927307128906,136.23403930664062,291.9979248046875,145.57510375976562,140.19863891601562,312.23968505859375,96.16439819335938,71.73470306396484,321.5274353027344,27.38439178466797,55.15323257446289,512.5733032226562,100.8833999633789,4327.77978515625
2023-10-16,176.6497344970703,135.0235595703125,132.5500030517578,25.377269744873047,37.725406646728516,116.32402801513672,148.51866149902344,122.1644058227539,137.95974731445312,296.80322265625,146.20620727539062,140.05654907226562,318.6494140625,96.28459167480469,72.6015396118164,326.34454345703125,28.373676300048828,55.611595153808594,511.2713928222656,100.95685577392578,4373.6298828125
2023-10-17,175.09791564941406,136.8119354248047,131.47000122070312,25.96962547302246,37.95572280883789,116.46327209472656,150.4851531982422,122.41049194335938,138.57467651367188,292.0545654296875,144.86968994140625,139.75341796875,321.4772033691406,96.31233215332031,74.07699584960938,325.7754821777344,27.93020248413086,56.350589752197266,509.96002197265625,102.2790756225586,4373.2001953125
2023-10-18,173.8031005859375,136.9036102294922,128.1300048828125,25.67814826965332,37.283203125,117.5122299194336,151.6793975830078,123.7412338256836,136.82913208007812,285.06854248046875,141.75123596191406,138.2187957763672,314.5019226074219,94.2967758178711,69.05122375488281,323.86236572265625,26.78740882873535,56.67799758911133,509.39935302734375,103.71147918701172,4314.60009765625
2023-10-19,173.42752075195312,133.45535278320312,128.39999389648438,25.349063873291016,36.905494689941406,117.31729125976562,151.84103393554688,124.16963195800781,136.62081909179688,282.4535217285156,141.37071228027344,137.63148498535156,310.3742980957031,92.85443878173828,67.24378204345703,325.04949951171875,26.599790573120117,56.098018646240234,505.18975830078125,103.77574920654297,4278.0
2023-10-20,170.87738037109375,134.10647583007812,125.16999816894531,24.73790168762207,36.55541229248047,115.16365814208984,149.802734375,121.43522644042969,134.48846435546875,283.2654113769531,142.00181579589844,135.41481018066406,306.2466735839844,94.92546844482422,67.43744659423828,320.4875183105469,26.139257431030273,54.451656341552734,500.81854248046875,101.99443817138672,4224.16015625
2023-10-23,170.99598693847656,132.7308349609375,126.55999755859375,24.042118072509766,35.82762145996094,112.63871002197266,144.28041076660156,119.98599243164062,135.3810577392578,282.4818115234375,140.507568359375,133.567626953125,311.56500244140625,95.5541763305664,66.11875915527344,323.0873107910156,26.301294326782227,55.040977478027344,495.6300354003906,100.49774932861328,4217.0400390625
2023-10-24,171.43087768554688,134.1798553466797,128.55999755859375,23.94809341430664,35.864463806152344,111.34838104248047,140.66171264648438,118.43648529052734,137.67214965820312,282.44403076171875,140.3590850830078,133.72866821289062,310.1163635253906,95.25831604003906,65.98966217041016,324.2743835449219,25.951635360717773,53.31977844238281,498.889404296875,99.52445220947266,4247.68017578125
2023-10-25,169.11798095703125,133.21690368652344,121.38999938964844,24.0233154296875,35.56967544555664,111.77540588378906,139.96133422851562,118.24507141113281,124.58033752441406,280.1594543457031,140.67462158203125,132.99923706054688,297.1977844238281,95.81304931640625,65.84210968017578,334.2225036621094,26.207483291625977,52.96431350708008,503.8404541015625,99.70808410644531,4186.77001953125
2023-10-26,164.95675659179688,133.161865234375,119.56999969482422,24.559255599975586,36.2421875,109.82599639892578,138.9556427001953,116.61355590820312,121.27764129638672,280.3765563964844,138.28933715820312,133.3402557373047,286.1048278808594,97.5882339477539,66.45996856689453,321.6844177246094,26.574203491210938,52.26274108886719,502.08233642578125,98.799072265625,4137.22998046875
2023-10-27,166.2713623046875,127.41171264648438,127.73999786376953,23.6660213470459,35.22880172729492,109.35257720947266,129.61712646484375,114.83617401123047,121.16853332519531,273.6925964355469,135.13375854492188,128.5375213623047,294.4195556640625,95.06415557861328,64.91995239257812,323.5680236816406,25.678728103637695,52.22532653808594,498.56640625,96.916748046875,4117.3701171875
2023-10-30,168.3173828125,130.12631225585938,132.7100067138672,24.15494728088379,35.864463806152344,109.6681900024414,131.17953491210938,114.34398651123047,123.43976593017578,284.0017395019531,136.46096801757812,130.1763458251953,300.3033752441406,94.9347152709961,65.89070892333984,330.9261169433594,26.053974151611328,52.758514404296875,503.6312255859375,97.2197494506836,4166.81982421875
2023-10-31,168.79183959960938,129.4751434326172,133.08999633789062,24.766109466552734,36.38037109375,110.28084564208984,130.8562469482422,115.07316589355469,123.06287384033203,286.6262512207031,137.6768035888672,131.72984313964844,298.9241638183594,94.95321655273438,66.10540008544922,331.71099853515625,26.062503814697266,52.06630325317383,508.9241943359375,97.19222259521484,4193.7998046875
2023-11-01,171.95472717285156,130.65821838378906,137.0,24.822526931762695,36.481712341308594,108.30360412597656,129.28488159179688,113.22288513183594,125.41345977783203,289.9776306152344,138.0016632080078,131.61622619628906,309.421875,95.09188842773438,66.22675323486328,339.52032470703125,26.01986312866211,52.253387451171875,505.1611328125,96.9993896484375,4237.85986328125
2023-11-02,175.51304626464844,131.38272094726562,138.07000732421875,25.96962547302246,38.093902587890625,113.26993560791016,133.57701110839844,117.26068115234375,126.44493103027344,296.2085266113281,139.4402313232422,133.96551513671875,308.4494323730469,95.09188842773438,68.56965637207031,341.7277526855469,26.011333465576172,53.65653991699219,509.4659423828125,100.18556213378906,4317.77978515625
2023-11-03,174.60369873046875,129.6952362060547,138.60000610351562,26.72182273864746,39.43773651123047,111.1627426147461,132.5443878173828,116.8140869140625,128.041748046875,309.2930908203125,140.46116638183594,135.4622039794922,312.150390625,95.5819091796875,71.18325805664062,346.12298583984375,26.65948486328125,53.19817352294922,504.4959716796875,98.96434020996094,4358.33984375
2023-11-06,177.15380859375,129.49351501464844,139.74000549316406,26.6372013092041,39.2324333190918,109.97451782226562,131.9966583251953,115.22811126708984,129.1823272705078,305.79071044921875,140.7952880859375,136.4852752685547,313.3410339355469,96.4695053100586,70.86588287353516,349.7823486328125,26.591257095336914,52.83335876464844,506.92877197265625,97.2105712890625,4365.97998046875
2023-11-07,179.71383666992188,130.3739013671875,142.7100067138672,26.477359771728516,39.15777587890625,106.98543548583984,129.6709747314453,111.78275299072266,129.8964080810547,305.8284606933594,140.0527801513672,136.41897583007812,316.3375549316406,96.1551513671875,70.48318481445312,353.7066650390625,26.650957107543945,49.88673782348633,511.08135986328125,95.68633270263672,4378.3798828125
2023-11-08,180.7714385986328,130.2546844482422,142.0800018310547,26.223493576049805,39.02711868286133,106.2427978515625,127.86612701416016,110.47936248779297,130.75927734375,306.4043273925781,139.5423583984375,137.09153747558594,317.2900695800781,96.52498626708984,70.91256713867188,356.3261413574219,26.284242630004883,49.51256561279297,510.03594970703125,94.51103973388672,4382.77978515625
2023-11-09,180.29698181152344,126.5954818725586,140.60000610351562,25.88500213623047,38.7285041809082,105.96430206298828,127.45305633544922,110.56139373779297,129.17239379882812,302.83575439453125,136.82293701171875,136.68418884277344,318.0540466308594,94.65734100341797,69.2510757446289,353.86358642578125,25.65328025817871,49.3348274230957,512.1931762695312,94.53858947753906,4347.35009765625
2023-11-10,184.48348999023438,127.09989929199219,143.55999755859375,26.026039123535156,39.2697639465332,107.31961059570312,128.3599853515625,111.83744049072266,131.5031280517578,307.3011779785156,136.6651611328125,138.71141052246094,326.2101135253906,93.74201965332031,70.31517791748047,362.6736755371094,25.48041343688965,49.85866928100586,514.293212890625,95.26397705078125,4415.240234375
2023-11-13,182.8999481201172,127.14574432373047,142.58999633789062,26.044843673706055,39.84835433959961,107.62749481201172,129.30284118652344,112.16556549072266,131.00723266601562,308.62286376953125,137.01785278320312,138.09567260742188,326.6268005371094,94.74056243896484,70.04447174072266,359.740234375,25.048246383666992,50.51348114013672,515.585693359375,96.26481628417969,4411.5498046875
2023-11-14,185.5128173828125,126.61383819580078,145.8000030517578,27.474018096923828,41.39749526977539,107.7954330444336,130.2456512451172,114.043212890625,132.52468872070312,319.772216796875,137.04568481445312,140.61546325683594,333.69134521484375,94.46320343017578,73.09678649902344,363.26226806640625,25.290264129638672,50.84087371826172,513.58056640625,96.6354751586914,4495.7001953125
2023-11-15,186.07691955566406,126.19198608398438,143.1999969482422,27.85011863708496,41.88276290893555,107.31961059570312,130.70361328125,112.17469787597656,133.51646423339844,318.71484375,138.10374450683594,141.84689331054688,330.119384765625,93.70503997802734,74.37557220458984,363.4097900390625,26.09408950805664,50.214134216308594,511.632568359375,96.05169677734375,4502.8798828125
2023-11-16,187.7594757080078,126.81560516357422,142.8300018310547,27.774898529052734,41.68678665161133,104.4833755493164,128.63485717773438,110.01449584960938,135.80755615234375,317.83685302734375,139.31031799316406,143.466796875,331.5878601074219,94.2967758178711,74.35691833496094,369.79974365234375,25.73107147216797,48.74550247192383,512.9723510742188,94.93978118896484,4508.240234375
2023-11-17,187.7396240234375,126.83395385742188,145.17999267578125,28.18861198425293,42.330711364746094,106.90910339355469,131.07562255859375,113.0223617553711,134.2008514404297,320.2159118652344,139.02255249023438,144.76458740234375,332.43121337890625,94.07486724853516,74.93563842773438,363.58673095703125,25.8607177734375,49.43771743774414,509.6178894042969,97.25628662109375,4514.02001953125
2023-11-20,189.4815673828125,126.8431167602539,146.1300048828125,28.216815948486328,42.23738479614258,107.65547180175781,131.00302124023438,114.14347076416016,135.13314819335938,320.46136474609375,140.24813842773438,145.2097930908203,337.3228454589844,94.9347152709961,74.39424896240234,371.0482177734375,25.912582397460938,49.3348274230957,508.48712158203125,96.83004760742188,4547.3798828125
2023-11-21,188.67991638183594,127.2282943725586,143.89999389648438,27.88772964477539,42.07874298095703,107.45022583007812,130.6945343017578,113.25022888183594,135.8472442626953,316.23199462890625,141.38014221191406,144.90664672851562,334.35614013671875,94.50016021728516,73.24613952636719,366.752197265625,26.189163208007812,49.316123962402344,512.7537841796875,96.7929916381836,4538.18994140625
2023-11-22,189.343017578125,126.98985290527344,146.7100067138672,27.85952377319336,42.01342010498047,107.15168762207031,130.95767211914062,112.26582336425781,137.35475158691406,319.6966857910156,141.0994873046875,145.2476806640625,338.8309631347656,94.01016235351562,73.26480865478516,371.4512634277344,26.206451416015625,49.1290397644043,516.7164916992188,96.37602996826172,4556.6201171875
2023-11-24,188.0167999267578,127.17327880859375,146.74000549316406,27.953550338745117,42.20939636230469,107.74878692626953,131.47483825683594,112.56661224365234,135.5695343017578,320.17822265625,142.6712188720703,145.44659423828125,335.596435546875,94.18582916259766,73.4141616821289,371.038330078125,26.362030029296875,49.2038688659668,519.8903198242188,96.89490509033203,4559.33984375
2023-11-27,187.83860778808594,127.55842590332031,147.72999572753906,27.793704986572266,42.06941604614258,107.10502624511719,130.98489379882812,112.11089324951172,135.29180908203125,318.81866455078125,141.52984619140625,145.11505126953125,332.0938720703125,93.77900695800781,72.76075744628906,372.1983947753906,26.050872802734375,49.15708541870117,516.5547485351562,96.32967376708984,4550.43017578125
2023-11-28,188.44235229492188,126.63217163085938,147.02999877929688,27.7654972076416,41.864105224609375,107.27296447753906,132.0283203125,112.69422149658203,136.07533264160156,318.7620544433594,141.85728454589844,145.44659423828125,336.3504943847656,92.62330627441406,71.7619857788086,376.2191162109375,25.66192626953125,48.932594299316406,513.6471557617188,96.27409362792969,4554.89013671875
2023-11-29,187.42295837402344,127.0173568725586,146.32000732421875,28.498891830444336,42.694664001464844,106.3306655883789,130.5765838623047,112.32964324951172,133.8834686279297,323.86376953125,142.30636596679688,146.1855010986328,329.6134033203125,93.50162506103516,73.32080841064453,372.43438720703125,25.999011993408203,48.52099609375,508.3730773925781,94.82859802246094,4550.580078125
2023-11-30,187.99697875976562,130.58486938476562,146.08999633789062,28.89694595336914,43.02129364013672,107.82341003417969,130.29531860351562,112.17469787597656,131.443603515625,325.0821533203125,144.69198608398438,147.8527374267578,324.6026916503906,94.74979400634766,74.05821228027344,372.4932861328125,26.336101531982422,48.68001937866211,525.4684448242188,95.19922637939453,4567.7998046875
2023-12-01,189.2737274169922,131.52029418945312,147.02999877929688,29.342388153076172,44.07582473754883,107.5062026977539,131.3931884765625,112.65776824951172,130.77911376953125,331.64013671875,148.1722412109375,148.57264709472656,322.2908020019531,95.65587615966797,75.50503540039062,368.1678466796875,24.98774528503418,49.00742721557617,521.7210693359375,95.43089294433594,4594.6298828125
2023-12-04,187.4823455810547,132.19894409179688,144.83999633789062,29.20970344543457,44.20648193359375,106.85313415527344,131.44766235351562,112.11089324951172,128.21034240722656,332.5538635253906,148.64002990722656,149.66201782226562,317.5281677246094,97.13519287109375,75.80374145507812,362.8887634277344,25.30755043029785,48.67066955566406,522.7890625,94.91197967529297,4569.77978515625
2023-12-05,191.4313201904297,132.58413696289062,146.8800048828125,28.98224449157715,43.58122634887695,105.5562973022461,129.62387084960938,111.15383911132812,129.91624450683594,325.281982421875,148.331298828125,149.64308166503906,315.8117370605469,98.2169418334961,74.83296966552734,366.21148681640625,25.143321990966797,47.57093048095703,524.6770629882812,93.06804656982422,4567.18017578125
2023-12-06,190.3426513671875,134.24404907226562,144.52000427246094,28.934856414794922,44.663753509521484,103.11192321777344,129.32443237304688,109.14860534667969,128.95419311523438,325.4914245605469,146.5256805419922,148.0706024169922,314.9782409667969,97.66217803955078,74.1235580444336,362.55450439453125,24.884029388427734,46.17979431152344,523.9810180664062,91.8356704711914,4549.33984375
2023-12-07,192.27256774902344,135.70220947265625,146.8800048828125,29.058063507080078,45.26101303100586,103.41979217529297,129.22462463378906,107.87254333496094,135.80755615234375,328.0137023925781,145.38429260253906,148.52529907226562,324.04705810546875,96.044189453125,75.0009765625,364.66815185546875,24.7457332611084,45.550025939941406,522.7796020507812,91.19629669189453,4585.58984375
2023-12-08,193.69778442382812,136.9036102294922,147.4199981689453,29.342388153076172,45.624969482421875,104.55801391601562,130.9394989013672,108.42855834960938,133.8834686279297,333.9244384765625,144.4674530029297,150.1641082763672,330.1590881347656,95.92401123046875,76.80250549316406,367.892578125,24.875383377075195,45.86960983276367,524.2098388671875,92.24337768554688,4604.3701171875
2023-12-11,191.1937713623047,138.7011260986328,145.88999938964844,29.238134384155273,44.93438720703125,104.6419906616211,130.975830078125,108.64729309082031,132.1973876953125,334.8096618652344,145.0662384033203,150.71351623535156,322.7472229003906,96.49724578857422,77.30654907226562,365.01220703125,24.754375457763672,46.19860076904297,518.4028930664062,92.30823516845703,4622.43994140625
2023-12-12,192.7080535888672,140.53529357910156,147.47999572753906,29.13388442993164,44.850399017333984,103.61570739746094,129.29721069335938,107.25274658203125,131.4337158203125,335.61865234375,145.0756072998047,152.05868530273438,331.6175842285156,96.48799896240234,78.03462219238281,368.0400390625,24.702518463134766,46.0952033996582,520.3480224609375,90.85346221923828,4643.7001953125
2023-12-13,195.92462158203125,141.50743103027344,148.83999633789062,30.3659610748291,46.04491424560547,104.35276794433594,131.2117156982422,107.99105072021484,131.48330688476562,345.25103759765625,145.74916076660156,152.57020568847656,332.133544921875,99.03056335449219,79.92948150634766,368.03021240234375,23.04300308227539,46.2361946105957,523.485107421875,91.65959930419922,4707.08984375
2023-12-14,196.07310485839844,142.03932189941406,147.4199981689453,32.16668701171875,46.88480758666992,107.24496459960938,136.03880310058594,111.33287048339844,130.8584442138672,364.9915771484375,146.75955200195312,155.3457794189453,330.57586669921875,98.6021728515625,84.97933197021484,359.733154296875,22.584911346435547,49.27223205566406,509.40179443359375,94.1243667602539,4719.5498046875
2023-12-15,195.5386505126953,141.26898193359375,149.97000122070312,31.844451904296875,46.502193450927734,106.86245727539062,135.51255798339844,110.88052368164062,131.51304626464844,362.1742858886719,145.15977478027344,156.52040100097656,332.3122253417969,97.88510131835938,85.48338317871094,364.4517822265625,23.01707649230957,49.05604553222656,506.4268798828125,93.49429321289062,4719.18994140625
2023-12-18,193.8759307861328,140.70037841796875,154.07000732421875,31.68333625793457,46.34354019165039,107.19831848144531,135.81198120117188,112.27450561523438,134.6868133544922,358.2622985839844,145.42172241210938,157.4676971435547,341.93670654296875,98.75117492675781,84.71797943115234,366.3393249511719,23.38873863220215,49.14064025878906,502.0693359375,94.1892318725586,4740.56005859375
2023-12-19,194.9151153564453,140.86546325683594,153.7899932861328,31.759153366088867,47.52873611450195,108.68174743652344,137.5904083251953,113.11457061767578,135.5298309326172,364.0207824707031,146.37599182128906,159.5706787109375,347.6319580078125,99.17023468017578,85.80074310302734,366.9389953613281,24.339500427246094,49.79861068725586,499.6759338378906,95.43089294433594,4768.3701171875
2023-12-20,192.8268280029297,139.11380004882812,152.1199951171875,31.256851196289062,46.72616195678711,108.86833953857422,136.3291778564453,112.09909057617188,137.2059783935547,359.32830810546875,143.39157104492188,157.7708282470703,346.56036376953125,98.117919921875,85.07267761230469,364.3436279296875,23.881404876708984,49.39442443847656,491.9430847167969,93.83711242675781,4698.35009765625
2023-12-21,192.6783447265625,139.93919372558594,153.83999633789062,31.465351104736328,47.220767974853516,108.99896240234375,136.74655151367188,111.7760009765625,139.26895141601562,362.2313537597656,144.86038208007812,158.67076110839844,351.3329772949219,99.07711791992188,86.46348571777344,367.2142639160156,24.469146728515625,49.42263412475586,495.7093811035156,94.26335906982422,4746.75
2023-12-22,191.6094970703125,142.0943603515625,153.4199981689453,31.68333625793457,47.46340560913086,109.7733383178711,137.0550537109375,112.87454986572266,140.33016967773438,362.3075256347656,145.44044494628906,158.5760040283203,350.6383361816406,100.29707336425781,86.25814056396484,368.23663330078125,24.546937942504883,49.892608642578125,496.1193542480469,94.4301528930664,4754.6298828125
2023-12-26,191.0651092529297,141.80087280273438,153.41000366210938,32.09087371826172,47.91134262084961,111.04216766357422,138.28904724121094,114.7485580444336,140.3599395751953,363.2212219238281,146.07659912109375,159.51382446289062,352.067138671875,100.23188018798828,86.65950775146484,368.3153076171875,24.555583953857422,50.456573486328125,495.8525085449219,94.64326477050781,4774.75
2023-12-27,191.1640625,142.03932189941406,153.33999633789062,32.0719108581543,48.02333450317383,110.54769134521484,137.8353729248047,114.7208480834961,139.21934509277344,365.9529724121094,146.27310180664062,160.47056579589844,355.0437927246094,100.5578384399414,87.42491912841797,367.7352600097656,24.72844886779785,49.84561538696289,498.484130859375,94.19850158691406,4781.580078125
2023-12-28,191.5896453857422,141.9201202392578,153.3800048828125,32.109825134277344,48.079322814941406,108.69107818603516,135.89366149902344,112.00679016113281,139.0804901123047,367.7899475097656,146.48825073242188,161.3231658935547,355.530029296875,101.29352569580078,87.40625,368.9248046875,24.884029388427734,49.103050231933594,500.49603271484375,92.83639526367188,4783.35009765625
2023-12-29,190.5504913330078,142.12188720703125,151.94000244140625,31.91078758239746,48.00466537475586,108.28990936279297,135.34017944335938,111.65596771240234,138.544921875,367.1808166503906,146.63795471191406,161.1337127685547,351.2038879394531,101.52635192871094,87.0422134399414,369.6719055175781,24.884029388427734,48.9150505065918,501.9930419921875,92.64181518554688,4769.830078125
2024-01-02,183.73130798339844,146.56976318359375,149.92999267578125,32.1287841796875,49.4978141784668,109.70801544189453,135.63050842285156,112.25602722167969,137.03738403320312,369.5888671875,149.6597900390625,163.0093536376953,343.5936584472656,105.45628356933594,87.6489486694336,364.5894775390625,25.696496963500977,48.85865783691406,514.2647094726562,94.84712982177734,4742.830078125
2024-01-03,182.35560607910156,147.15670776367188,148.47000122070312,31.778104782104492,50.057743072509766,111.89116668701172,138.2164764404297,115.37629699707031,137.78125,363.392578125,150.59532165527344,162.2988739013672,341.787841796875,106.88111114501953,85.79141998291016,364.32403564453125,25.696496963500977,49.488426208496094,516.8296508789062,95.64400482177734,4704.81005859375
2024-01-04,180.03965759277344,148.0738067626953,144.57000732421875,32.03400421142578,50.17906188964844,108.67242431640625,136.701171875,111.72058868408203,135.27197265625,364.4967041015625,150.2772216796875,163.37591552734375,344.417236328125,108.96714782714844,86.01544952392578,361.7090759277344,25.143321990966797,48.58607482910156,520.06201171875,94.81006622314453,4688.68017578125
2024-01-05,179.31716918945312,148.69741821289062,145.24000549316406,32.63108825683594,50.70166778564453,108.71907043457031,136.46527099609375,111.12977600097656,134.61740112304688,367.8185119628906,150.7450408935547,164.19561767578125,349.2095947265625,109.16271209716797,87.03286743164062,361.52227783203125,25.471769332885742,48.74586486816406,512.395751953125,95.09730529785156,4697.240234375
2024-01-08,183.65211486816406,148.04629516601562,149.10000610351562,32.37519454956055,50.40303421020508,106.82514190673828,135.64866638183594,108.7203369140625,137.701904296875,370.12188720703125,151.11923217773438,163.95730590820312,355.8673400878906,109.31170654296875,87.284912109375,368.3447265625,25.566848754882812,47.29833984375,511.57574462890625,93.51280975341797,4763.5400390625
2024-01-09,183.2364501953125,148.85333251953125,151.3699951171875,31.872888565063477,49.9084358215332,105.2017822265625,132.2007293701172,107.15097045898438,139.79458618164062,365.2486267089844,151.21279907226562,162.6610565185547,354.6468811035156,110.28954315185547,85.93143463134766,369.4261474609375,25.411266326904297,45.64402389526367,513.3397216796875,92.35454559326172,4756.5
2024-01-10,184.27565002441406,151.21945190429688,153.72999572753906,31.844451904296875,49.47915267944336,103.7276840209961,131.11190795898438,106.1539535522461,141.11370849609375,363.55438232421875,151.43731689453125,163.0041961669922,367.58538818359375,110.68997192382812,85.39004516601562,376.2879333496094,25.056894302368164,45.54063415527344,512.643798828125,91.44649505615234,4783.4501953125
2024-01-11,183.6818084716797,150.2014617919922,155.17999267578125,31.417966842651367,48.601932525634766,103.55973052978516,131.8196563720703,106.14473724365234,140.9153289794922,361.4508972167969,150.76370239257812,162.31793212890625,366.7916564941406,110.28954315185547,84.484619140625,378.1164855957031,24.546937942504883,45.86960983276367,514.5888671875,91.42794799804688,4780.240234375
2024-01-12,184.0084228515625,150.3588409423828,154.6199951171875,31.086252212524414,49.105865478515625,104.21282196044922,133.62527465820312,107.13249969482422,141.4806671142578,359.5472717285156,151.92379760742188,161.1265411376953,371.5740966796875,110.47578430175781,83.7285385131836,381.8913879394531,24.80624008178711,46.950565338134766,497.263671875,92.61400604248047,4783.830078125
2024-01-16,181.74197387695312,149.5070343017578,153.16000366210938,30.44178009033203,48.40595245361328,101.3579330444336,130.376953125,104.34114837646484,141.32199096679688,362.1171875,150.17431640625,160.1162109375,364.5988464355469,110.34540557861328,80.24684143066406,383.66094970703125,24.477794647216797,45.399635314941406,495.0133972167969,90.51988983154297,4765.97998046875
2024-01-17,180.80172729492188,150.02554321289062,151.7100067138672,30.138500213623047,47.93001174926758,100.35964965820312,129.8597869873047,102.9361572265625,140.31033325195312,359.0046691894531,150.09011840820312,159.25839233398438,365.5016784667969,110.01014709472656,78.79070281982422,382.8745422363281,24.330854415893555,45.014259338378906,500.5342102050781,89.86199951171875,4739.2099609375
2024-01-18,186.69058227539062,151.192138671875,153.5,30.07215690612793,47.69670486450195,99.76254272460938,128.6802215576172,102.43370056152344,142.30386352539062,358.7477111816406,150.81985473632812,159.5729217529297,373.2012939453125,110.39197540283203,78.31465911865234,387.1999206542969,24.279001235961914,45.64402389526367,492.3340148925781,89.69520568847656,4780.93994140625
2024-01-19,189.59042358398438,152.55311584472656,155.33999633789062,30.536558151245117,48.079322814941406,100.63954162597656,129.06130981445312,102.50814056396484,145.18006896972656,363.7828369140625,151.25953674316406,162.32748413085938,380.4643249511719,110.7179183959961,79.65878295898438,391.9186706542969,24.443220138549805,46.65917205810547,480.148193359375,89.83419036865234,4839.81005859375
2024-01-22,191.896484375,153.12716674804688,154.77999877929688,30.84930992126465,49.31117248535156,100.81681060791016,129.28814697265625,102.94546508789062,144.7932891845703,367.3616638183594,151.99862670898438,162.1368408203125,378.8073425292969,111.22080993652344,80.02283477783203,389.7952575683594,24.469146728515625,47.636722564697266,489.1397399902344,89.71373748779297,4850.43017578125
2024-01-23,193.17320251464844,155.08071899414062,156.02000427246094,31.057817459106445,49.74045181274414,100.75150299072266,128.9251708984375,102.69425201416016,145.8346710205078,362.4217529296875,149.51007080078125,161.06935119628906,382.2007141113281,111.60261535644531,80.96558380126953,392.144775390625,24.572872161865234,47.39232635498047,491.55218505859375,90.72373962402344,4864.60009765625
2024-01-24,192.5001983642578,152.04393005371094,156.8699951171875,31.256851196289062,49.703121185302734,102.31888580322266,131.49298095703125,104.29461669921875,147.48104858398438,361.1177062988281,148.7148895263672,162.508544921875,387.6578674316406,110.7085952758789,81.74034118652344,395.7428283691406,24.48643684387207,48.5672721862793,489.3685607910156,92.28968811035156,4868.5498046875
2024-01-25,192.17359924316406,152.8864288330078,157.75,31.645421981811523,50.141727447509766,104.53936004638672,134.80482482910156,106.86266326904297,150.62509155273438,364.25872802734375,149.2761993408203,164.834228515625,390.1185302734375,111.87267303466797,82.1603775024414,398.013671875,24.10041046142578,49.319236755371094,470.4605407714844,94.63399505615234,4894.16015625
2024-01-26,190.44163513183594,152.2105712890625,159.1199951171875,31.68333625793457,50.08573913574219,104.70729064941406,135.32199096679688,107.50469207763672,150.9424285888672,359.5853576660156,149.22006225585938,164.2051239013672,391.071044921875,112.51525115966797,81.88968658447266,397.089599609375,24.10041046142578,49.742210388183594,479.8049621582031,95.44013977050781,4890.97021484375
2024-01-29,189.75868225097656,151.7569122314453,161.25999450683594,31.853925704956055,50.49635696411133,104.1195297241211,135.267578125,106.96503448486328,152.25164794921875,362.22186279296875,149.0890655517578,164.63404846191406,397.8975524902344,112.94363403320312,81.7870101928711,402.78155517578125,24.109180450439453,50.00539779663086,481.0826416015625,95.56060028076172,4927.93017578125
2024-01-30,186.1066131591797,152.6920166015625,159.0,32.97227478027344,53.277347564697266,106.40531158447266,136.21124267578125,108.658447265625,150.21844482421875,368.227783203125,148.537109375,168.00811767578125,396.9450378417969,113.29751586914062,82.58819580078125,401.670654296875,23.70560646057129,46.3865852355957,480.19580078125,97.15435791015625,4924.97021484375
2024-01-31,182.50404357910156,152.2105712890625,155.1999969482422,32.23302459716797,52.41877746582031,104.37142944335938,133.77044677734375,105.87639617919922,138.9515838623047,365.5056457519531,148.65870666503906,166.18763732910156,387.1022033691406,112.4780044555664,82.23001098632812,390.8471374511719,23.75824546813965,45.7756233215332,487.9478759765625,95.26409912109375,4845.64990234375
2024-02-01,184.93875122070312,155.16404724121094,159.27999877929688,31.79706382751465,52.316131591796875,103.91426849365234,134.1878204345703,104.7691421508789,140.00289916992188,365.3533020019531,148.1535186767578,165.587158203125,391.7060852050781,117.69307708740234,81.83414459228516,396.9421691894531,23.942489624023438,46.05759811401367,483.5617370605469,94.87491607666016,4906.18994140625
2024-02-02,183.9391632080078,156.16397094726562,171.80999755859375,31.72124671936035,52.32555389404297,103.21453857421875,138.13479614257812,103.1408462524414,141.21287536621094,369.1700744628906,146.51632690429688,166.540283203125,471.2915344238281,117.72101593017578,82.25828552246094,404.25616455078125,23.62664794921875,46.05759811401367,486.508056640625,94.48574829101562,4958.60986328125
2024-02-05,185.75035095214844,158.56195068359375,170.30999755859375,31.266324996948242,51.34574508666992,102.5987777709961,138.2164764404297,102.02432250976562,142.50221252441406,364.5633239746094,145.75852966308594,166.32110595703125,455.8328552246094,117.50682067871094,80.9575424194336,398.7804260253906,23.310806274414062,45.63462448120117,479.5760192871094,94.09657287597656,4942.81005859375
2024-02-06,187.35366821289062,160.44140625,169.14999389648438,31.31371307373047,51.20442199707031,104.04488372802734,138.234619140625,104.09922790527344,142.91879272460938,366.4383544921875,147.8728485107422,166.89295959472656,451.1794128417969,118.15869903564453,81.15547943115234,398.6231689453125,24.126731872558594,45.384117126464844,486.92767333984375,94.74519348144531,4954.22998046875
2024-02-07,187.46255493164062,162.03390502929688,170.52999877929688,31.446399688720703,51.3834228515625,104.79126739501953,138.03500366210938,104.69470977783203,144.34695434570312,368.02789306640625,147.79803466796875,167.20748901367188,465.93359375,118.70814514160156,81.06122589111328,407.0382385253906,24.17936897277832,44.85475540161133,495.24224853515625,94.71739959716797,4995.06005859375
2024-02-08,186.3837432861328,161.83021545410156,169.83999633789062,31.389530181884766,51.14790344238281,106.2653579711914,139.7861785888672,105.1971664428711,144.7139434814453,366.4859619140625,146.3198699951172,166.6070098876953,466.3404541015625,117.90726470947266,80.7313232421875,407.09710693359375,24.188142776489258,45.176151275634766,495.9096984863281,96.33895111083984,4997.91015625
2024-02-09,187.14682006835938,161.17286682128906,174.4499969482422,31.342144012451172,50.86526107788086,103.70902252197266,137.04595947265625,103.32695007324219,147.7786102294922,365.7435607910156,146.65664672851562,166.8071746826172,464.4651184082031,116.82699584960938,80.9575424194336,413.4281005859375,24.17936897277832,44.504981994628906,494.1265869140625,94.30042266845703,5026.60986328125
2024-02-12,185.46212768554688,160.23773193359375,172.33999633789062,31.86341094970703,50.79930877685547,103.65303039550781,137.98960876464844,105.00175476074219,146.32066345214844,373.7197570800781,147.67642211914062,167.55059814453125,465.2489318847656,116.72455596923828,81.88127899169922,408.2277526855469,24.26710319519043,45.50700759887695,493.5735778808594,95.59766387939453,5021.83984375
2024-02-13,183.3711700439453,160.44140625,168.63999938964844,31.038860321044922,49.706443786621094,102.41219329833984,136.64674377441406,103.30833435058594,143.9502410888672,360.4990539550781,146.38536071777344,166.09231567382812,456.5372619628906,116.8083724975586,79.14781188964844,399.4391174316406,23.661739349365234,44.977638244628906,492.8203125,94.77467346191406,4953.169921875
2024-02-14,182.4891815185547,161.4876251220703,170.97999572753906,31.39900779724121,50.855831146240234,102.73872375488281,137.01873779296875,103.28973388671875,144.7436981201172,359.8232421875,145.70240783691406,167.7793731689453,469.59490966796875,117.17156982421875,79.17607879638672,403.29986572265625,23.784568786621094,45.13833999633789,492.9060974121094,94.30706787109375,5000.6201171875
2024-02-15,182.2018280029297,163.4967498779297,169.8000030517578,32.28989791870117,52.01465606689453,104.29850769042969,141.6783905029297,106.30439758300781,141.5996856689453,366.84765625,147.74188232421875,171.43936157226562,480.26116943359375,117.84208679199219,80.75018310546875,400.41412353515625,24.135501861572266,45.922943115234375,496.6629333496094,97.00984191894531,5029.72998046875
2024-02-16,180.66580200195312,164.3300018310547,169.50999450683594,32.30885314941406,51.67548370361328,103.89446258544922,141.8343048095703,105.66239166259766,139.3681182861328,365.9148864746094,147.57220458984375,170.63876342773438,469.63458251953125,119.00616455078125,81.53251647949219,397.9519348144531,24.23200798034668,45.91349411010742,497.3017883300781,97.00984191894531,5005.56982421875
2024-02-20,179.92254638671875,162.71902465820312,167.0800018310547,32.185646057128906,52.212493896484375,102.9266357421875,141.25643920898438,105.26229095458984,139.96319580078125,365.9909973144531,148.8070831298828,171.30592346191406,468.0768127441406,118.61503601074219,80.44854736328125,396.7011413574219,24.2056884765625,45.86622619628906,496.8345947265625,96.09333038330078,4975.509765625
2024-02-21,180.6757049560547,162.15423583984375,168.58999633789062,31.93923568725586,52.12770462036133,106.05560302734375,142.57730102539062,108.26766204833984,141.3814697265625,369.5603332519531,149.58004760742188,172.42111206054688,464.8785095214844,119.31346893310547,80.55223846435547,396.1003723144531,24.275876998901367,46.51848220825195,497.7021789550781,98.05728149414062,4981.7998046875
2024-02-22,182.7071990966797,163.64488220214844,174.5800018310547,31.853925704956055,52.66471862792969,105.44485473632812,142.56809997558594,108.30488586425781,142.90887451171875,371.6542663574219,151.24855041503906,174.48944091796875,482.8565979003906,120.3751220703125,80.91984558105469,405.42724609375,24.170597076416016,46.56575393676758,502.0216064453125,97.9731216430664,5087.02978515625
2024-02-23,180.8739013671875,164.88552856445312,174.99000549316406,32.14773178100586,52.69297409057617,104.77771759033203,141.86183166503906,104.08060455322266,142.77993774414062,372.206298828125,152.55882263183594,175.3662872314453,480.770751953125,120.55204772949219,81.57964324951172,404.13702392578125,24.354835510253906,46.14982223510742,502.7271728515625,97.11270904541016,5088.7998046875
2024-02-26,179.5261688232422,165.55213928222656,174.72999572753906,31.853925704956055,52.15596389770508,105.63276672363281,141.669189453125,104.25741577148438,136.44232177734375,371.4163513183594,151.56906127929688,174.76580810546875,478.4961242675781,119.9839859008789,80.75018310546875,401.37939453125,23.845979690551758,45.9040412902832,500.8964538574219,97.49614715576172,5069.52978515625
2024-02-27,180.98292541503906,165.71881103515625,173.5399932861328,32.488929748535156,52.485713958740234,104.87167358398438,139.56871032714844,106.0159683227539,137.7415771484375,371.9779052734375,151.7481689453125,174.85157775878906,483.7703857421875,120.16091918945312,80.58050537109375,401.3202209472656,23.591554641723633,45.809505462646484,489.5498046875,97.2904052734375,5078.18017578125
2024-02-28,179.7838134765625,164.8022003173828,173.16000366210938,32.51735305786133,51.86390686035156,105.27571868896484,139.73379516601562,106.22997283935547,135.26205444335938,376.88580322265625,152.2854766845703,175.73800659179688,480.7607727050781,119.37866973876953,81.10834503173828,401.556640625,23.723154067993164,45.52592086791992,475.1136779785156,97.56161499023438,5069.759765625
2024-02-29,179.119873046875,162.99676513671875,176.75999450683594,32.94684982299805,52.278446197509766,105.74553680419922,139.43112182617188,106.49980163574219,137.32501220703125,372.9268798828125,152.125244140625,177.3392333984375,486.8296813964844,118.41016387939453,81.09892272949219,407.38714599609375,23.302032470703125,45.68661880493164,470.6512451171875,97.7486572265625,5096.27001953125
2024-03-01,178.03970336914062,165.64476013183594,178.22000122070312,32.78459548950195,52.382080078125,107.34288787841797,140.1649169921875,108.02574157714844,136.01583862304688,372.01629638671875,152.82278442382812,176.6053466796875,498.9176940917969,118.23320007324219,81.513671875,409.218994140625,23.32835578918457,46.65083312988281,466.77044677734375,98.98313903808594,5137.080078125
2024-03-04,173.52081298828125,163.9226531982422,177.5800018310547,33.548133850097656,52.89082336425781,104.89986419677734,136.5601348876953,107.7745132446289,132.2568817138672,375.9942626953125,150.6735382080078,177.93017578125,494.8354187011719,115.52323150634766,84.86922454833984,408.6477966308594,22.714216232299805,46.71699523925781,459.4666442871094,97.59903717041016,5130.9501953125
2024-03-05,168.58572387695312,165.87620544433594,174.1199951171875,33.777198791503906,53.00387954711914,104.5052261352539,137.2113800048828,108.11878967285156,131.5824737548828,374.7098388671875,150.79608154296875,179.71258544921875,486.9190673828125,114.3871078491211,84.01148986816406,396.5632019042969,22.88091468811035,46.943878173828125,451.1520080566406,98.79610443115234,5078.64990234375
2024-03-06,167.59474182128906,167.6352996826172,173.50999450683594,33.80583190917969,53.97425842285156,105.22872924804688,136.0556640625,108.38861846923828,130.32289123535156,373.4254150390625,150.20220947265625,180.64663696289062,492.74951171875,115.24385833740234,80.74075317382812,396.01177978515625,23.854755401611328,47.293636322021484,450.6275939941406,99.85289001464844,5104.759765625
2024-03-07,167.47584533691406,167.18165588378906,176.82000732421875,34.00627136230469,54.37937545776367,105.93346405029297,137.00958251953125,109.65404510498047,133.27845764160156,372.3326416015625,149.75917053222656,179.0644073486328,508.7410888671875,115.46736145019531,81.19319152832031,402.9552001953125,23.503820419311523,48.002620697021484,456.5202331542969,100.41402435302734,5157.35986328125
2024-03-08,169.19021606445312,165.58917236328125,175.35000610351562,33.977630615234375,54.18153381347656,106.1777572631836,137.47738647460938,110.46353912353516,134.30001831054688,370.9522705078125,150.37191772460938,179.3979949951172,502.5431213378906,115.01103210449219,82.04150390625,400.079345703125,23.881072998046875,47.64340591430664,456.2043151855469,101.35859680175781,5123.68994140625
2024-03-11,171.1920166015625,166.31134033203125,171.9600067138672,34.25440979003906,54.08732223510742,108.29192352294922,139.4219512939453,112.41748046875,136.54148864746094,370.15667724609375,151.98382568359375,179.4647216796875,480.3337097167969,114.33120727539062,81.9472427368164,398.4049987792969,24.890010833740234,48.71159744262695,468.2467956542969,101.95712280273438,5117.93994140625
2024-03-12,171.6676788330078,167.5056915283203,175.38999938964844,34.32122802734375,54.1250114440918,108.07579803466797,139.32106018066406,112.43609619140625,137.3646697998047,372.0929260253906,153.40724182128906,180.9420623779297,496.3848571777344,114.22877502441406,82.0509262084961,409.00238037109375,24.574172973632812,48.74940872192383,468.438232421875,101.30248260498047,5175.27001953125
2024-03-13,169.5866241455078,166.52426147460938,176.55999755859375,34.435760498046875,54.41706466674805,110.45306396484375,141.15553283691406,114.04576873779297,138.64410400390625,376.0517883300781,151.8612823486328,182.409912109375,492.2330322265625,113.7631607055664,84.2188491821289,408.8250732421875,24.758407592773438,49.69470977783203,467.1459045410156,102.43408203125,5165.31005859375
2024-03-14,171.4397430419922,167.7649383544922,178.75,34.06352615356445,53.78584289550781,112.54842376708984,142.8157501220703,115.1809310913086,141.92698669433594,372.505126953125,150.0796661376953,179.1597442626953,488.5182189941406,112.93843841552734,83.98320007324219,418.7921142578125,24.6794490814209,50.31862258911133,468.1031494140625,104.2483901977539,5150.47998046875
2024-03-15,171.06317138671875,164.6911163330078,174.4199981689453,33.796287536621094,54.2757453918457,112.79273223876953,142.67820739746094,114.25048065185547,140.02272033691406,371.1631774902344,149.10873413085938,181.38052368164062,480.8403015136719,113.88497924804688,83.30455017089844,410.12506103515625,24.512758255004883,49.97830581665039,469.8454284667969,104.06135559082031,5117.08984375
2024-03-18,172.15325927734375,165.255859375,174.47999572753906,34.36894226074219,55.236717224121094,112.99944305419922,142.54978942871094,114.97624206542969,146.46945190429688,368.44085693359375,147.77015686035156,183.62989807128906,493.6335144042969,113.80999755859375,82.90866088867188,411.01153564453125,24.319744110107422,50.50767517089844,466.23651123046875,105.02462768554688,5149.419921875
2024-03-19,174.49197387695312,166.33912658691406,175.89999389648438,34.38803482055664,55.453399658203125,114.6531753540039,143.65965270996094,115.9718246459961,145.8247528076172,372.5530700683594,147.25172424316406,184.70693969726562,492.89849853515625,114.52225494384766,83.34223937988281,415.0396728515625,24.24078369140625,51.500247955322266,472.2385559082031,105.7634506225586,5178.509765625
2024-03-20,177.05859375,163.20045471191406,178.14999389648438,35.075225830078125,56.64990234375,114.5498275756836,141.7609100341797,116.95809936523438,147.52073669433594,380.03936767578125,146.82749938964844,187.1278839111328,502.1159973144531,116.06858825683594,86.10398864746094,418.8019104003906,24.302196502685547,51.42462921142578,473.10968017578125,105.66992950439453,5224.6201171875
2024-03-21,169.82444763183594,164.33926391601562,178.14999389648438,35.80058670043945,57.78044509887695,116.05323028564453,142.04525756835938,117.31168365478516,146.3900909423828,396.56494140625,146.81809997558594,189.7299346923828,504.3409423828125,115.85304260253906,88.0362548828125,422.8793640136719,24.26710319519043,51.46243667602539,470.67822265625,106.13752746582031,5241.52978515625
2024-03-22,170.72625732421875,165.2188262939453,178.8699951171875,35.361549377441406,57.299964904785156,115.60221099853516,141.86183166503906,116.15790557861328,149.5341033935547,389.9604797363281,146.32791137695312,187.404296875,506.1486511230469,116.06858825683594,86.66952514648438,422.2588806152344,24.003902435302734,51.03704833984375,469.12744140625,106.13752746582031,5234.18017578125
2024-03-25,169.30914306640625,165.2929229736328,179.7100067138672,35.18021011352539,57.42244338989258,118.6090087890625,143.5220489501953,118.40029907226562,148.83984375,388.1583557128906,146.31849670410156,185.68869018554688,499.6328430175781,117.43684387207031,85.90605163574219,416.4677734375,24.065317153930664,51.33955001831055,465.1165466308594,107.22238159179688,5218.18994140625
2024-03-26,168.179443359375,165.9039764404297,178.3000030517578,35.39973449707031,58.091346740722656,118.38349914550781,142.42135620117188,117.03254699707031,149.43492126464844,389.34698486328125,146.83694458007812,186.55599975585938,492.55084228515625,117.63365936279297,86.03801727294922,415.27606201171875,24.2056884765625,51.112674713134766,471.2717590332031,106.41809844970703,5203.580078125
2024-03-27,171.74696350097656,166.97796630859375,179.8300018310547,36.08692169189453,59.118263244628906,119.18218994140625,143.4119873046875,117.60012817382812,149.63327026367188,398.0411071777344,148.90135192871094,190.16839599609375,490.53448486328125,123.47222137451172,88.13050842285156,415.05938720703125,24.37238311767578,51.89727783203125,472.0279541015625,107.52165222167969,5248.490234375
2024-03-28,169.93345642089844,168.59823608398438,180.3800048828125,36.191898345947266,59.57990646362305,119.59561157226562,144.68698120117188,118.94927215576172,149.6927947998047,400.3800048828125,149.1181640625,190.91183471679688,482.3102722167969,123.65967559814453,88.75262451171875,414.3600769042969,24.34606170654297,51.81220245361328,473.55963134765625,108.70936584472656,5254.35009765625
2024-04-01,168.4965362548828,167.3575439453125,180.97000122070312,35.81013107299805,59.787166595458984,120.91108703613281,145.91607666015625,120.73573303222656,154.2154083251953,396.37322998046875,148.731689453125,189.6155548095703,488.0414123535156,122.75997924804688,88.1587905883789,418.1519470214844,24.319744110107422,52.199771881103516,468.7732849121094,109.41078186035156,5243.77001953125
2024-04-02,167.3172607421875,167.2927703857422,180.69000244140625,35.600154876708984,59.20305633544922,122.78096008300781,146.5581512451172,123.04327392578125,153.29302978515625,393.1524658203125,148.68453979492188,189.539306640625,494.0209045410156,122.16019439697266,87.3858871459961,415.06915283203125,24.170597076416016,51.689308166503906,438.5619201660156,111.55243682861328,5205.81005859375
2024-04-03,168.1199493408203,164.181884765625,182.41000366210938,35.73377990722656,58.11960983276367,123.6830062866211,147.1635284423828,124.47618865966797,153.6500701904297,396.8429260253906,145.41354370117188,189.0055389404297,503.3277587890625,121.73846435546875,87.65923309326172,414.0942077636719,23.881072998046875,51.859466552734375,440.0935974121094,111.57115173339844,5211.490234375
2024-04-04,167.29747009277344,155.45108032226562,180.0,35.23747253417969,57.38475036621094,123.79576110839844,147.39285278320312,124.70879364013672,149.2960662841797,389.4140930175781,143.7544708251953,187.56752014160156,507.479736328125,119.63921356201172,86.98057556152344,411.5630798339844,23.380992889404297,51.301734924316406,435.919921875,111.96392822265625,5147.2099609375
2024-04-05,168.0505828857422,157.3953399658203,185.07000732421875,35.41881561279297,58.034812927246094,125.45889282226562,148.22755432128906,126.4859619140625,151.24990844726562,391.15869140625,143.65077209472656,189.29315185546875,523.7891235351562,119.94847106933594,87.15967559814453,419.0875549316406,23.389766693115234,52.020164489746094,436.2645263671875,113.50703430175781,5204.33984375
2024-04-08,166.93075561523438,157.21018981933594,185.19000244140625,35.79104232788086,58.15729522705078,124.4252700805664,147.92486572265625,126.03003692626953,153.58067321777344,393.52630615234375,142.89663696289062,190.28062438964844,515.7535400390625,118.60831451416016,87.85717010498047,418.1716003417969,23.319578170776367,51.08431625366211,436.513427734375,112.74015808105469,5202.39013671875
2024-04-09,168.1397705078125,157.52496337890625,185.6699981689453,36.010562896728516,58.091346740722656,124.26556396484375,148.59445190429688,127.5280532836914,155.31631469726562,393.68927001953125,143.5565185546875,189.0055694580078,513.41943359375,118.7489013671875,88.67721557617188,419.8360900878906,23.49504852294922,51.20719528198242,440.0744323730469,113.32933807373047,5209.91015625
2024-04-10,166.26683044433594,156.49728393554688,185.9499969482422,34.97978591918945,56.69700241088867,124.8011474609375,149.20899963378906,128.35618591308594,154.860107421875,384.15167236328125,141.5863800048828,187.3949432373047,516.32958984375,118.78638458251953,86.38676452636719,416.8616943359375,23.091474533081055,51.235565185546875,430.8176574707031,114.28325653076172,5160.64013671875
2024-04-11,173.4613494873047,155.09922790527344,189.0500030517578,34.69345474243164,57.19633483886719,124.8951187133789,148.49354553222656,127.72347259521484,158.103271484375,381.007568359375,140.25723266601562,187.3566131591797,519.63720703125,118.22407531738281,81.85297393798828,421.4611511230469,23.109020233154297,51.046504974365234,422.8436584472656,113.89981842041016,5199.06005859375
2024-04-12,174.95774841308594,151.65090942382812,186.1300048828125,34.158973693847656,56.2259407043457,123.27894592285156,145.80599975585938,125.88114166259766,156.4370574951172,373.3486633300781,139.06007385253906,175.23876953125,508.45306396484375,117.83982849121094,81.24032592773438,415.52227783203125,22.687896728515625,49.15589141845703,420.4313659667969,112.57183074951172,5123.41015625
2024-04-15,171.13255310058594,151.0808868408203,183.6199951171875,34.311683654785156,55.17076110839844,122.38630676269531,144.54937744140625,124.01702117919922,153.590576171875,384.2666320800781,139.1260223388672,175.3346710205078,496.8616638183594,118.26156616210938,81.994384765625,407.38714599609375,22.731765747070312,48.843936920166016,426.5865783691406,111.926513671875,5061.81982421875
2024-04-16,167.85240173339844,151.8938751220703,183.32000732421875,33.09955596923828,53.71989440917969,121.70977783203125,143.3477783203125,124.55097198486328,153.1343231201172,380.4132385253906,136.16612243652344,173.3309783935547,496.3948059082031,117.20256042480469,84.02090454101562,408.3128662109375,22.53875160217285,48.59816360473633,448.8525695800781,111.00067138671875,5051.41015625
2024-04-17,166.48486328125,153.49188232421875,181.27999877929688,33.62448501586914,54.80333709716797,120.58222961425781,143.4578399658203,124.0263900756836,154.195556640625,387.17108154296875,136.4677734375,172.64073181152344,490.84246826171875,117.49308013916016,84.90692901611328,405.6143493652344,22.30187225341797,48.030982971191406,458.5209045410156,110.94453430175781,5022.2099609375
2024-04-18,165.53350830078125,153.8750457763672,179.22000122070312,34.13988494873047,54.94465637207031,120.09362030029297,144.53103637695312,123.4268569946289,154.7311553955078,386.40423583984375,137.38214111328125,173.7624053955078,498.4210510253906,117.36187744140625,85.07658386230469,398.1588134765625,22.275550842285156,48.15386199951172,472.1045227050781,110.8416748046875,5011.1201171875
2024-04-19,163.51193237304688,155.51040649414062,174.6300048828125,35.285194396972656,55.717193603515625,121.56884002685547,146.75994873046875,124.74768829345703,152.82687377929688,387.2573547363281,139.42771911621094,178.12445068359375,477.83062744140625,117.87731170654297,85.45361328125,393.086669921875,22.810726165771484,47.12348175048828,479.71484375,112.11355590820312,4967.22998046875
2024-04-22,164.34432983398438,156.89346313476562,177.22999572753906,36.010562896728516,57.42244338989258,121.5218505859375,148.52105712890625,125.43152618408203,154.99891662597656,400.0541076660156,140.56829833984375,181.5853271484375,478.4862365722656,118.96443939208984,86.80148315429688,394.89886474609375,23.038829803466797,46.80207443237305,470.2378845214844,112.74949645996094,5010.60009765625
2024-04-23,165.39479064941406,158.43539428710938,179.5399932861328,36.621395111083984,59.04289627075195,122.00106811523438,149.37411499023438,126.27458953857422,156.9626922607422,406.4284973144531,140.98306274414062,184.2025146484375,492.7594909667969,118.908203125,88.37559509277344,401.4089050292969,23.091474533081055,46.83989334106445,465.4037170410156,113.18907165527344,5070.5498046875
2024-04-24,167.49563598632812,156.8093719482422,176.58999633789062,36.57367706298828,58.85446548461914,121.47488403320312,150.03453063964844,127.02398681640625,157.82559204101562,405.5082702636719,140.01214599609375,185.10366821289062,490.1769714355469,119.02067565917969,88.4604263305664,402.8763427734375,23.047605514526367,46.4239616394043,466.475830078125,113.207763671875,5071.6298828125
2024-04-25,168.35780334472656,156.332763671875,173.6699981689453,36.1823616027832,58.21382141113281,122.2547607421875,151.60301208496094,126.7991714477539,154.7212371826172,402.6421813964844,138.40020751953125,185.38169860839844,438.4079284667969,122.50695037841797,87.24449920654297,393.0078430175781,22.161497116088867,46.73590850830078,472.7554626464844,113.46961975097656,5048.419921875
2024-04-26,167.7731170654297,149.16514587402344,179.6199951171875,36.10601043701172,59.033477783203125,122.37692260742188,152.16253662109375,127.11766815185547,170.5404815673828,409.8506164550781,137.7592010498047,185.49676513671875,440.3050842285156,122.956787109375,87.4990005493164,400.1777648925781,22.28432273864746,46.509033203125,474.1818542480469,110.31794738769531,5099.9599609375
2024-04-29,171.9352264404297,150.94068908691406,180.9600067138672,35.838768005371094,58.656620025634766,122.35811614990234,152.56614685058594,127.63288116455078,164.7880096435547,412.9562683105469,138.40020751953125,185.29542541503906,429.7068786621094,121.94462585449219,87.62266540527344,396.1693115234375,22.494884490966797,46.51848220825195,468.1319274902344,111.88910675048828,5116.169921875
2024-04-30,168.7938232421875,151.9873504638672,175.0,35.32337188720703,57.78044509887695,118.03584289550781,147.92486572265625,123.77346801757812,161.44566345214844,409.02618408203125,136.29811096191406,183.8190460205078,427.2734375,121.10118865966797,86.41453552246094,383.4446105957031,22.477338790893555,44.883113861083984,463.0296936035156,110.60786437988281,5035.68994140625
2024-05-01,167.7731170654297,151.1276092529297,179.0,35.266109466552734,57.799285888671875,116.83311462402344,146.42056274414062,121.7313232421875,162.51681518554688,409.25628662109375,142.51014709472656,183.93411254882812,436.2326965332031,120.70758056640625,87.08042907714844,388.9698181152344,23.845979690551758,44.58060836791992,463.4221496582031,108.51299285888672,5018.39013671875
2024-05-02,171.46949768066406,150.27720642089844,184.72000122070312,35.19929885864258,57.978294372558594,114.86930847167969,147.42955017089844,123.4643325805664,165.25418090820312,414.64337158203125,141.3224334716797,183.7423553466797,438.70587158203125,120.20149993896484,88.13636016845703,391.82598876953125,24.302196502685547,44.977638244628906,471.9035339355469,108.70936584472656,5064.2001953125
2024-05-03,181.72613525390625,153.06202697753906,186.2100067138672,35.552433013916016,58.462947845458984,114.85050964355469,146.9892578125,121.79691314697266,165.86911010742188,420.02081298828125,140.70968627929688,182.63986206054688,448.9166259765625,119.49861907958984,89.078125,400.51263427734375,24.398704528808594,45.05326461791992,471.4057922363281,108.48492431640625,5127.7900390625
2024-05-06,180.07119750976562,152.07142639160156,188.6999969482422,35.972381591796875,59.688846588134766,116.09081268310547,148.86961364746094,122.2278060913086,166.72203063964844,425.2833557128906,140.05926513671875,184.06829833984375,462.5442810058594,119.55485534667969,90.1720962524414,407.28863525390625,24.705768585205078,45.336856842041016,473.2532958984375,109.18634033203125,5180.740234375
2024-05-07,180.75497436523438,151.9032440185547,188.75999450683594,36.11554718017578,58.91909408569336,116.08141326904297,149.20899963378906,122.0217056274414,169.84620666503906,425.40789794921875,140.1912384033203,183.82864379882812,465.0870666503906,122.18830871582031,91.1233901977539,403.152099609375,24.363609313964844,45.535369873046875,479.5520324707031,108.64390563964844,5187.7001953125
2024-05-08,181.0919189453125,149.94078063964844,188.0,35.99147033691406,59.63182830810547,115.63040161132812,149.08973693847656,121.61892700195312,167.99156188964844,428.4273986816406,140.40806579589844,187.56752014160156,469.4176940917969,121.41046142578125,90.9806900024414,404.333984375,24.80228042602539,45.2423210144043,481.7059631347656,108.62521362304688,5187.669921875
2024-05-09,182.90542602539062,149.89405822753906,189.5,36.53549575805664,60.173500061035156,115.94046783447266,151.75897216796875,122.30274963378906,168.56680297851562,436.6805725097656,141.25645446777344,189.3411102294922,472.2187194824219,122.0477294921875,93.33036041259766,406.0871276855469,25.09616470336914,45.82841873168945,485.3626708984375,110.7668685913086,5214.080078125
2024-05-10,181.64517211914062,150.2211456298828,187.47999572753906,36.697750091552734,60.37306594848633,115.27855682373047,152.09835815429688,121.8718490600586,167.26751708984375,435.8849182128906,141.31301879882812,190.5586395263672,472.99346923828125,121.88839721679688,93.49208068847656,408.47052001953125,24.94476890563965,45.847320556640625,490.89569091796875,110.31794738769531,5222.68017578125
2024-05-13,184.85035705566406,150.71641540527344,186.57000732421875,36.46868896484375,60.24952697753906,114.97594451904297,150.91510009765625,121.21611785888672,167.75352478027344,434.7634582519531,142.54788208007812,190.520263671875,464.8586120605469,121.16677856445312,93.75843048095703,407.4659423828125,25.32771110534668,46.083648681640625,489.87139892578125,110.27120208740234,5221.419921875
2024-05-14,185.9915313720703,151.00611877441406,187.07000732421875,36.73593521118164,60.43008804321289,114.45587158203125,150.0712127685547,121.24421691894531,168.9436798095703,439.469970703125,142.69871520996094,193.18544006347656,468.6727294921875,120.57637786865234,94.53849029541016,410.2629699707031,25.27427864074707,45.960758209228516,491.9200134277344,110.94058227539062,5246.68017578125
2024-05-15,188.2639617919922,153.06202697753906,185.99000549316406,37.13678741455078,61.047786712646484,114.1343765258789,149.55755615234375,120.92572021484375,171.09588623046875,446.774169921875,143.91470336914062,193.7606658935547,478.2974853515625,123.45347595214844,95.6229476928711,417.4360046386719,25.666128158569336,45.66771697998047,495.43310546875,111.79853820800781,5308.14990234375
2024-05-16,188.383056640625,153.58534240722656,183.6300048828125,37.43266296386719,60.9527587890625,113.31169128417969,149.25181579589844,119.8297119140625,172.75218200683594,445.2692565917969,145.43238830566406,194.1057891845703,470.0434265136719,122.65690612792969,94.72874450683594,415.3738708496094,25.755184173583984,45.77169418334961,498.99420166015625,111.12914276123047,5297.10009765625
2024-05-17,188.41281127929688,155.51974487304688,184.6999969482422,37.49946975708008,60.886234283447266,115.08943176269531,150.7156982421875,121.72196197509766,174.61680603027344,448.336669921875,145.77174377441406,196.32994079589844,468.73236083984375,122.9474105834961,95.33756256103516,414.6042785644531,25.505823135375977,45.93239974975586,502.2105407714844,112.79792022705078,5303.27001953125
2024-05-20,189.57383728027344,153.7815704345703,183.5399932861328,37.05088424682617,60.021453857421875,114.31403350830078,149.2981414794922,121.64703369140625,175.46974182128906,443.7547302246094,143.7476806640625,187.50042724609375,465.6829528808594,122.75997924804688,95.44219970703125,419.6658935546875,25.40786361694336,45.59209060668945,495.1268005371094,111.88338470458984,5308.1298828125
2024-05-21,190.87379455566406,152.25833129882812,183.14999389648438,37.84306335449219,61.52294158935547,113.86014556884766,148.214111328125,120.74773406982422,176.3921356201172,450.9151916503906,143.71917724609375,191.2776641845703,461.50140380859375,122.54442596435547,96.583740234375,423.3165283203125,25.434581756591797,45.6488037109375,501.17669677734375,111.11029052734375,5321.41015625
2024-05-22,189.43490600585938,149.15582275390625,183.1300048828125,37.94804763793945,60.64865493774414,111.76091003417969,145.99049377441406,118.07798767089844,174.93418884277344,443.21795654296875,145.86679077148438,190.11761474609375,464.6301574707031,122.86306762695312,95.83223724365234,424.7767639160156,26.360769271850586,43.93780517578125,499.0706787109375,108.87582397460938,5307.009765625
2024-05-23,185.44577026367188,147.89425659179688,181.0500030517578,37.38492965698242,59.88841247558594,111.25028228759766,145.4067840576172,116.18574523925781,172.1273956298828,439.1632385253906,142.2557373046875,188.78506469726562,462.6436462402344,122.85368347167969,94.10089874267578,421.3037109375,25.550352096557617,43.78655242919922,494.7439270019531,107.01850128173828,5267.83984375
2024-05-24,188.52195739746094,146.7728271484375,180.75,37.890785217285156,60.42059326171875,110.87203979492188,146.15725708007812,115.47380065917969,173.55555725097656,442.0676574707031,139.66148376464844,192.41848754882812,474.9998474121094,121.3542251586914,94.1484603881836,424.42156982421875,25.719560623168945,43.710933685302734,486.4540100097656,106.93363189697266,5304.72021484375
2024-05-28,188.53189086914062,145.1654815673828,182.14999389648438,37.528106689453125,59.34674072265625,112.48902130126953,147.3524627685547,117.89064025878906,174.95399475097656,440.7544250488281,137.20028686523438,191.25848388671875,476.68841552734375,118.16783905029297,93.86307525634766,424.5794677734375,25.203033447265625,43.98506546020508,482.15582275390625,108.2912826538086,5306.0400390625
2024-05-29,188.82957458496094,144.6514892578125,182.02000427246094,36.955448150634766,58.92859649658203,108.98082733154297,145.36972045898438,114.20918273925781,174.45811462402344,438.223876953125,137.25730895996094,189.9259033203125,471.1658020019531,117.98979187011719,92.53128051757812,423.44482421875,24.77556037902832,43.14375305175781,464.006103515625,107.13162994384766,5266.9501953125
2024-05-30,189.8218994140625,146.07192993164062,179.32000732421875,36.86954879760742,58.852577209472656,107.40167999267578,146.6297607421875,114.51831817626953,170.69915771484375,434.1831970214844,138.0555419921875,191.0955047607422,463.9049987792969,116.70585632324219,92.49322509765625,409.13824462890625,25.113975524902344,43.09648132324219,461.0672302246094,107.47103881835938,5235.47998046875
2024-05-31,190.7745361328125,150.67906188964844,176.44000244140625,38.167572021484375,59.21369171142578,110.14393615722656,150.3728790283203,116.67285919189453,171.08596801757812,440.2489929199219,139.37640380859375,194.25917053222656,463.6865234375,117.65241241455078,93.07351684570312,409.59210205078125,25.523635864257812,43.38007354736328,474.2009582519531,110.55403137207031,5277.509765625
2024-06-03,192.5408935546875,149.6978302001953,178.33999633789062,38.06258010864258,58.84307098388672,107.67589569091797,145.88858032226562,112.0733871459961,171.75048828125,438.763916015625,140.3931884765625,193.48263549804688,474.2747497558594,120.35144805908203,92.66446685791016,408.0035400390625,26.10250473022461,41.65962219238281,476.1825256347656,107.90472412109375,5283.39990234375
2024-06-04,192.85841369628906,151.52008056640625,179.33999633789062,37.871700286865234,57.99729537963867,106.16293334960938,144.65631103515625,112.2232666015625,172.3654022216797,439.07244873046875,140.4502410888672,190.93251037597656,473.7781066894531,120.62323760986328,91.87488555908203,410.5195007324219,26.26280403137207,41.03571319580078,483.8885192871094,106.22652435302734,5291.33984375
2024-06-05,194.36676025390625,154.60394287109375,181.27999877929688,38.13893508911133,58.70051956176758,106.12510681152344,143.59083557128906,112.70101165771484,173.97210693359375,445.22509765625,138.71119689941406,189.11102294921875,491.7264404296875,121.31672668457031,91.95100402832031,418.3536071777344,26.316238403320312,41.09754943847656,481.6197509765625,106.65079498291016,5354.02978515625
2024-06-06,192.98744201660156,157.52894592285156,185.0,37.890785217285156,58.86207962036133,106.09674072265625,144.4709930419922,113.5440902709961,175.2812957763672,441.7727355957031,139.13882446289062,188.77549743652344,490.4351806640625,122.31951904296875,92.13174438476562,418.8568420410156,25.648313522338867,41.53516387939453,480.4710693359375,107.45218658447266,5352.9599609375
2024-06-07,195.37893676757812,158.32327270507812,184.3000030517578,38.19805908203125,58.71002960205078,105.9076156616211,144.61000061035156,112.5886001586914,173.02989196777344,438.6963806152344,139.76602172851562,191.68988037109375,489.64056396484375,122.46009063720703,92.4076156616211,418.1957702636719,25.452388763427734,42.3818473815918,469.7209777832031,106.30195617675781,5346.990234375
2024-06-10,191.6378631591797,159.29515075683594,187.05999755859375,38.09243392944336,58.37742614746094,107.13691711425781,145.22149658203125,113.9000473022461,173.7746124267578,437.3848571777344,139.8135528564453,191.36395263671875,499.2156982421875,123.22856140136719,91.69415283203125,422.162109375,24.998199462890625,42.790924072265625,473.84674072265625,106.61308288574219,5360.7900390625
2024-06-11,205.5601806640625,156.7158966064453,187.22999572753906,37.31464767456055,56.20121383666992,107.4489517211914,144.98985290527344,114.3122329711914,175.37322998046875,428.43560791015625,139.46192932128906,186.330810546875,504.0528869628906,123.55656433105469,90.78092193603516,426.9079284667969,24.96257972717285,42.77189254760742,475.0146484375,105.75513458251953,5375.31982421875
2024-06-12,211.43475341796875,155.2113800048828,186.88999938964844,37.842769622802734,57.027984619140625,106.08728790283203,142.8866729736328,113.28179931640625,176.53500366210938,432.707763671875,138.17906188964844,183.6177215576172,505.41363525390625,122.01961517333984,90.9902114868164,435.1761779785156,24.63306999206543,42.534061431884766,471.9992980957031,104.5860366821289,5421.02978515625
2024-06-13,212.5957794189453,155.6505889892578,183.8300018310547,37.698734283447266,57.2370491027832,104.8580093383789,141.60809326171875,111.56754302978516,173.92355346679688,430.4414978027344,138.2170867919922,185.6597442626953,500.7055969238281,121.24176788330078,90.57164001464844,435.689208984375,24.624164581298828,41.6778678894043,476.0484924316406,103.74693298339844,5433.740234375
2024-06-14,210.85922241210938,157.547607421875,183.66000366210938,37.67953872680664,56.381778717041016,103.4395980834961,141.3579559326172,110.76191711425781,175.54205322265625,430.54754638671875,138.30259704589844,185.7747802734375,501.26239013671875,121.3448486328125,90.8475112915039,436.666015625,24.517295837402344,40.907283782958984,475.8761901855469,102.87012481689453,5431.60009765625
2024-06-17,215.0071258544922,158.56622314453125,184.05999755859375,37.93879699707031,57.07550811767578,103.5814208984375,141.932373046875,111.54881286621094,175.98887634277344,434.1349792480469,138.6922149658203,186.92520141601562,503.71820068359375,120.20409393310547,92.31248474121094,442.38861083984375,24.027482986450195,41.50662612915039,470.3100891113281,102.16302490234375,5473.22998046875
2024-06-18,212.64540100097656,160.13619995117188,182.80999755859375,38.39971160888672,57.75972366333008,103.45851135253906,142.0620574951172,111.9422378540039,173.85403442382812,441.1265563964844,138.40713500976562,188.8617706298828,496.61920166015625,120.66605377197266,92.81666564941406,440.3857116699219,24.410429000854492,42.27720260620117,462.4464416503906,103.12468719482422,5487.02978515625
2024-06-20,208.07077026367188,160.8557891845703,186.10000610351562,38.39971160888672,57.607669830322266,105.2740707397461,145.1288299560547,114.2747573852539,175.05551147460938,441.7244873046875,140.43121337890625,190.4627685546875,498.8165283203125,122.24990844726562,92.69300079345703,439.7543029785156,24.704313278198242,43.247562408447266,465.7822570800781,105.34971618652344,5473.169921875
2024-06-21,205.8975830078125,159.22975158691406,189.0800018310547,37.91958999633789,57.00897979736328,105.28352355957031,143.86875915527344,114.33096313476562,178.36199951171875,434.1349792480469,141.3529815673828,188.190673828125,491.9362487792969,123.23983764648438,91.47535705566406,443.7798156738281,24.704313278198242,43.437828063964844,463.9269104003906,104.4257583618164,5464.6201171875
2024-06-24,206.5426025390625,161.4258270263672,185.57000732421875,38.42851638793945,58.29189682006836,108.9051742553711,147.6026153564453,117.37542724609375,177.95489501953125,445.62054443359375,141.70457458496094,190.66409301757812,496.0425720214844,125.3516616821289,92.36956024169922,441.6980285644531,25.256465911865234,45.169254302978516,471.0311584472656,107.52761840820312,5447.8701171875
2024-06-25,207.46548461914062,159.56613159179688,186.33999633789062,37.813968658447266,58.51996994018555,108.73497009277344,146.81509399414062,117.60961151123047,182.73094177246094,441.0783386230469,139.8705596923828,189.88755798339844,507.6654052734375,125.31393432617188,93.03546905517578,444.9342956542969,24.926956176757812,45.20730972290039,465.7630310058594,107.82931518554688,5469.2998046875
2024-06-26,211.61337280273438,159.93995666503906,193.61000061035156,37.44907760620117,58.20636749267578,107.43003845214844,144.48953247070312,116.70095825195312,182.58200073242188,439.61248779296875,139.5189666748047,189.2740020751953,510.1708679199219,123.97520446777344,92.16978454589844,446.1280822753906,24.41933250427246,43.98008728027344,465.3207702636719,107.86703491210938,5477.89990234375
2024-06-27,212.4568634033203,157.9214324951172,197.85000610351562,37.68912887573242,58.491458892822266,107.77045440673828,144.8323516845703,116.67285919189453,184.10121154785156,430.0653991699219,138.54969787597656,190.94210815429688,516.5739135742188,122.39134216308594,91.1043472290039,446.80889892578125,24.757749557495117,44.72212600708008,467.62799072265625,108.32899475097656,5482.8701171875
2024-06-28,209.00355529785156,160.2857208251953,193.25,38.18845748901367,60.306541442871094,108.15814971923828,144.92498779296875,117.90937042236328,180.86419677734375,436.19873046875,138.8917694091797,193.90444946289062,501.322021484375,116.71582794189453,92.4551773071289,440.9875793457031,24.91805076599121,44.88385772705078,489.56549072265625,108.53643035888672,5460.47998046875
2024-07-01,215.08651733398438,159.21104431152344,197.1999969482422,38.41891098022461,60.27803421020508,108.13924407958984,145.0176544189453,118.5369873046875,181.69827270507812,447.134521484375,139.1578369140625,196.96270751953125,501.77935791015625,120.58120727539062,94.32921600341797,450.6371154785156,25.131784439086914,44.31305694580078,475.5205078125,108.38556671142578,5475.08984375
2024-07-02,218.57949829101562,155.0898895263672,200.0,39.30232620239258,61.46592330932617,107.91230773925781,145.23074340820312,118.64004516601562,183.93240356445312,449.0150146484375,138.7682342529297,200.20306396484375,506.57171630859375,120.41151428222656,94.79532623291016,453.153076171875,24.78446388244629,44.41769790649414,478.9716491699219,107.6501693725586,5509.009765625
2024-07-03,219.84967041015625,153.10874938964844,197.58999633789062,39.27352523803711,61.25685501098633,108.52693176269531,145.19371032714844,118.75244903564453,184.50830078125,451.24267578125,138.4451446533203,200.06886291503906,507.02899169921875,118.64852142333984,95.31853485107422,454.6231994628906,24.66869354248047,45.007530212402344,470.944580078125,108.19701385498047,5537.02001953125
2024-07-05,224.60293579101562,156.29539489746094,200.0,38.803001403808594,60.84822463989258,106.42770385742188,142.9700469970703,117.03819274902344,189.25457763671875,448.1856994628906,139.19586181640625,197.41783142089844,536.806884765625,119.21417236328125,94.7382583618164,461.3226623535156,24.980390548706055,43.89447021484375,469.1372985839844,106.88648986816406,5567.18994140625
2024-07-08,226.0715789794922,155.61322021484375,199.2899932861328,39.00465774536133,61.52294158935547,106.12510681152344,142.9886016845703,117.68455505371094,187.6956329345703,448.2532043457031,138.24557495117188,197.78414916992188,526.2777099609375,118.58250427246094,95.68953704833984,460.0202331542969,24.87352180480957,43.98960876464844,470.41583251953125,105.7645492553711,5572.85009765625
2024-07-09,226.92494201660156,157.0430145263672,199.33999633789062,39.77284240722656,63.24300765991211,105.14168548583984,141.73779296875,117.72200775146484,187.64598083496094,455.9777526855469,139.73751831054688,200.15560913085938,526.9539794921875,118.82763671875,97.61112213134766,453.40966796875,24.686504364013672,43.00021743774414,473.0787658691406,104.59546661376953,5576.97998046875
2024-07-10,231.1919708251953,157.12709045410156,199.7899932861328,40.08012008666992,63.65163040161133,106.40879821777344,143.72979736328125,118.23722839355469,189.8304443359375,461.82171630859375,141.99916076660156,200.31948852539062,531.6168212890625,120.01554870605469,98.41971588134766,460.0301208496094,25.247560501098633,43.07632064819336,481.5576477050781,105.51942443847656,5633.91015625
2024-07-11,225.823486328125,158.78118896484375,195.0500030517578,40.14733123779297,62.444740295410156,107.78936767578125,143.85023498535156,120.06391143798828,184.2600860595703,462.1495666503906,142.2557373046875,199.9820556640625,509.7532958984375,121.58997344970703,99.542236328125,448.6342468261719,25.523635864257812,43.94203567504883,484.8550109863281,106.77336120605469,5584.5400390625
2024-07-12,228.77069091796875,159.12693786621094,194.49000549316406,39.93607711791992,61.31386947631836,106.98561096191406,144.15599060058594,120.7945785522461,183.76358032226562,462.77642822265625,142.42678833007812,197.56243896484375,496.0028076171875,120.44922637939453,99.01903533935547,447.4995422363281,25.755184173583984,44.16083908081055,491.7477111816406,106.79222106933594,5615.35009765625
2024-07-15,232.60105895996094,158.46678161621094,192.72000122070312,40.22414779663086,61.90306854248047,108.33782196044922,146.42593383789062,124.26056671142578,185.21327209472656,474.686279296875,141.81863403320312,202.4884796142578,493.308349609375,120.78860473632812,100.13203430175781,447.9040222167969,25.915483474731445,45.62588882446289,495.43914794921875,108.62126159667969,5631.22021484375
2024-07-16,233.01788330078125,159.57020568847656,193.02000427246094,42.37507629394531,63.92720413208008,108.92408752441406,146.17579650878906,123.2020263671875,182.62171936035156,485.0917053222656,143.50059509277344,205.92994689941406,486.9749755859375,118.26197814941406,101.0452651977539,443.5232849121094,26.271709442138672,46.348907470703125,527.6436767578125,109.40380096435547,5667.2001953125
2024-07-17,227.12344360351562,165.2947235107422,187.92999267578125,42.23103713989258,64.25032043457031,109.76569366455078,149.38150024414062,124.87165832519531,179.7421875,484.2816162109375,148.79360961914062,209.06297302246094,459.3347473144531,118.68622589111328,101.74921417236328,437.60333251953125,26.74371337890625,46.520145416259766,551.1096801757812,110.91229248046875,5588.27001953125
2024-07-18,222.45948791503906,161.3997802734375,183.75,41.29961013793945,61.665489196777344,110.266845703125,150.067138671875,124.73014831542969,176.43568420410156,468.88079833984375,147.69131469726562,202.4209747314453,473.1150817871094,117.14007568359375,99.70394897460938,434.495361328125,26.45873260498047,46.348907470703125,542.5154418945312,112.00596618652344,5544.58984375
2024-07-19,222.5885009765625,162.51263427734375,183.1300048828125,41.19398498535156,61.90306854248047,108.1297836303711,147.45437622070312,121.91917419433594,176.40591430664062,467.6464538574219,146.99758911132812,202.2281951904297,474.0496826171875,118.57308959960938,97.11646270751953,431.2788391113281,26.690279006958008,47.25267028808594,543.4672241210938,109.43208312988281,5505.0
2024-07-22,222.24119567871094,163.72918701171875,182.5500030517578,40.61783981323242,61.29486846923828,106.21021270751953,145.453125,119.72132110595703,180.38758850097656,469.6812438964844,146.57000732421875,202.710205078125,484.59869384765625,118.4976577758789,97.44941711425781,437.03106689453125,26.360769271850586,47.033870697021484,536.9301147460938,108.6778335571289,5564.41015625
2024-07-23,223.28311157226562,163.29537963867188,186.41000366210938,40.72347640991211,61.44691848754883,104.80126953125,142.76622009277344,117.81588745117188,180.50672912597656,474.609130859375,144.7739715576172,202.75840759277344,485.8812561035156,117.26262664794922,98.45777893066406,438.9156188964844,26.271709442138672,46.662845611572266,533.248291015625,106.9242172241211,5555.740234375
2024-07-24,216.86276245117188,166.18121337890625,180.8300018310547,40.51222229003906,60.49660873413086,105.05657196044922,143.67420959472656,118.00454711914062,171.4114227294922,469.3533935546875,148.5084991455078,201.08103942871094,458.618896484375,118.71450805664062,97.00230407714844,423.17840576171875,26.69918441772461,45.69248962402344,538.1028442382812,108.43270111083984,5427.1298828125
2024-07-25,215.8208465576172,171.802001953125,179.85000610351562,40.02250671386719,61.17132568359375,104.9903793334961,145.96267700195312,119.83452606201172,166.0991668701172,474.18475341796875,151.70143127441406,201.15814208984375,450.8040771484375,118.64852142333984,98.51484680175781,412.81842041015625,26.87729835510254,45.88275909423828,538.0355834960938,110.71431732177734,5399.22021484375
2024-07-26,216.28724670410156,174.62184143066406,182.5,40.01289749145508,61.94108581542969,104.82963562011719,146.2406463623047,119.93827056884766,165.8211669921875,481.243896484375,152.6517333984375,204.59963989257812,463.0234069824219,118.09227752685547,99.11415100097656,419.5967712402344,27.78946304321289,46.45355224609375,547.6873779296875,110.62002563476562,5459.10009765625
2024-07-29,216.56507873535156,171.58509826660156,183.1999969482422,39.45596694946289,61.10480880737305,103.18428802490234,145.09178161621094,118.08001708984375,168.33328247070312,475.1587829589844,150.67515563964844,203.2596893310547,463.0333557128906,120.46806335449219,97.48747253417969,421.037353515625,27.744304656982422,45.530757904052734,544.832275390625,109.46037292480469,5463.5400390625
2024-07-30,217.1208038330078,176.149658203125,181.7100067138672,39.638404846191406,62.5967903137207,103.93131256103516,147.84353637695312,118.99500274658203,169.08790588378906,487.647216796875,153.30740356445312,207.4434356689453,460.52783203125,108.65506744384766,98.70511627197266,417.2781982421875,28.34940528869629,45.292930603027344,554.0416870117188,111.41197967529297,5436.43994140625
2024-07-31,220.3756103515625,174.77272033691406,186.97999572753906,38.70698547363281,61.65598678588867,105.15113830566406,148.67738342285156,119.6081314086914,170.32908630371094,490.887451171875,150.00045776367188,205.1394805908203,472.1009216308594,106.65638732910156,99.06504821777344,412.76910400390625,27.581743240356445,45.93983459472656,553.8782348632812,111.80796813964844,5522.2998046875
2024-08-01,216.6841583251953,178.91290283203125,184.07000732421875,37.929195404052734,60.13549041748047,102.4939956665039,141.40426635742188,116.12742614746094,169.5546112060547,482.2950439453125,152.7657470703125,200.4737091064453,494.8792724609375,107.30690002441406,97.67328643798828,411.5456237792969,27.681087493896484,44.38916015625,550.6194458007812,110.26176452636719,5446.68017578125
2024-08-02,218.17266845703125,178.51678466796875,167.89999389648438,36.085548400878906,55.84009552001953,100.01651000976562,137.63336181640625,115.94820404052734,165.4835662841797,453.86578369140625,155.9776611328125,191.97122192382812,485.33447265625,108.6079330444336,92.00062561035156,403.0406799316406,27.482397079467773,42.74335479736328,567.0196533203125,110.19576263427734,5346.56005859375
2024-08-05,207.66395568847656,173.86737060546875,161.02000427246094,35.19253158569336,53.930789947509766,98.88178253173828,134.0292205810547,116.13684844970703,158.12586975097656,442.6598815917969,153.2313690185547,187.8838653564453,472.9958190917969,105.88330841064453,88.37242889404297,389.87860107421875,26.859235763549805,41.639808654785156,547.9181518554688,108.20642852783203,5186.330078125
2024-08-06,205.6396026611328,175.1405487060547,161.92999267578125,35.4517936706543,54.2666015625,100.04487609863281,132.7042999267578,115.3350601196289,157.17262268066406,453.4607238769531,151.0647735595703,193.12802124023438,491.250244140625,104.7896957397461,89.23628997802734,394.2790832519531,26.479917526245117,41.28782653808594,546.3703002929688,107.63131713867188,5240.02978515625
2024-08-07,208.209716796875,176.8380889892578,162.77000427246094,35.816680908203125,53.83484649658203,101.11341094970703,131.944580078125,116.13684844970703,157.81805419921875,456.1512756347656,150.9982147216797,193.1858367919922,486.1099548339844,106.0530014038086,88.41082763671875,393.1148681640625,26.05544662475586,40.77410125732422,544.1881103515625,109.06439208984375,5199.5
2024-08-08,211.67294311523438,179.56361389160156,165.8000030517578,36.690494537353516,55.64820861816406,102.38050842285156,133.87173461914062,119.59869384765625,160.88623046875,468.45648193359375,152.25257873535156,196.71408081054688,506.700927734375,107.40116882324219,90.82962036132812,397.31805419921875,25.974163055419922,41.56370544433594,544.3418579101562,111.14800262451172,5319.31005859375
2024-08-09,214.5804443359375,179.120361328125,166.94000244140625,36.75770568847656,55.49469757080078,102.7020263671875,134.33497619628906,119.35343933105469,162.51467895507812,472.7864685058594,152.63272094726562,198.3914794921875,514.7941284179688,107.9951400756836,90.916015625,400.6036071777344,25.784503936767578,41.430519104003906,537.1511840820312,112.05310821533203,5344.16015625
2024-08-12,216.11038208007812,179.3561248779297,166.8000030517578,36.65208435058594,55.49469757080078,104.79739379882812,134.36277770996094,121.46640014648438,161.1444091796875,468.1961669921875,151.92950439453125,198.76742553710938,512.984619140625,106.98635864257812,91.03119659423828,401.383056640625,25.694190979003906,41.76348876953125,543.4286499023438,112.19452667236328,5344.39013671875
2024-08-13,219.82598876953125,180.3463592529297,170.22999572753906,36.93054962158203,55.79212951660156,103.18775939941406,133.55670166015625,119.1930923461914,163.00120544433594,474.4065856933594,150.51361083984375,200.45443725585938,525.502197265625,107.84427642822266,92.82609558105469,408.487060546875,26.05544662475586,41.639808654785156,552.032470703125,111.11972045898438,5434.43017578125
2024-08-14,220.27304077148438,182.01565551757812,170.10000610351562,37.26663589477539,56.876304626464844,104.13069152832031,134.0384979248047,119.36286926269531,159.23794555664062,480.9256896972656,150.59912109375,202.67164611816406,523.732421875,107.08062744140625,95.44645690917969,411.29901123046875,26.082538604736328,41.64932632446289,557.2526245117188,112.14737701416016,5455.2099609375
2024-08-15,223.25344848632812,182.39285278320312,177.58999633789062,37.47788619995117,58.06603240966797,105.9403305053711,136.011962890625,120.85326385498047,160.16140747070312,481.2342529296875,151.17877197265625,203.9344940185547,534.2417602539062,106.8260726928711,96.59825897216797,416.162109375,25.929004669189453,42.84800338745117,557.19482421875,112.8411865234375,5543.22021484375
2024-08-16,224.57479858398438,182.86441040039062,177.05999755859375,37.77555847167969,58.91035079956055,105.89271545410156,136.44741821289062,120.79666137695312,161.80967712402344,486.2875061035156,151.4638671875,206.26736450195312,524.388671875,107.16548156738281,97.36613464355469,413.6317138671875,25.5587215423584,42.60065841674805,555.3394775390625,112.30894470214844,5554.25
2024-08-19,224.41583251953125,185.6653594970703,178.22000122070312,38.09243392944336,59.51479721069336,106.42607116699219,137.56231689453125,120.9664535522461,165.4934844970703,486.6925048828125,151.6919403076172,207.6940460205078,526.238037109375,107.87256622314453,97.66368103027344,416.65631103515625,26.01028823852539,43.15243148803711,556.39697265625,112.6511001586914,5608.25
2024-08-20,225.0317840576172,184.98634338378906,178.8800048828125,37.15140151977539,58.82399368286133,104.62596130371094,135.55738830566406,118.14604187011719,165.99989318847656,479.6141662597656,152.19558715820312,206.79757690429688,523.7026977539062,108.5513687133789,96.73265075683594,419.8885192871094,26.10059928894043,41.88715744018555,558.194580078125,108.89701843261719,5597.1201171875
2024-08-21,224.92250061035156,185.34475708007812,180.11000061035156,37.20901870727539,58.07562255859375,104.40690612792969,136.1476287841797,117.89134979248047,164.67929077148438,478.7654724121094,153.4024200439453,206.87466430664062,532.084228515625,109.39043426513672,96.64625549316406,419.2361755371094,26.21800994873047,42.04888916015625,555.7144775390625,108.20320892333984,5620.85009765625
2024-08-22,223.06471252441406,185.19381713867188,176.1300048828125,37.67953872680664,57.9700813293457,104.74024963378906,136.53172302246094,118.11774444580078,162.6437530517578,480.0094909667969,154.27670288085938,208.83163452148438,528.872802734375,109.88068389892578,96.52146911621094,410.7454528808594,25.992225646972656,41.972774505615234,556.3392333984375,109.03956604003906,5570.64013671875
2024-08-23,225.359619140625,186.3066864013672,177.0399932861328,38.18845748901367,59.620338439941406,106.10224914550781,138.3024139404297,119.70246124267578,164.45089721679688,491.26361083984375,155.9681854248047,210.4511260986328,524.9653930664062,109.92781829833984,97.79805755615234,411.9710998535156,26.10059928894043,42.924110412597656,561.9053955078125,110.55070495605469,5634.60986328125
2024-08-26,225.69740295410156,186.2029266357422,175.5,38.33249282836914,59.2845344543457,108.1595230102539,139.12689208984375,122.6832275390625,164.98704528808594,489.7688293457031,156.42431640625,211.28016662597656,518.1248779296875,109.61670684814453,98.22039031982422,408.70928955078125,26.118663787841797,43.38074493408203,564.424072265625,112.9172134399414,5616.83984375
2024-08-27,226.54188537597656,184.76943969726562,173.1199951171875,38.09243392944336,59.178993225097656,107.08325958251953,137.6747283935547,121.26830291748047,163.5175323486328,489.1805725097656,156.02215576171875,212.25379943847656,516.116455078125,109.83354949951172,97.98043823242188,409.05523681640625,26.028350830078125,42.84800338745117,564.6355590820312,111.84326171875,5625.7998046875
2024-08-28,225.0119171142578,184.27903747558594,170.8000030517578,38.36130142211914,59.08304977416992,106.81658172607422,136.78468322753906,121.41923522949219,161.700439453125,485.3905944824219,156.95089721679688,213.32383728027344,513.8098754882812,110.68204498291016,98.09561157226562,405.85272216796875,25.965131759643555,41.611270904541016,565.7794799804688,110.74078369140625,5592.18017578125
2024-08-29,228.2903594970703,184.07156372070312,172.1199951171875,38.572547912597656,59.37088394165039,108.93099975585938,138.11508178710938,122.6077651977539,160.63800048828125,491.9193115234375,157.24771118164062,214.2107391357422,515.2415161132812,110.73860931396484,98.47953796386719,408.34356689453125,25.938037872314453,42.02985763549805,568.6923217773438,112.27092742919922,5591.9599609375
2024-08-30,227.5055389404297,185.1372528076172,178.5,39.129486083984375,60.10006332397461,108.37858581542969,138.61160278320312,121.51356506347656,162.22671508789062,494.97503662109375,158.80844116210938,216.70748901367188,518.3137817382812,111.67195129394531,99.44898223876953,412.317138671875,26.199947357177734,41.84910583496094,567.3753051757812,112.09036254882812,5648.39990234375
2024-09-03,221.3162078857422,186.438720703125,176.25,39.08147430419922,58.96791076660156,104.62596130371094,135.52926635742188,116.61792755126953,156.24920654296875,472.8672790527344,160.0531768798828,212.36947631835938,508.8186950683594,109.90897369384766,95.28327941894531,404.7060852050781,25.5587215423584,40.23183822631836,575.5274047851562,109.74286651611328,5528.93017578125
2024-09-04,219.40872192382812,185.7974090576172,173.3300018310547,38.88943099975586,58.488182067871094,103.39729309082031,133.102783203125,115.8161392211914,155.3456268310547,475.95208740234375,160.2446746826172,211.4344024658203,509.79302978515625,109.1736068725586,96.12794494628906,404.17236328125,25.64000129699707,39.56633758544922,580.8145751953125,108.40279388427734,5520.06982421875
2024-09-05,220.92874145507812,181.8836212158203,177.88999938964844,38.54374313354492,58.171566009521484,102.34009552001953,132.03469848632812,114.65589904785156,156.13003540039062,473.27471923828125,157.97543334960938,209.7956085205078,513.8893432617188,111.80393981933594,95.56163024902344,403.6682434082031,25.748376846313477,39.4705810546875,572.4607543945312,107.55693817138672,5503.41015625
2024-09-06,219.37893676757812,182.39285278320312,171.38999938964844,37.46126937866211,56.69401168823242,100.97808837890625,129.8142852783203,113.52396392822266,149.8546600341797,465.2522888183594,157.39134216308594,204.8117218017578,497.39471435546875,111.09686279296875,92.7109146118164,397.05560302734375,25.793535232543945,38.89604568481445,573.7970581054688,107.05323028564453,5408.419921875
2024-09-09,219.4683380126953,185.24099731445312,175.39999389648438,38.14748001098633,57.12576675415039,100.57807159423828,131.44447326660156,113.66545867919922,147.856201171875,473.9440612792969,159.5265655517578,209.005126953125,501.8887634277344,108.80592346191406,94.23705291748047,401.02911376953125,26.561201095581055,38.6949577331543,571.1245727539062,109.3056869506836,5471.0498046875
2024-09-10,218.6735382080078,188.00424194335938,179.5500030517578,37.96384811401367,55.60023880004883,99.05416107177734,129.505126953125,112.22222900390625,147.80648803710938,453.1459045410156,160.26380920410156,198.16009521484375,501.8887634277344,108.73049926757812,92.73970794677734,409.4111022949219,26.859235763549805,37.909759521484375,575.8638305664062,105.32350158691406,5495.52001953125
2024-09-11,221.20692443847656,183.51515197753906,184.52000427246094,37.693233489990234,54.97658920288086,97.69216918945312,129.17721557617188,111.21292877197266,150.2921142578125,457.06494140625,157.81265258789062,199.76998901367188,508.88824462890625,108.1459732055664,93.13324737548828,418.1488952636719,26.7869815826416,37.89060974121094,566.9427490234375,104.2780532836914,5554.1298828125
2024-09-12,221.3162078857422,182.97760009765625,187.0,37.48059844970703,55.005374908447266,98.0064697265625,130.42327880859375,111.5147705078125,153.8018798828125,459.8684387207031,157.64028930664062,199.1626739501953,522.5791015625,108.65506744384766,92.75889587402344,422.0630798339844,26.335416793823242,38.110843658447266,565.6640625,105.71317291259766,5595.759765625
2024-09-13,221.04795837402344,183.15676879882812,186.49000549316406,37.35495376586914,55.33158874511719,98.57794189453125,131.7349090576172,112.59954833984375,156.55596923828125,464.65081787109375,158.48287963867188,196.9647674560547,521.6048583984375,109.23015594482422,94.30424499511719,425.6115417480469,26.43476104736328,38.264060974121094,571.3359375,105.63713836669922,5626.02001953125
2024-09-16,214.90829467773438,184.5902557373047,184.88999938964844,37.78988265991211,56.02239990234375,100.53045654296875,133.12149047851562,114.76908874511719,157.1525115966797,470.63616943359375,159.89039611816406,200.37730407714844,530.7208862304688,111.95403289794922,96.07034301757812,426.3529052734375,27.157270431518555,38.68539047241211,568.3646240234375,107.11975860595703,5633.08984375
2024-09-17,215.37521362304688,182.44003295898438,186.8800048828125,38.224796295166016,56.88590621948242,103.14014434814453,134.35818481445312,116.20289611816406,158.40528869628906,470.8592834472656,159.9669952392578,201.71728515625,533.7461547851562,112.26724243164062,95.83039855957031,430.11883544921875,26.940515518188477,39.73869705200195,557.5789184570312,108.51685333251953,5634.580078125
2024-09-18,219.249755859375,181.95904541015625,186.42999267578125,38.29245376586914,57.471168518066406,103.45445251464844,134.87347412109375,117.32537841796875,158.89248657226562,470.0734558105469,159.08609008789062,200.05918884277344,535.3684692382812,112.59942626953125,95.31208801269531,425.82904052734375,26.868267059326172,39.66209030151367,560.1740112304688,108.89701843261719,5618.259765625
2024-09-19,227.3763885498047,182.60035705566406,189.8699951171875,39.500572204589844,60.46466064453125,105.29267120361328,135.8384552001953,118.098876953125,161.2091064453125,488.74725341796875,157.81265258789062,202.9029998779297,556.4168701171875,111.26122283935547,96.68465423583984,433.617919921875,26.7869815826416,40.935646057128906,556.7202758789062,110.24658203125,5713.64013671875
2024-09-20,226.7107391357422,182.4589080810547,191.60000610351562,38.92067337036133,59.620338439941406,104.64501190185547,136.48487854003906,118.88180541992188,162.65077209472656,483.5088806152344,157.18072509765625,203.4910125732422,558.6561279296875,111.20426940917969,98.35476684570312,430.2374267578125,26.570232391357422,40.610076904296875,554.7232055664062,109.55278015136719,5702.5498046875
2024-09-23,224.99205017089844,182.79840087890625,193.8800048828125,38.53407287597656,60.04249954223633,104.47356414794922,138.22750854492188,120.48538970947266,160.92074584960938,482.5194396972656,156.28067016601562,203.82843017578125,561.701416015625,109.74266815185547,98.35476684570312,428.497802734375,26.47088623046875,41.07928466796875,553.1892700195312,111.53913116455078,5718.56982421875
2024-09-24,225.88616943359375,182.49659729003906,193.9600067138672,38.128150939941406,58.881561279296875,103.73065948486328,138.14317321777344,120.645751953125,161.35821533203125,483.11114501953125,155.859375,203.97303771972656,560.626708984375,109.10678100585938,98.46035766601562,424.2080383300781,26.642480850219727,41.1558837890625,554.9064331054688,111.24451446533203,5732.93017578125
2024-09-25,224.8927001953125,180.3746337890625,192.52999877929688,37.93485641479492,57.931705474853516,100.70188903808594,134.88282775878906,117.49517059326172,160.56283569335938,476.4371337890625,153.7720489501953,202.62342834472656,565.5826416015625,108.88850402832031,98.22998046875,427.1139831542969,26.127695083618164,40.03554153442383,555.9869995117188,109.07757568359375,5722.259765625
2024-09-26,226.0352020263672,180.9782257080078,191.16000366210938,38.1958122253418,59.2077751159668,97.44452667236328,133.02780151367188,113.54283142089844,161.79571533203125,482.0440979003906,154.52847290039062,202.2281951904297,565.114990234375,107.33200073242188,100.39922332763672,426.3232116699219,26.163820266723633,39.422698974609375,554.5399169921875,107.2052993774414,5745.3701171875
2024-09-27,226.3034210205078,183.70376586914062,187.97000122070312,38.079833984375,59.361289978027344,99.73992919921875,136.30690002441406,115.49542236328125,163.00872802734375,483.5865478515625,154.5380401611328,202.9222869873047,564.6372680664062,107.90144348144531,99.92889404296875,423.0712585449219,26.27219581604004,40.49516677856445,561.3316040039062,110.07550811767578,5738.169921875
2024-09-30,231.4794464111328,186.24066162109375,186.3300018310547,38.35044860839844,60.06168746948242,100.2732925415039,137.97454833984375,115.95762634277344,164.89779663085938,480.2882080078125,155.16998291015625,203.26931762695312,569.6928100585938,107.77806854248047,100.05368041992188,425.32489013671875,26.1367244720459,40.16960144042969,564.0618286132812,111.40606689453125,5762.47998046875
2024-10-01,224.73374938964844,185.75027465820312,185.1300048828125,37.905860900878906,59.3037223815918,104.16879272460938,140.25115966796875,119.7590560913086,166.03125,475.4961853027344,155.10296630859375,199.5868377685547,573.7035522460938,108.89799499511719,100.22644805908203,415.8260498046875,25.892881393432617,41.30909729003906,562.7304077148438,113.98165893554688,5708.75
2024-10-02,225.30001831054688,185.6182098388672,184.75999450683594,37.91551971435547,59.51479721069336,105.11170196533203,141.42227172851562,121.05134582519531,164.90774536132812,477.26165771484375,154.3178253173828,199.82781982421875,570.0610961914062,106.3734359741211,100.32244110107422,412.30718994140625,25.83869171142578,42.07514190673828,571.4227294921875,115.49279022216797,5709.5400390625
2024-10-03,224.197265625,184.32620239257812,181.9600067138672,37.93485641479492,58.82399368286133,107.07373046875,141.70333862304688,123.371826171875,164.90774536132812,471.5480041503906,153.6763153076172,197.84201049804688,579.9733276367188,104.57015228271484,100.37042999267578,411.7240295410156,25.594844818115234,42.984825134277344,571.8472290039062,116.5002212524414,5699.93994140625
2024-10-04,225.3199005126953,183.23220825195312,186.50999450683594,38.76604080200195,60.10006332397461,109.0929183959961,141.2255096435547,125.56967163085938,166.10086059570312,480.3367919921875,153.4752197265625,204.8641357421875,593.080078125,104.1810302734375,103.54749298095703,411.2496032714844,25.81159782409668,43.5306282043457,570.35205078125,118.63862609863281,5751.06982421875
2024-10-07,220.2432403564453,182.5909423828125,180.8000030517578,38.62106704711914,60.06168746948242,109.26436614990234,141.58152770996094,126.62615966796875,162.0442657470703,479.81292724609375,152.74754333496094,204.5828399658203,581.9737548828125,103.06111145019531,103.317138671875,404.8049621582031,26.37154197692871,43.655113220214844,562.9813842773438,119.15184020996094,5695.93994140625
2024-10-08,224.296630859375,182.0250701904297,182.72000122070312,38.592063903808594,60.67573928833008,105.53077697753906,139.36114501953125,122.97564697265625,163.4362335205078,481.7045593261719,152.90077209472656,204.4082489013672,590.0447998046875,102.99468231201172,103.17315673828125,409.9151611328125,26.353477478027344,42.26665496826172,561.0711669921875,115.98700714111328,5751.1298828125
2024-10-09,228.04200744628906,183.66603088378906,185.1699981689453,38.843353271484375,61.52005386352539,105.69269561767578,140.2042999267578,123.53218078613281,160.9307098388672,490.0567932128906,153.81991577148438,206.9979248046875,587.6761474609375,104.65557861328125,104.66091918945312,412.6333923339844,27.26564598083496,42.333683013916016,570.3712158203125,116.03451538085938,5792.0400390625
2024-10-10,227.54525756835938,183.28880310058594,186.64999389648438,38.63072967529297,60.906002044677734,106.54035949707031,141.1130828857422,124.69242095947266,161.14944458007812,488.6405029296875,153.68588256835938,206.4353790283203,581.0282592773438,103.82987213134766,103.7394790649414,411.0320739746094,26.49798011779785,42.707130432128906,576.6227416992188,117.0324478149414,5780.0498046875
2024-10-11,226.0650177001953,183.1378936767578,188.82000732421875,40.54438400268555,63.07436752319336,105.23551940917969,141.8625946044922,124.93766784667969,162.3027801513672,500.84393310546875,154.59548950195312,215.60101318359375,587.118896484375,104.1430892944336,106.02388000488281,411.506591796875,26.335416793823242,42.879493713378906,576.9603881835938,117.4791259765625,5815.02978515625
2024-10-14,229.79052734375,184.5148162841797,187.5399932861328,40.5057258605957,63.33341598510742,104.26403045654297,142.19985961914062,124.01325988769531,164.01290893554688,507.100830078125,154.72955322265625,214.8153839111328,587.586669921875,104.10511779785156,107.77080535888672,414.2939758300781,26.263164520263672,42.802886962890625,584.05126953125,117.92582702636719,5859.85009765625
2024-10-15,232.32388305664062,182.38543701171875,187.69000244140625,40.72801971435547,60.10006332397461,100.20661163330078,138.40550231933594,120.06090545654297,164.51002502441406,506.741943359375,157.12326049804688,215.69801330566406,583.45654296875,105.85142517089844,107.71320343017578,413.8985595703125,26.588294982910156,41.127159118652344,536.6730346679688,114.38082885742188,5815.259765625
2024-10-16,230.2673797607422,181.05458068847656,186.88999938964844,41.36589813232422,61.64478302001953,100.15900421142578,139.34237670898438,120.13636779785156,164.21176147460938,513.9979248046875,157.29559326171875,216.91038513183594,574.0220336914062,104.79793548583984,114.71043395996094,411.3088684082031,26.7960147857666,41.82617950439453,551.1922607421875,114.67545318603516,5842.47021484375
2024-10-17,230.63499450683594,179.25791931152344,187.52999877929688,41.172603607177734,61.376136779785156,101.1019287109375,141.65647888183594,120.69691467285156,161.9945526123047,513.1637573242188,157.4775390625,217.6669158935547,574.161376953125,104.16205596923828,114.64325714111328,411.9019470214844,26.43476104736328,42.12302017211914,546.0696411132812,114.38082885742188,5841.47021484375
2024-10-18,233.4663848876953,179.53355407714844,188.99000549316406,40.9019889831543,60.30155563354492,100.64474487304688,141.23487854003906,120.29788970947266,162.4817352294922,512.6787109375,158.09988403320312,218.5883331298828,573.7035522460938,103.16551971435547,116.19818878173828,413.3253173828125,26.389602661132812,40.140872955322266,549.5232543945312,114.05769348144531,5864.669921875
2024-10-21,234.9366912841797,177.328125,189.07000732421875,40.360748291015625,59.32291030883789,99.99708557128906,141.356689453125,119.43331146240234,163.12802124023438,502.2990417480469,155.90725708007812,216.28964233398438,572.3997802734375,100.92567443847656,113.52983093261719,413.9381408691406,26.127695083618164,40.629234313964844,551.3176879882812,114.12421417236328,5853.97998046875
2024-10-22,234.32077026367188,179.43850708007812,189.6999969482422,40.882652282714844,60.98276138305664,100.00660705566406,141.39414978027344,118.82527160644531,164.19186401367188,502.7840270996094,156.50088500976562,217.3759307861328,579.2169189453125,101.21039581298828,113.56822967529297,422.5672302246094,26.046411514282227,40.15045166015625,549.764404296875,114.71347045898438,5851.2001953125
2024-10-23,229.25404357910156,178.6019744873047,184.7100067138672,40.92131423950195,60.54141616821289,99.53990936279297,140.98191833496094,118.50224304199219,161.84542846679688,501.7170104980469,158.80844116210938,216.68731689453125,560.98486328125,100.9636459350586,113.52983093261719,419.69085693359375,26.064476013183594,40.34196090698242,544.7285766601562,114.30479431152344,5797.419921875
2024-10-24,229.06529235839844,180.2845458984375,186.3800048828125,41.22092819213867,60.445465087890625,99.40656280517578,140.9538116455078,118.22673797607422,161.78575134277344,508.7984313964844,156.71153259277344,218.21005249023438,565.0552978515625,100.48909759521484,114.38408660888672,419.8193359375,25.86578369140625,39.49930953979492,541.0336303710938,113.65852355957031,5809.85986328125
2024-10-25,229.89981079101562,178.57347106933594,187.8300018310547,40.486392974853516,59.255741119384766,99.5875244140625,141.2910919189453,117.02013397216797,164.3211212158203,497.2546691894531,154.04014587402344,215.62042236328125,570.4989013671875,98.68584442138672,112.1860580444336,423.19976806640625,25.694190979003906,39.968509674072266,544.6514282226562,113.5634765625,5808.1201171875
2024-10-28,231.87681579589844,180.31307983398438,188.38999938964844,41.191932678222656,61.558433532714844,98.34934997558594,141.03811645507812,115.97505950927734,165.76280212402344,507.906005859375,154.72955322265625,218.7144317626953,575.3854370117188,98.92310333251953,114.34569549560547,421.6578063964844,26.064476013183594,39.633365631103516,545.3074951171875,113.00274658203125,5823.52001953125
2024-10-29,232.14505004882812,180.09442138671875,190.8300018310547,41.10494613647461,62.06694793701172,97.45405578613281,139.1456298828125,114.47395324707031,168.70579528808594,508.5850830078125,153.2837371826172,216.19264221191406,590.4329833984375,98.44857788085938,114.50887298583984,426.9558410644531,25.703222274780273,38.714111328125,542.3070068359375,111.46308898925781,5832.919921875
2024-10-30,228.59835815429688,191.5493927001953,192.72999572753906,40.89232635498047,61.884647369384766,98.08267974853516,138.70530700683594,114.50244903564453,173.45835876464844,508.701416015625,153.78163146972656,217.65721130371094,588.9599609375,99.49256134033203,113.18428039550781,427.52911376953125,25.757410049438477,38.44599914550781,543.1078491210938,110.9023666381836,5813.669921875
2024-10-31,224.4357147216797,193.80235290527344,186.39999389648438,40.418739318847656,61.56802749633789,104.3306884765625,139.42669677734375,115.87055969238281,170.12759399414062,502.2892761230469,153.06350708007812,215.2421417236328,564.856201171875,97.1103515625,112.46355438232422,401.65185546875,25.5587215423584,38.369384765625,544.5934448242188,110.98789978027344,5705.4501953125
2024-11-01,221.4552764892578,193.49815368652344,197.92999267578125,40.360748291015625,61.126678466796875,102.71154022216797,143.408447265625,114.80648040771484,170.30654907226562,503.80255126953125,153.32205200195312,216.23147583007812,564.438232421875,96.6927490234375,113.04401397705078,405.6253967285156,25.369064331054688,38.07254409790039,547.545654296875,109.24864959716797,5728.7998046875
2024-11-04,220.5611572265625,190.5702362060547,195.77999877929688,39.945159912109375,60.35231399536133,103.68304443359375,144.25164794921875,116.79212188720703,168.26832580566406,496.1585693359375,151.51239013671875,213.16653442382812,557.9893188476562,96.68327331542969,112.35714721679688,403.7374572753906,25.071025848388672,38.6087760925293,538.1007690429688,112.72713470458984,5712.68994140625
2024-11-05,221.99176025390625,191.72048950195312,199.5,40.47672653198242,61.6300163269043,104.01639556884766,143.72698974609375,116.01306915283203,168.76547241210938,511.18487548828125,151.61773681640625,214.82508850097656,569.6829223632812,96.47447204589844,113.97274017333984,406.7027282714844,25.27874755859375,38.82901382446289,547.0343627929688,113.05977630615234,5782.759765625
2024-11-06,221.26651000976562,191.26419067382812,207.08999633789062,43.888450622558594,66.81829071044922,108.22618865966797,147.76495361328125,120.84892272949219,175.49659729003906,578.1386108398438,151.16769409179688,239.6256561279297,569.3047485351562,95.601318359375,127.2071762084961,415.3218994140625,24.709774017333984,41.912357330322266,575.6483764648438,114.99858093261719,5929.0400390625
2024-11-07,225.99545288085938,190.60826110839844,210.0500030517578,43.2698974609375,65.92776489257812,107.0546875,146.87489318847656,120.14586639404297,179.71224975585938,564.7420654296875,150.0666046142578,229.26702880859375,588.8605346679688,96.01891326904297,124.25652313232422,420.51123046875,24.800085067749023,41.404850006103516,584.0994262695312,115.14115905761719,5973.10009765625
2024-11-08,225.7269287109375,189.6481475830078,208.17999267578125,43.61783218383789,66.43109130859375,107.02591705322266,147.02479553222656,127.42340850830078,177.32603454589844,571.6196899414062,148.8601531982422,229.84898376464844,586.5117797851562,97.6798095703125,125.31100463867188,417.6546325683594,24.506593704223633,41.34739685058594,594.0941162109375,115.10314178466797,5995.5400390625
2024-11-11,223.01174926757812,165.81614685058594,206.83999633789062,44.53600311279297,67.56361389160156,107.46710205078125,146.62193298339844,126.454345703125,179.31455993652344,584.3082275390625,148.44842529296875,232.08944702148438,580.3713989257812,95.601318359375,129.17105102539062,413.17706298828125,24.066356658935547,42.4102897644043,603.2012329101562,114.494873046875,6001.35009765625
2024-11-12,223.01174926757812,162.64109802246094,208.91000366210938,44.32337188720703,66.80859375,106.11477661132812,145.4883270263672,126.48284149169922,180.5772247314453,574.8501586914062,146.15049743652344,232.351318359375,582.0134887695312,93.56077575683594,128.0004425048828,418.13897705078125,24.020498275756836,42.44859313964844,592.9942626953125,114.38082885742188,5983.990234375
2024-11-13,223.89691162109375,161.93765258789062,214.10000610351562,44.333038330078125,66.68277740478516,107.24651336669922,148.70181274414062,127.64192199707031,177.85299682617188,576.4312133789062,146.7249755859375,233.9031982421875,577.2166748046875,93.48485565185547,128.43580627441406,420.2839050292969,24.506593704223633,41.73999786376953,584.504638671875,115.44528198242188,5985.3798828125
2024-11-14,226.98008728027344,161.2532196044922,211.47999572753906,44.362037658691406,65.96648406982422,108.30152130126953,151.58740234375,128.43997192382812,174.57191467285156,570.9892578125,145.4132080078125,234.59182739257812,574.3901977539062,93.35197448730469,128.1165313720703,421.9543762207031,23.86458396911621,41.60593795776367,572.2332153320312,115.52193450927734,5949.169921875
2024-11-15,223.77755737304688,156.84234619140625,202.61000061035156,45.183555603027344,66.55693817138672,107.72605895996094,151.2313995361328,127.84142303466797,171.4996795654297,575.7715454101562,147.45265197753906,237.92831420898438,551.4210815429688,91.4063491821289,129.69346618652344,410.2018127441406,22.745641708374023,41.34739685058594,571.3455810546875,114.32417297363281,5870.6201171875
2024-11-18,226.78115844726562,158.0686492919922,201.6999969482422,45.15456008911133,66.78925323486328,109.10717010498047,152.1494598388672,129.72256469726562,174.2935333251953,570.3878173828125,148.18994140625,237.65672302246094,551.7394409179688,91.64362335205078,129.4225616455078,410.95306396484375,22.800674438476562,41.64424133300781,568.8566284179688,115.28237915039062,5893.6201171875
2024-11-19,227.0397491455078,158.34432983398438,204.61000061035156,44.854942321777344,66.40206146240234,108.46455383300781,151.0515594482422,128.43048095703125,177.09735107421875,563.9757080078125,146.49517822265625,235.7751007080078,558.3973388671875,91.6246566772461,127.93275451660156,412.9595947265625,23.02079200744629,41.27079391479492,556.6526489257812,113.67257690429688,5916.97998046875
2024-11-20,227.75582885742188,159.47555541992188,202.8800048828125,44.51667022705078,66.09231567382812,108.7906723022461,152.68893432617188,129.4280548095703,174.96961975097656,564.5092163085938,146.60049438476562,233.5346221923828,562.8060913085938,92.47882843017578,127.4006576538086,410.6861267089844,22.874042510986328,41.68254089355469,579.323974609375,115.2919692993164,5917.10986328125
2024-11-21,227.27845764160156,163.24949645996094,198.3800048828125,44.90327072143555,66.7408447265625,107.32323455810547,152.9728546142578,128.73452758789062,166.66758728027344,578.2647705078125,148.88888549804688,237.3948516845703,560.3877563476562,94.77560424804688,130.5931854248047,408.913330078125,23.048307418823242,42.19005584716797,576.420166015625,116.83468627929688,5948.7099609375
2024-11-22,228.62110900878906,168.2117156982422,197.1199951171875,45.425174713134766,67.60233306884766,107.17937469482422,153.66375732421875,129.5420684814453,163.81405639648438,584.7350463867188,148.5729217529297,241.07081604003906,556.456787109375,94.13023376464844,130.3029327392578,413.00372314453125,23.525230407714844,42.35283279418945,570.0336303710938,116.70053100585938,5969.33984375
2024-11-25,231.60479736328125,168.31629943847656,201.4499969482422,45.90842819213867,68.48316955566406,101.76046752929688,151.7708740234375,125.39025115966797,166.68743896484375,584.9775390625,149.156982421875,242.75845336914062,562.3980102539062,96.0094223022461,129.30648803710938,414.7765808105469,24.002155303955078,41.893211364746094,584.466064453125,114.95658874511719,5987.3701171875
2024-11-26,233.78292846679688,172.19480895996094,207.86000061035156,46.15004348754883,67.51521301269531,102.41265106201172,153.8246307373047,125.92228698730469,168.14903259277344,587.3736572265625,149.1376953125,242.44808959960938,570.78759765625,96.44599914550781,127.00401306152344,423.888427734375,23.635292053222656,41.63467025756836,585.3922119140625,113.04017639160156,6021.6298828125
2024-11-27,233.6536102294922,174.0390167236328,205.74000549316406,46.169376373291016,67.9120864868164,102.99769592285156,153.42713928222656,126.44483947753906,168.25839233398438,587.3056640625,149.98703002929688,242.27349853515625,566.4684448242188,97.86962890625,126.9363021850586,418.9363098144531,23.690319061279297,41.80702590942383,586.9260864257812,112.74312591552734,5998.740234375
2024-11-29,236.04058837890625,173.8964080810547,207.88999938964844,45.91808319091797,68.59933471679688,103.9088363647461,153.2567596435547,126.60635375976562,167.97998046875,590.3516235351562,149.61061096191406,242.2056121826172,571.5639038085938,96.46498107910156,127.3232650756836,419.4018249511719,24.03883934020996,42.07514190673828,588.6819458007812,113.03058624267578,6032.3798828125
2024-12-02,238.2882843017578,172.793701171875,210.7100067138672,45.46384048461914,69.10266876220703,101.798828125,153.52178955078125,124.68721008300781,170.5054168701172,586.5887451171875,149.40792846679688,238.84002685546875,589.985107421875,95.4874267578125,126.76214599609375,426.8497619628906,23.6811466217041,41.77830123901367,587.061279296875,112.92517852783203,6047.14990234375
2024-12-03,241.33168029785156,172.5370330810547,213.44000244140625,45.25120544433594,69.13170623779297,101.71250915527344,153.24732971191406,125.21923828125,170.3562774658203,586.9494018554688,147.0529327392578,237.45306396484375,610.7051391601562,96.6642837524414,126.19136810302734,427.067626953125,23.442686080932617,41.797454833984375,583.8871459960938,112.75270080566406,6049.8798828125
2024-12-04,241.68972778320312,167.74594116210938,218.16000366210938,44.8162841796875,69.20915222167969,99.27639770507812,149.84014892578125,123.06258392333984,173.36886596679688,583.6641235351562,145.228759765625,236.07577514648438,610.83447265625,96.20872497558594,125.75603485107422,433.2280578613281,23.1400203704834,41.185546875,589.2510986328125,109.50436401367188,6086.490234375
2024-12-05,241.7195587158203,167.47023010253906,220.5500030517578,45.425174713134766,69.91575622558594,100.16836547851562,150.7960205078125,123.52812957763672,171.6488037109375,581.8021240234375,144.31185913085938,238.09320068359375,606.0077514648438,98.27772521972656,126.07527923583984,438.3782043457031,23.571088790893555,40.49173355102539,558.5531616210938,109.98346710205078,6075.10986328125
2024-12-06,241.52064514160156,167.48924255371094,227.02999877929688,45.43488693237305,69.83831787109375,98.99826049804688,146.92510986328125,121.428466796875,173.70693969726562,584.6096801757812,144.10916137695312,239.91664123535156,620.776611328125,97.84115600585938,125.72701263427734,439.3191223144531,23.598602294921875,39.470279693603516,530.2382202148438,108.82404327392578,6090.27001953125
2024-12-09,245.40940856933594,167.85049438476562,226.08999633789062,44.6185188293457,69.55760955810547,98.94071197509766,148.6665496826172,121.46646881103516,174.56297302246094,579.1893920898438,144.38906860351562,236.4734344482422,610.62548828125,98.50550842285156,124.3919448852539,441.74560546875,23.937952041625977,39.67264175415039,542.9248046875,108.18203735351562,6052.85009765625
2024-12-10,246.42385864257812,166.99493408203125,225.0399932861328,44.4630241394043,70.17710876464844,98.17343139648438,148.59083557128906,120.28838348388672,184.31787109375,570.3280029296875,144.03195190429688,235.55203247070312,616.3480224609375,95.8575668334961,122.6602554321289,439.0813903808594,23.45185661315918,39.3835563659668,547.3505249023438,107.9616470336914,6034.91015625
2024-12-11,245.1508331298828,165.75914001464844,230.25999450683594,44.78374099731445,69.65441131591797,98.01038360595703,147.84315490722656,121.19095611572266,194.50079345703125,577.6686401367188,141.53216552734375,236.2018585205078,629.643798828125,94.67121124267578,123.43418884277344,444.6871643066406,23.1400203704834,40.048465728759766,516.6898193359375,107.24299621582031,6084.18994140625
2024-12-12,246.61282348632812,164.6374053955078,228.97000122070312,44.78374099731445,69.14138793945312,96.7827377319336,146.4235076904297,120.25038146972656,191.07662963867188,576.7424926757812,141.14610290527344,234.26206970214844,627.7628784179688,96.09484100341797,123.74378967285156,445.251708984375,23.26842498779297,39.605194091796875,499.4806823730469,107.14716339111328,6051.25
2024-12-13,246.78192138671875,164.8085174560547,227.4600067138672,44.38527297973633,68.73484802246094,96.88823699951172,145.6284942626953,120.44038391113281,188.9464569091797,570.7665405273438,141.5128631591797,232.7198944091797,617.3729248046875,96.80665588378906,123.2503890991211,442.983642578125,23.461029052734375,38.75719451904297,504.0516662597656,106.20811462402344,6051.08984375
2024-12-16,249.67608642578125,163.15444946289062,232.92999267578125,44.19090270996094,69.199462890625,95.4975357055664,141.36004638671875,118.39773559570312,195.7550048828125,571.5952758789062,138.83937072753906,232.37071228027344,621.745361328125,95.72559356689453,124.82730102539062,447.26226806640625,23.158363342285156,38.429561614990234,482.7654724121094,103.93716430664062,6074.080078125
2024-12-17,252.1028289794922,166.71926879882812,231.14999389648438,43.78271484375,68.84132385253906,94.24112701416016,140.17701721191406,117.00113677978516,194.52069091796875,560.2379760742188,141.31016540527344,231.1874542236328,616.964599609375,95.72559356689453,123.57931518554688,450.104736328125,24.240615844726562,37.51411437988281,470.1951599121094,103.49639129638672,6050.60986328125
2024-12-18,246.70233154296875,164.4757843017578,220.52000427246094,42.27632141113281,65.93744659423828,91.92969512939453,136.36285400390625,113.6568832397461,187.53298950195312,536.421875,139.7080078125,223.4378662109375,594.8035278320312,94.08009338378906,117.09754943847656,433.1983337402344,23.74534797668457,35.97230529785156,483.94696044921875,101.97282409667969,5872.16015625
2024-12-19,248.43287658691406,163.0498809814453,223.2899932861328,42.15969467163086,66.22782897949219,91.28710174560547,133.5897979736328,112.31729125976562,187.6425018310547,540.0679931640625,138.5787353515625,225.94993591308594,593.1900024414062,95.208984375,116.57512664794922,432.8417663574219,23.635292053222656,35.56758117675781,473.80743408203125,101.10086059570312,5867.080078125
2024-12-20,253.1073455810547,166.9093780517578,224.9199981689453,42.927467346191406,66.97315979003906,91.22955322265625,135.19873046875,113.09635162353516,190.52914428710938,551.87353515625,139.437744140625,230.4503173828125,582.9112548828125,93.80267333984375,119.41937255859375,432.4159240722656,24.17641830444336,35.49049377441406,484.3440246582031,101.44581604003906,5930.85009765625
2024-12-23,253.88311767578125,169.58062744140625,225.05999755859375,42.65534591674805,67.5345687866211,92.4380111694336,135.3123016357422,113.86589813232422,193.73434448242188,556.4360961914062,140.2098846435547,231.21653747558594,597.452880859375,95.06549835205078,120.39647674560547,431.078857421875,24.497421264648438,35.904850006103516,490.3580017089844,101.85784912109375,5974.06982421875
2024-12-24,256.79718017578125,171.11111450195312,229.0500030517578,43.13156509399414,68.72516632080078,93.1381607055664,136.13571166992188,114.79696655273438,195.20751953125,568.1441650390625,140.76968383789062,235.0186004638672,605.3213500976562,95.14202880859375,122.92144775390625,435.1197509765625,24.52493667602539,36.35776138305664,490.1256408691406,101.95365905761719,6040.0400390625
2024-12-26,257.6127014160156,170.35060119628906,227.0500030517578,43.29677963256836,69.06394958496094,92.92716217041016,136.26821899414062,114.39795684814453,194.69989013671875,566.6234130859375,140.5090789794922,235.82362365722656,600.9389038085938,95.54383087158203,123.85986328125,433.91143798828125,24.359846115112305,36.35776138305664,495.0162048339844,102.0398941040039,6037.58984375
2024-12-27,254.20135498046875,169.2193603515625,223.75,43.092689514160156,68.72516632080078,92.9559326171875,136.28713989257812,114.38844299316406,191.87294006347656,561.7003173828125,139.99754333496094,233.91290283203125,597.4130859375,95.38118743896484,122.63124084472656,426.404052734375,24.414878845214844,36.42521286010742,493.892822265625,102.03032684326172,5970.83984375
2024-12-30,250.82977294921875,167.49874877929688,221.3000030517578,42.674781799316406,68.13471221923828,93.11896514892578,135.40696716308594,114.55945587158203,190.3599395751953,559.1363525390625,138.3470916748047,232.11856079101562,588.8772583007812,94.10881042480469,121.65412902832031,420.75872802734375,24.2314453125,36.434852600097656,491.7719421386719,101.34041595458984,5906.93994140625
2024-12-31,249.05946350097656,168.92469787597656,219.38999938964844,42.713661193847656,68.13471221923828,95.11390686035156,137.0821533203125,116.4595947265625,188.4288787841797,558.2297973632812,139.58251953125,232.49684143066406,583.170166015625,95.17072296142578,121.62510681152344,417.4606018066406,24.332332611083984,36.94557189941406,489.8931579589844,103.07476806640625,5881.6298828125
2025-01-02,242.52517700195312,170.57876586914062,220.22000122070312,43.04409408569336,67.69912719726562,95.9866943359375,138.85198974609375,118.48324584960938,188.55825805664062,560.5206909179688,139.00343322753906,232.778076171875,596.8453369140625,94.87415313720703,120.7157211303711,414.568603515625,24.40570831298828,37.00339126586914,488.5857849121094,102.82563018798828,5868.5498046875
2025-01-03,242.037841796875,172.2708740234375,224.19000244140625,43.54946517944336,68.72516632080078,96.95537567138672,139.93093872070312,120.25038146972656,190.90740966796875,565.5510864257812,139.16751098632812,235.9593963623047,602.2137451171875,94.845458984375,121.83794403076172,419.2928771972656,24.38736343383789,37.18647766113281,496.8078308105469,103.35265350341797,5942.47021484375
2025-01-06,243.66891479492188,171.2061767578125,227.61000061035156,44.12287139892578,70.40941619873047,95.9003677368164,139.3725128173828,120.0793685913086,195.9640350341797,568.7291870117188,138.65599060058594,234.80897521972656,627.681640625,95.40032958984375,124.44999694824219,423.749755859375,24.662511825561523,37.35029602050781,497.4566345214844,103.2376708984375,5975.3798828125
2025-01-07,240.89407348632812,170.66432189941406,222.11000061035156,44.78374099731445,71.31929779052734,97.51165008544922,141.57772827148438,121.19095611572266,194.59039306640625,565.5413208007812,141.13644409179688,237.07080078125,615.4207763671875,96.64401245117188,122.74732971191406,418.322265625,24.88262939453125,37.938106536865234,498.0184020996094,104.20545196533203,5909.02978515625
2025-01-08,241.38140869140625,169.6851806640625,222.1300048828125,44.91007995605469,70.91275787353516,97.46369934082031,142.2497100830078,122.0460205078125,193.05746459960938,565.44384765625,137.31439208984375,237.0318145751953,608.2794189453125,95.52469635009766,123.69541931152344,420.49127197265625,24.63499641418457,37.39847946166992,507.9642333984375,102.46151733398438,5918.25
2025-01-10,235.56320190429688,166.51962280273438,218.94000244140625,43.841026306152344,69.11235809326172,97.75141906738281,144.93759155273438,124.84872436523438,191.15626525878906,545.9269409179688,137.11170959472656,233.8535614013672,613.3988647460938,94.95069122314453,119.42904663085938,414.93505859375,24.506593704223633,37.21538543701172,504.255126953125,102.08781433105469,5827.0400390625
2025-01-13,233.12649536132812,168.01210021972656,218.4600067138672,43.79243469238281,70.4384536743164,99.96694946289062,147.02923583984375,127.77494049072266,190.13099670410156,548.8028564453125,139.437744140625,238.08473205566406,605.8990478515625,96.60575103759766,119.95146179199219,413.19195556640625,24.579965591430664,38.40065383911133,524.0596313476562,104.722900390625,5836.22021484375
2025-01-14,232.01258850097656,166.88084411621094,217.75999450683594,44.492183685302734,71.14506530761719,100.59037017822266,148.49618530273438,128.99102783203125,188.7871856689453,557.167236328125,139.7080078125,241.262939453125,591.8753051757812,95.33335876464844,120.5609359741211,411.6865234375,24.222274780273438,38.419925689697266,526.5775146484375,105.13492584228516,5842.91015625
2025-01-15,236.57763671875,164.42434692382812,223.35000610351562,45.775047302246094,75.76223754882812,101.16582489013672,149.84959411621094,130.21661376953125,194.6501007080078,590.6929931640625,139.9203338623047,246.0205535888672,614.6538696289062,95.75430297851562,126.29779815673828,422.2244873046875,24.048009872436523,39.161922454833984,526.267578125,106.85012817382812,5949.91015625
2025-01-16,227.0198516845703,166.67933654785156,220.66000366210938,45.32798767089844,75.99454498291016,101.2905044555664,150.84336853027344,131.15721130371094,192.02224731445312,597.5852661132812,142.62281799316406,247.89239501953125,608.8571166992188,96.33787536621094,131.386474609375,420.5110778808594,24.29564666748047,39.59555435180664,494.4739074707031,106.66806030273438,5937.33984375
2025-01-17,228.7305145263672,164.6258544921875,225.94000244140625,45.2210807800293,77.42713928222656,101.52069091796875,152.82142639160156,130.6835479736328,195.0980224609375,610.2098388671875,141.90858459472656,252.6597442626953,610.3213500976562,93.67829895019531,133.3793487548828,424.91845703125,24.121387481689453,41.9949951171875,493.6700744628906,107.62627410888672,5996.66015625
2025-01-21,221.4303741455078,165.63340759277344,230.7100067138672,45.34742736816406,79.05329895019531,100.014892578125,149.76443481445312,130.16685485839844,197.1385955810547,618.7886352539062,142.98956298828125,256.43267822265625,613.9965209960938,92.07107543945312,132.8279266357422,424.3935241699219,24.4332218170166,42.149173736572266,508.4194030761719,106.81179809570312,6049.240234375
2025-01-22,222.6139373779297,162.36123657226562,235.00999450683594,44.50189971923828,79.07266998291016,98.84480285644531,148.03245544433594,128.23410034179688,197.45713806152344,616.8291625976562,140.2098846435547,256.2474365234375,621.00830078125,91.53533172607422,131.57028198242188,441.9239196777344,23.855409622192383,40.11591720581055,503.3156433105469,104.9528579711914,6086.3701171875
2025-01-23,222.4448699951172,163.77183532714844,235.4199981689453,45.08502197265625,79.35336303710938,99.73676300048828,147.6538543701172,128.19578552246094,197.06890869140625,623.4290161132812,141.53216552734375,259.2794494628906,633.9066772460938,92.44418334960938,133.3116455078125,442.42901611328125,24.249788284301758,40.501365661621094,513.048583984375,105.54696655273438,6118.7099609375
2025-01-24,221.5696258544922,163.41677856445312,234.85000610351562,45.21136474609375,78.86940002441406,97.66510772705078,147.31314086914062,126.12906646728516,199.28866577148438,620.8944091796875,141.7058868408203,258.197265625,644.9024658203125,91.41097259521484,133.3310089111328,439.8044128417969,24.324377059936523,40.71336364746094,515.7020874023438,104.11922454833984,6101.240234375
2025-01-27,228.61117553710938,169.75001525878906,235.4199981689453,45.76532745361328,78.47252655029297,98.48992919921875,148.8085174560547,126.26300811767578,190.92730712890625,617.3653564453125,147.56448364257812,259.18194580078125,657.2430419921875,93.69744110107422,132.1990966796875,430.3954772949219,25.042264938354492,40.992820739746094,526.364501953125,105.56611633300781,6012.27978515625
2025-01-28,236.9655303955078,167.74447631835938,238.14999389648438,45.522361755371094,77.37873840332031,97.23350524902344,147.84315490722656,124.62683868408203,194.4012451171875,621.7717895507812,145.1418914794922,260.4395751953125,671.6353149414062,93.2286605834961,134.0275421142578,442.91436767578125,24.93971061706543,39.81718826293945,525.3572998046875,103.52513122558594,6067.7001953125
2025-01-29,238.05953979492188,168.17628479003906,237.07000732421875,45.43488693237305,78.04661560058594,97.4061508178711,147.35101318359375,124.60769653320312,194.5107421875,621.3623657226562,145.8850555419922,259.8935852050781,673.7865600585938,94.022705078125,134.19200134277344,438.09100341796875,24.81850814819336,39.451011657714844,521.1156005859375,104.12879943847656,6039.31005859375
2025-01-30,236.29916381835938,168.550537109375,234.63999938964844,45.405738830566406,79.23721313476562,97.31024169921875,147.947265625,124.1771240234375,199.94561767578125,629.47314453125,147.545166015625,261.5022888183594,684.254638671875,94.66368103027344,135.38194274902344,411.01300048828125,25.088882446289062,39.52810287475586,528.3497924804688,104.99119567871094,6071.169921875
2025-01-31,234.71778869628906,176.4670867919922,237.67999267578125,44.99755096435547,78.82099151611328,94.78781127929688,141.19915771484375,120.35939025878906,203.0811309814453,624.3064575195312,146.8502197265625,260.5955505371094,686.4259033203125,94.53931427001953,134.81224060058594,411.08233642578125,24.725276947021484,38.81501388549805,525.3670654296875,102.3656997680664,6040.52978515625
2025-02-03,226.77120971679688,182.45486450195312,237.4199981689453,44.91007995605469,77.5929183959961,94.45213317871094,141.34112548828125,120.94303894042969,200.303955078125,616.478271484375,146.57998657226562,260.1178894042969,694.6729125976562,95.46729278564453,133.575439453125,406.9820251464844,24.426931381225586,38.699378967285156,530.8773803710938,102.61482238769531,5994.56982421875
2025-02-04,231.5352020263672,182.27255249023438,242.05999755859375,45.39601516723633,76.49154663085938,96.46623229980469,145.01332092285156,122.58879089355469,205.43026733398438,618.2427368164062,148.14356994628906,261.2195129394531,701.3759155273438,86.80931854248047,133.1956329345703,408.4181213378906,24.119266510009766,39.72083282470703,528.2335205078125,105.3648910522461,6037.8798828125
2025-02-05,231.2069854736328,183.9998016357422,236.1699981689453,45.784767150878906,77.44671630859375,96.11135864257812,144.79562377929688,122.18692016601562,190.4495391845703,629.2296142578125,149.3017578125,263.6470031738281,702.0532836914062,85.7856674194336,135.29916381835938,409.329345703125,24.65068817138672,39.59953689575195,522.7716064453125,105.28823852539062,6061.47998046875
2025-02-06,231.95291137695312,185.1704864501953,238.8300018310547,46.39704132080078,80.24400329589844,95.8524169921875,143.7639923095703,121.2109603881836,190.71827697753906,641.6785888671875,148.16285705566406,269.95477294921875,709.1447143554688,84.23584747314453,137.39297485351562,411.83502197265625,24.08197021484375,38.86207962036133,513.3099975585938,103.89883422851562,6083.56982421875
2025-02-07,226.39328002929688,182.8962860107422,229.14999389648438,46.066612243652344,79.64945983886719,94.33702850341797,144.4454345703125,121.03873443603516,184.48709106445312,639.4169311523438,147.78643798828125,268.8823547363281,711.6646118164062,83.49920654296875,136.3217315673828,405.8232116699219,23.99806022644043,38.968814849853516,510.39501953125,104.33960723876953,6025.990234375
2025-02-10,226.66209411621094,182.64678955078125,233.13999938964844,45.357139587402344,78.6845474243164,95.41122436523438,147.42672729492188,124.92345428466797,185.6118927001953,634.181884765625,148.86744689941406,264.24176025390625,714.5331420898438,82.6573257446289,133.72149658203125,408.2695617675781,24.119266510009766,39.9876708984375,516.5348510742188,106.33267974853516,6066.43994140625
2025-02-11,231.6105499267578,184.07656860351562,232.75999450683594,45.4737663269043,79.0549087524414,97.55001831054688,149.00726318359375,126.5787582397461,184.46719360351562,630.974609375,150.69161987304688,268.0926818847656,716.923583984375,82.79125213623047,134.18894958496094,407.4970397949219,23.802274703979492,40.5407600402832,517.0673828125,107.0034408569336,6068.5
2025-02-12,235.8420867919922,185.19927978515625,228.92999267578125,44.91007995605469,79.21085357666016,94.37539672851562,146.6033172607422,123.27770233154297,182.7650604248047,632.6903076171875,149.85189819335938,268.5411682128906,722.4812622070312,81.95894622802734,133.52671813964844,405.1200256347656,23.74633026123047,40.220550537109375,510.7532958984375,103.7840576171875,6051.97021484375
2025-02-13,240.48187255859375,185.63108825683594,230.3699951171875,45.02670669555664,80.01982879638672,92.9367446899414,147.53082275390625,123.44994354248047,185.2834014892578,632.6415405273438,151.7725830078125,269.38934326171875,725.6484985351562,80.76309967041016,133.2637939453125,406.6056213378906,23.904827117919922,40.83186721801758,514.4140014648438,104.53814697265625,6115.06982421875
2025-02-14,243.53855895996094,185.0745086669922,228.67999267578125,45.63898468017578,82.46622467041016,93.07211303710938,148.65045166015625,123.72740936279297,184.37757873535156,643.9500732421875,150.71090698242188,269.6525573730469,733.72607421875,79.41416931152344,135.3186492919922,404.515869140625,23.802274703979492,40.511653900146484,506.986083984375,104.64449310302734,6114.6298828125
2025-02-18,243.40911865234375,188.3179168701172,226.64999389648438,45.2210807800293,82.48572540283203,94.22270202636719,149.43515014648438,125.28704833984375,182.92430114746094,655.2974853515625,150.7887420654297,272.92828369140625,713.5072631835938,79.68204498291016,137.03265380859375,405.71429443359375,23.830244064331055,41.38496398925781,484.9251403808594,106.48137664794922,6129.580078125
2025-02-19,243.807373046875,189.3734588623047,226.6300048828125,44.71570587158203,81.81320190429688,96.27249908447266,150.45904541015625,128.72206115722656,184.4174041748047,651.359130859375,153.61012268066406,272.245849609375,700.9576416015625,81.89198303222656,137.01316833496094,410.79510498046875,24.137908935546875,40.92890167236328,494.90966796875,106.63606262207031,6144.14990234375
2025-02-20,244.76321411132812,192.7607879638672,222.8800048828125,44.02567672729492,79.27908325195312,98.62202453613281,151.95187377929688,129.81285095214844,183.71067810058594,626.11962890625,155.3516082763672,260.10809326171875,692.0633544921875,83.88187408447266,130.82911682128906,412.9684753417969,24.147233963012695,41.33644104003906,486.5617370605469,108.27959442138672,6117.52001953125
2025-02-21,244.4844207763672,193.9122772216797,216.5800018310547,43.54946517944336,77.63190460205078,94.69647979736328,150.1623992919922,127.33466339111328,178.83322143554688,609.8783569335938,157.9005889892578,257.6123352050781,680.8184204101562,85.62303924560547,128.2483673095703,405.108642578125,24.52016258239746,40.501949310302734,451.6980895996094,107.01311492919922,6013.1298828125
2025-02-24,246.0277099609375,195.83143615722656,212.7100067138672,43.20931625366211,76.5500259399414,95.54733276367188,151.0906219482422,127.86091613769531,178.42510986328125,610.4048461914062,159.3015594482422,254.78509521484375,665.4600219726562,87.31635284423828,126.57331848144531,400.9306335449219,24.846477508544922,40.298179626464844,446.95269775390625,107.57383728027344,5983.25
2025-02-25,245.9679718017578,195.88900756835938,212.8000030517578,42.70393371582031,76.16015625,93.86495208740234,149.68394470214844,125.65065002441406,174.61273193359375,599.4569702148438,161.58786010742188,250.9438934326172,654.8724975585938,87.46943664550781,126.21299743652344,394.8769836425781,24.93038558959961,39.793601989746094,455.5330810546875,106.08499145507812,5955.25
2025-02-26,239.31695556640625,194.80467224121094,214.35000610351562,42.70393371582031,77.06659698486328,92.94641876220703,148.45904541015625,124.23452758789062,171.93511962890625,602.2451171875,158.659423828125,252.29901123046875,671.0077514648438,85.50823974609375,127.62509155273438,396.693115234375,24.632043838500977,39.39576721191406,448.95733642578125,105.82396697998047,5956.06005859375
2025-02-27,236.27023315429688,196.73345947265625,208.74000549316406,42.878875732421875,76.87166595458984,94.14535522460938,149.92318725585938,124.97129821777344,167.72459411621094,592.7206420898438,159.2918243408203,252.55247497558594,655.6095581054688,86.65625762939453,125.86239624023438,389.5477600097656,24.333698272705078,39.696571350097656,453.7704772949219,106.49105072021484,5861.56982421875
2025-02-28,240.79052734375,200.5813751220703,212.27999877929688,44.80317306518555,77.92430114746094,95.86640167236328,151.78919982910156,121.4597396850586,169.4963836669922,609.6597290039062,160.54684448242188,258.0120544433594,665.5297241210938,88.25391387939453,129.6312713623047,393.973876953125,24.641366958618164,40.424320220947266,459.968505859375,107.63184356689453,5954.5
2025-03-03,236.9970703125,202.9323272705078,205.02000427246094,44.27836990356445,75.21472930908203,89.56233215332031,146.49734497070312,115.3360366821289,166.241455078125,592.975341796875,162.74560546875,254.0831298828125,652.4323120117188,89.11492919921875,125.75527954101562,385.5384521484375,24.473546981811523,38.63889694213867,452.3081359863281,104.18043518066406,5849.72021484375
2025-03-04,234.9061737060547,199.36270141601562,203.8000030517578,41.469661712646484,70.51686096191406,87.63823699951172,145.45428466796875,116.83826446533203,170.13343811035156,569.344970703125,160.93601989746094,243.97323608398438,637.4424438476562,88.55048370361328,118.53893280029297,385.65753173828125,24.007383346557617,37.92085266113281,459.6295471191406,103.96774291992188,5778.14990234375
2025-03-05,234.7169952392578,202.9899139404297,208.36000061035156,41.10035705566406,71.11141204833984,85.93651580810547,144.31553649902344,116.5894775390625,172.22378540039062,581.0327758789062,160.64414978027344,245.2211151123047,653.8465576171875,89.1531982421875,120.51588439941406,397.9732360839844,24.184526443481445,38.26047134399414,460.9563293457031,101.93750762939453,5842.6298828125
2025-03-06,234.3087921142578,202.23184204101562,200.6999969482422,40.293704986572266,68.79170989990234,85.6657943725586,146.36337280273438,116.91480255126953,171.55685424804688,556.1482543945312,161.3348846435547,240.3562774658203,625.420654296875,89.92810821533203,116.25035095214844,393.87469482421875,24.464223861694336,38.5806770324707,472.3257751464844,104.04508972167969,5738.52001953125
2025-03-07,238.03256225585938,205.62875366210938,199.25,40.48930740356445,68.67474365234375,87.6285629272461,149.60739135742188,119.85226440429688,173.05992126464844,548.3107299804688,162.17160034179688,236.203125,623.15966796875,90.54995727539062,116.17243957519531,390.32183837890625,24.921062469482422,40.142921447753906,477.9039611816406,105.39856719970703,5770.2001953125
2025-03-10,226.4928436279297,207.9029998779297,194.5399932861328,38.95384216308594,65.7020263671875,89.8233871459961,150.784423828125,120.45506286621094,165.2968292236328,520.8692626953125,163.15420532226562,226.3954620361328,595.6004028320312,91.10482788085938,108.77106475830078,377.2717590332031,24.837154388427734,39.91974639892578,467.04998779296875,108.08623504638672,5614.56005859375
2025-03-11,219.88165283203125,204.95706176757812,196.58999633789062,38.73868179321289,65.78975677490234,92.2502670288086,147.44471740722656,119.1155014038086,163.47315979003906,520.643798828125,161.3640899658203,223.3927001953125,603.28955078125,90.6264877319336,109.11190795898438,377.5595703125,24.231142044067383,38.89118957519531,472.71038818359375,105.533935546875,5572.06982421875
2025-03-12,216.0384063720703,203.4888916015625,198.88999938964844,39.032081604003906,66.22834014892578,94.51276397705078,146.09542846679688,118.90499877929688,166.5325469970703,524.8370361328125,158.43568420410156,222.18380737304688,617.0841674804688,89.30626678466797,111.02068328857422,380.3581237792969,23.9700927734375,38.86207962036133,467.9155578613281,105.50492095947266,5599.2998046875
2025-03-13,208.77008056640625,202.99951171875,193.88999938964844,38.797359466552734,65.5265884399414,93.00443267822266,146.99493408203125,115.8622817993164,162.19757080078125,514.158203125,158.57188415527344,219.5417938232422,588.27978515625,90.60736083984375,108.76132202148438,375.8923034667969,23.867534637451172,38.745635986328125,468.3143310546875,105.0602035522461,5521.52001953125
2025-03-14,212.5635528564453,203.21063232421875,197.9499969482422,39.99052429199219,67.03731536865234,95.67302703857422,150.2581024169922,118.57011413574219,164.9181671142578,530.4212036132812,158.39675903320312,226.60992431640625,605.7103271484375,90.47341918945312,112.3256607055664,385.6079406738281,23.979413986206055,39.88093566894531,475.248779296875,108.18291473388672,5638.93994140625
2025-03-17,213.0713348388672,205.80149841308594,195.74000549316406,40.528419494628906,68.16792297363281,96.06945037841797,151.8848876953125,118.24478912353516,163.72230529785156,540.1497802734375,158.4259490966797,228.06256103515625,603.018798828125,91.4673080444336,114.877197265625,385.74688720703125,24.287080764770508,40.20114517211914,485.33441162109375,109.98114013671875,5675.1201171875
2025-03-18,211.7670440673828,205.20655822753906,192.82000732421875,40.73380661010742,68.44082641601562,97.20069885253906,153.8848876953125,117.27840423583984,160.1147918701172,540.580810546875,159.7977294921875,229.0764617919922,580.548828125,91.39977264404297,115.02327728271484,380.6062316894531,24.52948570251465,39.9100456237793,489.9833068847656,109.8651123046875,5614.66015625
2025-03-19,214.3059539794922,203.6712188720703,195.5399932861328,41.281490325927734,69.62992858886719,97.97420501708984,156.98536682128906,119.54608154296875,163.32366943359375,546.0280151367188,158.57188415527344,233.11264038085938,582.2435302734375,90.72429656982422,116.71780395507812,384.8735656738281,24.436254501342773,39.86153030395508,489.3998107910156,111.5763168334961,5675.2900390625
2025-03-20,213.17092895507812,203.3929443359375,194.9499969482422,41.54554748535156,70.00028228759766,98.92174530029297,157.67434692382812,118.93370056152344,162.23745727539062,551.259521484375,158.60105895996094,233.01515197753906,584.1775512695312,91.40941619873047,117.32160186767578,383.9010314941406,24.4176082611084,40.05559158325195,497.277587890625,112.05004119873047,5662.89013671875
2025-03-21,217.32281494140625,201.5217742919922,196.2100067138672,41.53577423095703,70.15623474121094,98.54467010498047,157.6552276611328,119.76615142822266,163.42335510253906,553.6697387695312,159.19454956054688,235.56942749023438,594.3956298828125,89.84620666503906,117.0002212524414,388.2873840332031,24.501516342163086,39.774200439453125,502.67535400390625,111.66332244873047,5667.56005859375
2025-03-24,219.77212524414062,200.71572875976562,203.25999450683594,42.12256622314453,72.16404724121094,98.80573272705078,157.91358947753906,122.73231506347656,167.1005859375,568.325927734375,158.86373901367188,241.83815002441406,616.92529296875,89.07423400878906,121.02229309082031,390.09356689453125,24.370990753173828,40.463138580322266,502.33502197265625,111.95336151123047,5767.56982421875
2025-03-25,222.77903747558594,193.2021942138672,205.7100067138672,42.32794952392578,72.58314514160156,99.15380859375,158.79397583007812,121.88072967529297,169.9706268310547,574.0474243164062,156.65528869628906,244.83116149902344,624.3621215820312,84.78987884521484,121.927978515625,392.1578063964844,23.820919036865234,41.02592849731445,499.3492126464844,112.71710968017578,5776.64990234375
2025-03-26,220.56866455078125,193.163818359375,201.1300048828125,41.87806701660156,71.3843002319336,99.78227233886719,160.73654174804688,123.60303497314453,164.48963928222656,562.2714233398438,157.33631896972656,244.73365783691406,609.0797729492188,85.02146911621094,119.00637817382812,387.0072326660156,23.50392723083496,41.161781311035156,503.9884338378906,114.34130859375,5712.2001953125
2025-03-27,222.8786163330078,194.52642822265625,201.36000061035156,41.62379455566406,70.02953338623047,99.41485595703125,159.473388671875,121.25880432128906,161.6793975830078,547.5758666992188,158.70809936523438,241.8966522216797,600.7059326171875,84.52933502197266,115.8900146484375,387.6125793457031,23.31746482849121,40.85127258300781,501.57635498046875,113.97393035888672,5693.31005859375
2025-03-28,216.9544219970703,196.99253845214844,192.72000122070312,40.34260177612305,68.54803466796875,98.97976684570312,158.93751525878906,121.12483978271484,153.79673767089844,532.0966186523438,159.2723846435547,236.7588348388672,574.9462890625,86.10220336914062,112.31593322753906,375.92205810546875,23.50392723083496,40.63779830932617,501.8876037597656,113.81925201416016,5580.93994140625
2025-03-31,221.1660614013672,201.05157470703125,190.25999450683594,40.81204605102539,69.19132232666016,101.54199981689453,160.0858154296875,122.70361328125,154.1056365966797,535.2022094726562,161.34463500976562,239.14736938476562,574.5675048828125,86.6136245727539,113.62090301513672,372.5379943847656,23.625131607055664,40.56017303466797,509.3861389160156,114.9793930053711,5611.85009765625
2025-04-01,222.22146606445312,197.9329376220703,192.1699981689453,40.577327728271484,68.75272369384766,101.89974212646484,161.2532958984375,123.71785736083984,156.5272674560547,537.3184204101562,149.09591674804688,237.54849243164062,584.1775512695312,84.06616973876953,112.7152099609375,379.2863464355469,22.879270553588867,40.94830322265625,508.7734375,115.08573913574219,5633.06982421875
2025-04-02,222.91842651367188,196.89659118652344,196.00999450683594,40.92940902709961,69.94181823730469,102.58623504638672,159.3011474609375,124.35892486572266,156.49732971191406,551.6710205078125,151.14869689941406,239.65435791015625,582.114013671875,83.56439208984375,116.15296173095703,379.2367248535156,23.028444290161133,40.938602447509766,508.8512878417969,114.72801971435547,5670.97021484375
2025-04-03,202.30824279785156,193.49005126953125,178.41000366210938,36.40126037597656,61.452491760253906,92.0955581665039,149.39683532714844,114.71410369873047,150.19918823242188,500.8538513183594,155.48780822753906,222.95399475097656,529.9666137695312,83.36175537109375,105.10932159423828,370.2752990722656,22.646188735961914,38.04698944091797,525.6184692382812,108.69530487060547,5396.52001953125
2025-04-04,187.56253051757812,179.40341186523438,171.0,33.63350296020508,56.65715789794922,83.43229675292969,137.1097869873047,105.77733612060547,145.09689331054688,461.2541809082031,149.086181640625,206.26849365234375,503.1602478027344,78.61421966552734,97.22100830078125,357.10614013671875,21.415517807006836,33.74838638305664,510.6504821777344,100.87403869628906,5074.080078125
2025-04-07,180.6725616455078,179.00997924804688,175.25999450683594,34.79733657836914,57.358909606933594,82.83282470703125,134.1145782470703,104.32295227050781,146.24290466308594,456.0617980957031,146.5371856689453,210.34913635253906,514.6444091796875,78.33438873291016,98.28253173828125,355.14117431640625,21.098527908325195,32.157039642333984,510.3101806640625,99.52053833007812,5062.25
2025-04-08,171.67178344726562,168.56971740722656,170.66000366210938,34.25942611694336,57.280941009521484,79.92251586914062,131.03323364257812,100.42865753173828,144.19998168945312,452.83856201171875,145.9340057373047,212.73275756835938,508.8624572753906,76.18254852294922,97.68846893310547,351.8662109375,20.361989974975586,31.00233268737793,537.911865234375,97.42262268066406,4982.77001953125
2025-04-09,197.9871063232422,172.57118225097656,191.10000610351562,36.33279800415039,62.52462387084961,88.47943115234375,139.7413787841797,109.12622833251953,158.16159057617188,506.37939453125,146.87770080566406,229.86949157714844,583.9483032226562,79.03880310058594,108.78079986572266,387.5232849121094,20.968002319335938,34.91279602050781,562.6346435546875,102.28553771972656,5456.89990234375
2025-04-10,189.5936737060547,167.1591339111328,181.22000122070312,35.0613899230957,60.02949142456055,80.53165435791016,129.16722106933594,100.09376525878906,152.29193115234375,479.8587951660156,144.65951538085938,222.7774200439453,544.5910034179688,74.83162689208984,103.79460144042969,378.45269775390625,20.128910064697266,31.5748348236084,578.0986938476562,96.61053466796875,5268.0498046875
2025-04-11,197.29013061523438,167.9747772216797,184.8699951171875,35.15919494628906,60.07822036743164,83.52897644042969,129.7892303466797,103.8541030883789,156.59701538085938,484.4046325683594,147.61709594726562,231.69400024414062,541.8794555664062,76.40448760986328,105.29436492919922,385.498779296875,20.42725372314453,32.95271682739258,583.029541015625,99.71390533447266,5363.35986328125
2025-04-14,201.64117431640625,171.861083984375,182.1199951171875,35.86334991455078,61.61819076538086,83.58699035644531,129.4925994873047,102.99295806884766,158.5203399658203,493.7509765625,150.17581176757812,230.24224853515625,529.8270874023438,76.39484405517578,106.25849151611328,384.8636474609375,20.6230411529541,32.91389846801758,570.9599609375,99.9555892944336,5405.97021484375
2025-04-15,201.26280212402344,171.22190856933594,179.58999633789062,37.15431594848633,62.700069427490234,82.88117218017578,128.7461700439453,102.8398666381836,155.76988220214844,497.5816345214844,149.45587158203125,228.6825714111328,519.8980712890625,75.64218139648438,107.55372619628906,382.7994384765625,20.92138671875,32.75864791870117,567.5850830078125,99.67522430419922,5396.6298828125
2025-04-16,193.4269561767578,166.26344299316406,174.3300018310547,36.50883865356445,60.52656936645508,83.49998474121094,129.53085327148438,104.5151596069336,152.8001708984375,488.9210205078125,149.73802185058594,225.22972106933594,500.747802734375,73.77983093261719,105.04115295410156,368.78668212890625,20.548458099365234,33.13707733154297,568.9953002929688,100.7290267944336,5275.7001953125
2025-04-17,196.1251983642578,167.53211975097656,172.61000061035156,36.58707809448242,61.647430419921875,86.03321838378906,131.93275451660156,106.6973876953125,150.63766479492188,499.149169921875,153.20150756835938,227.534912109375,499.9203796386719,75.26585388183594,106.32666015625,364.98577880859375,20.641687393188477,34.068603515625,441.65606689453125,103.36833190917969,5282.7001953125
2025-04-21,192.32177734375,164.79139709472656,167.32000732421875,36.107852935791016,61.101619720458984,84.65056610107422,127.97105407714844,105.355224609375,147.15972900390625,491.1841735839844,152.66641235351562,224.62156677246094,483.15264892578125,75.12110137939453,103.52192687988281,356.3916320800781,20.548458099365234,33.593135833740234,413.66534423828125,101.8504867553711,5158.2001953125
2025-04-22,198.8732452392578,168.2971954345703,173.17999267578125,37.47705841064453,62.914493560791016,86.78738403320312,131.38731384277344,107.48916625976562,150.94659423828125,509.4360656738281,153.4739227294922,231.0956573486328,498.7240905761719,76.20185852050781,107.49529266357422,364.0331115722656,21.005294799804688,33.583431243896484,415.4645690917969,104.70249938964844,5287.759765625
2025-04-23,203.71214294433594,171.4640350341797,180.60000610351562,37.89759826660156,64.62016296386719,86.95175170898438,130.79400634765625,107.73056030273438,154.81320190429688,518.5668334960938,151.1681671142578,236.2847442626953,518.6519775390625,75.97991180419922,109.3748550415039,371.5456237792969,20.87476921081543,33.020633697509766,416.22320556640625,103.80339050292969,5375.85986328125
2025-04-24,207.46578979492188,174.6792755126953,186.5399932861328,38.7093391418457,66.43302917480469,88.75982666015625,133.0811004638672,109.55552673339844,158.7296142578125,534.3009033203125,150.73036193847656,239.97299194335938,531.491943359375,77.04135131835938,112.57887268066406,384.3574523925781,21.238378524780273,33.893943786621094,412.6149597167969,105.02153778076172,5484.77001953125
2025-04-25,208.371826171875,180.1897430419922,188.99000549316406,38.81692123413086,66.6961898803711,88.68246459960938,132.75575256347656,109.17893981933594,161.40036010742188,533.80126953125,150.38986206054688,238.90380859375,545.5679321289062,79.8396987915039,112.97816467285156,388.8729553222656,21.36890411376953,33.49610137939453,407.1588439941406,104.9635238647461,5525.2099609375
2025-04-28,209.2281036376953,186.27162170410156,187.6999969482422,38.904937744140625,66.54998779296875,89.8523941040039,134.06674194335938,110.21212768554688,160.0550079345703,535.31005859375,151.13897705078125,238.58009338378906,548.0302124023438,80.27393341064453,112.80286407470703,388.18817138671875,21.49010467529297,33.08856201171875,408.4815368652344,105.02153778076172,5528.75
2025-04-29,210.29345703125,187.4047088623047,187.38999938964844,39.11032485961914,67.13477325439453,88.83716583251953,133.3011932373047,109.04376983642578,159.60658264160156,537.7788696289062,151.68380737304688,239.95338439941406,552.7156372070312,81.74064636230469,113.17292785644531,391.0462951660156,22.18002700805664,33.098262786865234,398.0069274902344,104.76051330566406,5560.830078125
2025-04-30,211.57785034179688,188.94454956054688,184.4199981689453,39.00274658203125,66.64744567871094,86.16857147216797,130.2007293701172,106.53324127197266,158.25128173828125,536.4365844726562,152.0729522705078,239.95338439941406,547.2926025390625,82.21346282958984,113.30545806884766,392.2570495605469,22.75806999206543,32.26377487182617,400.1562805175781,102.12118530273438,5569.06005859375
2025-05-01,212.39430236816406,187.2400665283203,190.1999969482422,39.28636169433594,66.41352844238281,87.64790344238281,130.39210510253906,107.83677673339844,160.7426300048828,542.5892333984375,150.2731170654297,242.18006896972656,570.430419921875,80.34147644042969,114.62091064453125,422.16802978515625,22.3105525970459,32.73923873901367,389.69134521484375,102.26620483398438,5604.14013671875
2025-05-02,204.45887756347656,192.2082061767578,189.97999572753906,40.16656494140625,68.80145263671875,88.38273620605469,132.53564453125,107.04499816894531,163.46319580078125,554.610107421875,151.8881072998047,247.69285583496094,595.1632080078125,80.2642822265625,118.01752471923828,431.97296142578125,22.562278747558594,33.69987106323242,388.9522399902344,102.68193054199219,5686.669921875
2025-05-05,198.02691650390625,189.8839569091797,186.35000610351562,40.2154655456543,69.00777435302734,84.70858001708984,129.66482543945312,104.78551483154297,163.642578125,548.202880859375,150.7984619140625,247.74192810058594,597.4063110351562,79.93619537353516,117.40887451171875,432.8562316894531,22.254613876342773,32.75864791870117,393.7081298828125,99.83959197998047,5650.3798828125
2025-05-06,197.6485595703125,181.245361328125,185.00999450683594,39.941627502441406,68.25128173828125,84.72791290283203,129.76052856445312,104.9786376953125,162.6659698486328,538.2099609375,150.28282165527344,244.49505615234375,585.4833984375,76.26939392089844,116.16214752197266,430.0179443359375,21.331607818603516,32.583988189697266,383.69061279296875,101.23174285888672,5606.91015625
2025-05-07,195.39837646484375,182.1557159423828,188.7100067138672,40.02964782714844,69.01759338378906,84.80526733398438,129.9423370361328,104.25446319580078,150.85690307617188,540.7179565429688,153.03611755371094,244.6323699951172,594.9539184570312,76.34658813476562,116.91803741455078,430.0576477050781,21.247703552246094,32.5063591003418,380.3351745605469,101.13507843017578,5631.27978515625
2025-05-08,196.63299560546875,179.7248992919922,192.0800018310547,40.684906005859375,70.38320922851562,85.87850189208984,131.1385040283203,105.9345703125,153.7469024658203,554.21826171875,151.44058227539062,248.63455200195312,596.1502075195312,74.92811584472656,119.64710998535156,434.8410949707031,21.415517807006836,33.30203628540039,374.9762878417969,102.54656982421875,5663.93994140625
2025-05-09,197.66847229003906,178.7758026123047,193.05999755859375,40.870723724365234,70.19654083251953,85.65611267089844,132.5260772705078,107.29605102539062,152.22216796875,555.58984375,150.0396270751953,248.25198364257812,590.6472778320312,73.30701446533203,119.47040557861328,435.3967590332031,21.16849136352539,33.52521514892578,370.2009582519531,103.74537658691406,5659.91015625
2025-05-12,210.15049743652344,184.07325744628906,208.63999938964844,42.40618896484375,73.5958480834961,89.21424102783203,135.5212860107422,110.13487243652344,157.91244506835938,579.337890625,149.96177673339844,255.08901977539062,637.4413452148438,77.61067199707031,124.7322006225586,445.8467712402344,21.938081741333008,34.786651611328125,368.36279296875,105.533935546875,5844.18994140625
2025-05-13,212.28399658203125,182.06854248046875,211.3699951171875,43.30595397949219,74.2442626953125,91.05133056640625,136.21986389160156,112.63574981689453,158.978759765625,591.5548095703125,144.41629028320312,257.9925537109375,653.98974609375,73.9438705444336,126.98026275634766,445.7276916503906,21.72905731201172,35.0389404296875,302.84039306640625,105.82396697998047,5886.5498046875
2025-05-14,211.68582153320312,171.8417205810547,210.25,43.75583267211914,73.96917724609375,89.50431823730469,135.56912231445312,111.61222076416016,164.79856872558594,599.1867065429688,142.39266967773438,260.5724182128906,657.3093872070312,70.89463806152344,128.6392822265625,449.4988098144531,20.92146110534668,34.9419059753418,299.5628356933594,104.87651062011719,5892.580078125
2025-05-15,210.80850219726562,175.94793701171875,205.1699981689453,43.403751373291016,74.62742614746094,89.88139343261719,136.13372802734375,111.87293243408203,163.39344787597656,603.3994750976562,145.5545654296875,262.3870544433594,641.8775024414062,72.17802429199219,130.08236694335938,450.512939453125,21.4725284576416,34.66051483154297,266.8259582519531,105.94001770019531,5916.93017578125
2025-05-16,210.6190643310547,178.21412658691406,205.58999633789062,43.706932067871094,74.39163970947266,89.36894989013672,135.98062133789062,111.52532196044922,165.61572265625,606.4659423828125,147.2279510498047,262.45574951171875,638.3485717773438,73.39385223388672,129.75840759277344,451.6463623046875,21.69105339050293,34.70902633666992,283.9043884277344,105.55950927734375,5958.3798828125
2025-05-19,208.14659118652344,179.85079956054688,206.16000366210938,43.78517532348633,74.79444122314453,88.1598129272461,134.14028930664062,110.0286636352539,165.96450805664062,599.8724365234375,148.35650634765625,259.8268737792969,638.438232421875,74.5228500366211,128.44296264648438,456.2197570800781,21.852569580078125,34.068603515625,307.22674560546875,103.8813247680664,5963.60009765625
2025-05-20,206.232421875,179.0179443359375,204.07000732421875,43.706932067871094,74.56847381591797,87.45773315429688,132.9586181640625,108.705810546875,163.41336059570312,594.2097778320312,149.49478149414062,260.61163330078125,635.1185302734375,75.23690795898438,126.76428985595703,455.5238342285156,22.346630096435547,33.54461669921875,312.7606506347656,102.39826965332031,5940.4599609375
2025-05-21,201.4768829345703,176.06414794921875,201.1199951171875,42.298606872558594,72.13198852539062,84.98094940185547,131.30230712890625,107.54710388183594,167.97755432128906,581.4149169921875,149.02781677246094,256.0601501464844,633.5235595703125,74.2816162109375,123.00445556640625,449.9561462402344,21.89057731628418,32.86538314819336,294.6708068847656,101.13964080810547,5844.60986328125
2025-05-22,200.74908447265625,176.7808074951172,203.10000610351562,42.35729217529297,72.13198852539062,83.98633575439453,131.04078674316406,106.97740173339844,170.27955627441406,586.0880126953125,148.47323608398438,255.69720458984375,634.5902099609375,75.1114501953125,123.94686889648438,452.2329406738281,21.89057731628418,32.748939514160156,288.5338439941406,100.46641540527344,5842.009765625
2025-05-23,194.67759704589844,177.4780731201172,200.99000549316406,42.24971008300781,71.80776977539062,83.06973266601562,132.25152587890625,106.38839721679688,167.8878631591797,586.3917236328125,148.7943115234375,255.73643493652344,625.10986328125,74.8605728149414,123.76034545898438,447.5799865722656,22.156606674194336,32.66161346435547,287.4640197753906,100.52495574951172,5802.81982421875
2025-05-27,199.60260009765625,179.86048889160156,206.02000427246094,43.24727249145508,74.14602661132812,83.4207763671875,133.5010223388672,107.40226745605469,172.3025360107422,603.2328491210938,150.3740997314453,260.22906494140625,640.3223876953125,74.87022399902344,126.84282684326172,458.02923583984375,22.432138442993164,32.923606872558594,286.9096374511719,101.00303649902344,5921.5400390625
2025-05-28,199.81195068359375,177.31346130371094,204.72000122070312,43.090797424316406,73.71373748779297,82.47492218017578,131.7478790283203,106.64910125732422,171.76441955566406,596.0908203125,149.56947326660156,258.4634094238281,641.5784301757812,73.5,125.17396545410156,454.718505859375,22.023591995239258,32.583988189697266,289.934326171875,99.62732696533203,5888.5498046875
2025-05-29,199.3433837890625,179.7636260986328,205.6999969482422,43.2668342590332,74.20496368408203,83.46953582763672,133.57850646972656,106.09872436523438,171.26614379882812,592.58349609375,150.69789123535156,259.3266296386719,643.0439453125,73.72193145751953,125.81205749511719,456.0308837890625,22.280120849609375,32.6810188293457,289.9927062988281,100.19322967529297,5912.169921875
2025-05-30,200.24066162109375,180.23817443847656,205.00999450683594,43.15925598144531,73.99864959716797,83.22575378417969,132.40650939941406,104.83380126953125,171.1465606689453,591.1951904296875,152.2973175048828,258.9636535644531,645.4762573242188,74.1465072631836,125.68443298339844,457.7011413574219,22.318126678466797,32.069705963134766,293.630126953125,99.81271362304688,5911.68994140625
2025-06-02,201.08807373046875,181.09042358398438,206.64999389648438,43.110355377197266,74.4702377319336,84.56165313720703,133.51071166992188,107.50847625732422,168.4459228515625,589.4918823242188,152.48373413085938,259.611083984375,668.8134765625,73.57719421386719,126.04766082763672,459.3018798828125,22.289621353149414,32.35110855102539,296.3630676269531,100.54447174072266,5935.93994140625
2025-06-03,202.65330505371094,181.34222412109375,205.7100067138672,43.667816162109375,75.18742370605469,85.72203826904297,135.16700744628906,108.93755340576172,165.6057586669922,594.523193359375,151.5221405029297,261.19036865234375,664.7760620117188,74.43599700927734,126.32251739501953,460.2961120605469,22.185110092163086,33.098262786865234,292.95904541015625,101.2762451171875,5970.3701171875
2025-06-04,202.20468139648438,181.42938232421875,207.22999572753906,43.38418960571289,75.05970764160156,83.8108139038086,133.05545043945312,106.95808410644531,167.4693145751953,589.974365234375,150.3446502685547,259.1794738769531,685.8104248046875,75.5263900756836,125.81205749511719,461.1908874511719,22.223115921020508,32.52583312988281,292.1421203613281,99.81271362304688,5970.81005859375
2025-06-05,200.02133178710938,181.55526733398438,207.91000366210938,43.403751373291016,75.32496643066406,83.22575378417969,132.6002197265625,107.20914459228516,167.62876892089844,596.5415649414062,150.77638244628906,256.9527893066406,682.49072265625,74.89917755126953,128.22698974609375,464.9788818359375,21.966585159301758,32.36927032470703,287.7265930175781,99.35414123535156,5939.2998046875
2025-06-06,203.30133056640625,183.84080505371094,213.57000732421875,44.239952087402344,76.88707733154297,85.04920196533203,135.8062744140625,110.12522888183594,173.07984924316406,604.536376953125,152.12069702148438,260.66070556640625,695.5401000976562,76.20185852050781,129.40501403808594,467.6632995605469,22.185110092163086,33.142295837402344,294.90423583984375,101.73480987548828,6000.35986328125
2025-06-09,200.83883666992188,183.1919708251953,216.97999572753906,44.14157485961914,76.79864501953125,85.84880065917969,136.33897399902344,110.39558410644531,175.69395446777344,604.0637817382812,152.31692504882812,261.6513977050781,691.9014282226562,76.54924011230469,129.53262329101562,470.0196228027344,22.774179458618164,33.386924743652344,294.87506103515625,102.41778564453125,6005.8798828125
2025-06-10,202.05511474609375,183.52120971679688,217.61000061035156,44.35800552368164,76.6611099243164,88.91064453125,138.84764099121094,113.82341766357422,178.19833374023438,605.3929443359375,153.51405334472656,263.4759216308594,700.2155151367188,78.49842071533203,129.40501403808594,468.2001953125,23.087717056274414,34.7568473815918,295.4585876464844,104.61308288574219,6038.81005859375
2025-06-11,198.1769256591797,185.4581298828125,213.1999969482422,44.003849029541016,77.00495910644531,91.02664184570312,140.23272705078125,115.793212890625,176.95114135742188,614.5496215820312,152.3463592529297,263.0345153808594,691.981201171875,77.50453186035156,129.3951873779297,469.8903503417969,23.25873565673828,34.92319107055664,302.0429382324219,106.65226745605469,6022.240234375
2025-06-12,198.5956573486328,186.34909057617188,213.24000549316406,43.895633697509766,76.85760498046875,92.33329772949219,140.41676330566406,116.44015502929688,175.30482482910156,615.4751586914062,153.7200927734375,263.1227722167969,691.20361328125,78.95195007324219,129.503173828125,476.104248046875,23.60077667236328,34.86448287963867,309.76513671875,107.06206512451172,6045.259765625
2025-06-13,195.85400390625,185.05137634277344,212.10000610351562,43.37424087524414,75.02040100097656,94.54679870605469,141.32723999023438,120.96875762939453,174.27716064453125,604.0834350585938,154.15185546875,259.8955383300781,680.7462158203125,78.84580993652344,127.11770629882812,472.2168273925781,23.315746307373047,35.52008819580078,304.93145751953125,109.39395141601562,5976.97021484375
2025-06-16,197.81802368164062,184.83831787109375,216.10000610351562,43.68904113769531,76.70040893554688,92.63557434082031,141.4434814453125,118.94103240966797,176.3724365234375,618.1728515625,152.30711364746094,265.2023010253906,700.4749145507812,78.90428161621094,128.50186157226562,476.3727111816406,23.182727813720703,35.138465881347656,301.3465881347656,109.74519348144531,6033.10986328125
2025-06-17,195.04644775390625,179.62806701660156,214.82000732421875,43.511966705322266,76.00286865234375,93.12312316894531,144.17491149902344,120.35079956054688,175.5542755126953,615.012451171875,149.52041625976562,264.3783264160156,695.5963745117188,76.2923355102539,127.70669555664062,475.279052734375,22.802682876586914,35.30481719970703,302.53173828125,111.22824096679688,5982.72021484375
2025-06-18,195.9835968017578,179.63775634765625,212.52000427246094,44.3284912109375,76.97549438476562,91.46544647216797,143.53562927246094,119.52037811279297,172.93020629882812,625.448974609375,147.9013671875,268.7336730957031,694.1397705078125,77.27668762207031,130.09219360351562,477.4663391113281,22.688669204711914,35.07975769042969,300.8960266113281,110.43793487548828,5980.8701171875
2025-06-20,200.3901824951172,179.4537353515625,209.69000244140625,44.761348724365234,77.07373809814453,92.33329772949219,144.85292053222656,121.00739288330078,166.26522827148438,630.9232788085938,146.97900390625,269.7538146972656,680.751220703125,77.05252838134766,130.27871704101562,474.64276123046875,22.774179458618164,35.06997299194336,295.8125305175781,111.91120910644531,5967.83984375
2025-06-23,200.88868713378906,177.96231079101562,208.47000122070312,45.548362731933594,77.96778106689453,89.42745971679688,142.24742126464844,117.79197692871094,164.81846618652344,636.9096069335938,148.48031616210938,272.96142578125,696.8934326171875,78.12459564208984,131.54505920410156,483.19305419921875,22.831186294555664,33.00530242919922,294.5097961425781,109.02318572998047,6025.169921875
2025-06-24,199.69232177734375,179.6958465576172,212.77000427246094,45.90251541137695,79.716552734375,87.16519927978516,139.04136657714844,116.52706146240234,166.3949432373047,651.9048461914062,149.333984375,275.8944091796875,710.5313110351562,78.28053283691406,133.41026306152344,487.2793273925781,23.097217559814453,32.78024673461914,299.3484191894531,105.70584869384766,6092.18017578125
2025-06-25,200.94850158691406,179.5408935546875,211.99000549316406,46.08943176269531,81.18041229248047,86.784912109375,138.73141479492188,115.6966552734375,170.29612731933594,659.5452270507812,149.42230224609375,278.6410217285156,707.0195922851562,77.64703369140625,135.19692993164062,489.4268493652344,23.049713134765625,32.467124938964844,295.8222961425781,105.73512268066406,6092.16015625
2025-06-26,200.3901824951172,180.89671325683594,217.1199951171875,46.68952941894531,82.889892578125,88.62786102294922,139.90341186523438,116.96157836914062,173.1497039794922,676.5687866210938,149.1573486328125,283.24151611328125,724.3888549804688,76.828369140625,137.18971252441406,494.57696533203125,23.030710220336914,33.1031608581543,296.4100036621094,107.31572723388672,6141.02001953125
2025-06-27,200.46995544433594,176.5580596923828,223.3000030517578,46.35505294799805,82.89971160888672,87.92578887939453,139.27381896972656,116.64292907714844,178.12847900390625,680.1624145507812,149.5498504638672,281.6328125,731.9110717773438,77.09150695800781,138.1125030517578,493.07568359375,22.983205795288086,33.2792854309082,302.76678466796875,106.7205581665039,6173.06982421875
2025-06-30,204.54754638671875,179.7636260986328,219.38999938964844,46.55180358886719,83.62672424316406,87.5064926147461,138.6926727294922,115.49388885498047,175.83363342285156,696.8413696289062,149.8834686279297,284.37939453125,736.3606567382812,77.14998626708984,138.2793731689453,494.5372009277344,23.030710220336914,33.07380294799805,305.568115234375,105.17898559570312,6204.9501953125
2025-07-01,207.18951416015625,183.9957733154297,220.4600067138672,47.36833190917969,84.75655364990234,89.70049285888672,140.9979248046875,117.01952362060547,175.44451904296875,695.5712890625,152.99398803710938,284.8698425292969,717.5347900390625,79.73269653320312,138.4855499267578,489.2081298828125,23.790800094604492,34.443721771240234,319.4473571777344,106.58397674560547,6198.009765625
2025-07-02,211.7954864501953,184.73178100585938,219.9199981689453,47.91923904418945,85.23796844482422,92.08951568603516,143.3322296142578,118.65135192871094,178.23822021484375,704.85595703125,152.6407470703125,286.42950439453125,711.8981323242188,80.29796600341797,140.2427520751953,488.2536926269531,24.05683135986328,35.138465881347656,301.24859619140625,108.34996795654297,6227.419921875
2025-07-03,212.90213012695312,183.30816650390625,223.41000366210938,48.13566970825195,87.16357421875,91.34842681884766,143.70997619628906,118.91206359863281,179.126220703125,712.52587890625,153.08229064941406,291.75201416015625,717.3253784179688,78.87504577636719,141.49929809570312,495.9589538574219,24.11383628845215,34.884056091308594,302.21832275390625,109.47200012207031,6279.35009765625
2025-07-07,209.3130340576172,181.71023559570312,223.47000122070312,47.87004852294922,86.06321716308594,90.2465591430664,142.7704315185547,115.49388885498047,176.3923797607422,699.9723510742188,152.35618591308594,287.77984619140625,716.6668701171875,78.84580993652344,141.1066436767578,494.84539794921875,23.98082160949707,34.199092864990234,297.4776306152344,108.40850830078125,6229.97998046875
2025-07-08,209.37286376953125,183.78271484375,219.36000061035156,46.38456344604492,84.06883239746094,93.4059066772461,148.42701721191406,119.68453979492188,173.9678497314453,686.5328369140625,152.8664093017578,278.72174072265625,718.9814453125,79.30387115478516,138.54444885253906,493.7517395019531,24.34186363220215,35.75493240356445,301.3857727050781,111.41361999511719,6225.52001953125
2025-07-09,210.4994354248047,184.6058807373047,222.5399932861328,46.07959747314453,84.28498077392578,92.1772689819336,148.21392822265625,117.69541931152344,176.22276306152344,685.8238525390625,153.34722900390625,279.0963134765625,731.0631103515625,81.5844497680664,138.95675659179688,500.6019592285156,24.28485870361328,35.471160888671875,296.6940612792969,111.0331039428711,6263.259765625
2025-07-10,211.7655792236328,188.8477020263672,222.25999450683594,46.20748519897461,85.55235290527344,92.99636840820312,149.32778930664062,117.54093170166016,177.22052001953125,698.1902465820312,154.73077392578125,284.0541076660156,725.5360717773438,81.8865737915039,140.46852111816406,498.58367919921875,24.49388313293457,35.86256790161133,293.36383056640625,112.1356201171875,6280.4599609375
2025-07-11,210.5193634033203,186.37815856933594,225.02000427246094,45.971378326416016,85.20849609375,93.23040008544922,150.43199157714844,118.80584716796875,179.78475952148438,694.0845336914062,153.95559692382812,282.7431945800781,715.828857421875,81.24334716796875,139.67337036132812,500.4130554199219,24.370365142822266,36.508392333984375,297.8596496582031,112.62346649169922,6259.75
2025-07-14,207.98707580566406,185.4774932861328,225.69000244140625,46.30585861206055,85.96498107910156,91.82623291015625,146.88694763183594,118.38098907470703,181.1516571044922,702.3058471679688,153.87710571289062,284.5567932128906,719.2308959960938,81.54546356201172,141.33241271972656,500.1147766113281,24.08533477783203,35.441810607910156,294.4118347167969,111.15017700195312,6268.56005859375
2025-07-15,208.47560119628906,182.06842041015625,226.35000610351562,45.40079879760742,89.12849426269531,90.2465591430664,145.9571075439453,115.59043884277344,181.59066772460938,691.6821899414062,152.258056640625,282.4376525878906,708.7255859375,79.45005798339844,138.9960174560547,502.89862060546875,23.382251739501953,34.3165168762207,285.7238464355469,110.16474151611328,6243.759765625
2025-07-16,209.5224151611328,186.16127014160156,223.19000244140625,45.282745361328125,88.44076538085938,89.2324447631836,145.21128845214844,114.7117691040039,182.55850219726562,697.8948974609375,161.68771362304688,281.7181396484375,701.2630004882812,80.33695220947266,137.22897338867188,502.6997375488281,23.382251739501953,33.84682846069336,286.4878234863281,109.50127410888672,6263.7001953125
2025-07-17,209.38282775878906,186.96226501464844,223.8800048828125,46.25667190551758,91.4569091796875,90.50007629394531,146.6254425048828,115.30078125,183.1671142578125,694.9608764648438,159.92149353027344,285.73956298828125,699.7665405273438,79.45005798339844,138.3186492919922,508.7446594238281,23.353748321533203,33.92510986328125,282.1585693359375,108.94513702392578,6297.35986328125
2025-07-18,210.539306640625,184.8718719482422,226.1300048828125,46.55180358886719,91.81059265136719,89.35919952392578,145.3275146484375,114.57059478759766,184.643798828125,697.3435668945312,160.6279754638672,287.08990478515625,702.6298828125,77.92967987060547,138.24993896484375,507.10418701171875,23.249235153198242,32.6041145324707,276.84979248046875,105.14971160888672,6296.7900390625
2025-07-21,211.83535766601562,180.5641326904297,229.3000030517578,46.709205627441406,91.0246353149414,88.7351303100586,144.97882080078125,113.41203308105469,189.67247009277344,695.118408203125,161.27560424804688,286.794189453125,711.2994384765625,77.29618072509766,137.89654541015625,507.1141052246094,23.049713134765625,32.81938552856445,276.3502502441406,105.42290496826172,6305.60009765625
2025-07-22,213.74954223632812,182.77171325683594,227.47000122070312,46.99449920654297,92.3509521484375,90.66585540771484,145.3275146484375,114.8139877319336,190.90966796875,689.614501953125,164.77859497070312,287.2475891113281,703.1586303710938,79.53777313232422,137.4744110107422,502.3517761230469,23.88581085205078,33.61198425292969,279.2789001464844,105.90098571777344,6309.6201171875
2025-07-23,213.50030517578125,186.13197326660156,228.2899932861328,47.358489990234375,94.3060302734375,92.6745834350586,148.31077575683594,115.73888397216797,189.8021697998047,706.4608154296875,165.92665100097656,292.5010986328125,711.9081420898438,81.84760284423828,139.6046600341797,502.9483337402344,24.09483528137207,34.385009765625,286.5074462890625,107.25718688964844,6358.91015625
2025-07-24,213.11146545410156,186.4054718017578,232.22999572753906,47.60443115234375,93.71656036376953,93.24015045166016,150.93568420410156,115.9043960571289,191.73777770996094,708.0952758789062,166.3780059814453,292.2940979003906,713.1251831054688,81.97429656982422,139.88934326171875,507.92938232421875,24.08533477783203,34.48286819458008,272.8633117675781,108.09628295898438,6363.35009765625
2025-07-25,213.2311248779297,185.86822509765625,231.44000244140625,47.66345977783203,94.38463592529297,92.5868148803711,149.9767608642578,115.26183319091797,192.74551391601562,717.7440795898438,165.14166259765625,294.3344421386719,711.0101318359375,82.5590591430664,140.38999938964844,510.74310302734375,23.95969009399414,34.707923889160156,275.29241943359375,107.71576690673828,6388.64013671875
2025-07-28,213.40061950683594,184.1490478515625,232.7899932861328,47.44702911376953,93.87376403808594,94.60530090332031,151.3715362548828,118.43569946289062,192.14686584472656,712.496337890625,163.10069274902344,293.9992980957031,715.9486083984375,81.9255599975586,139.9482421875,509.5400390625,23.495765686035156,35.22653579711914,276.3306579589844,108.73047637939453,6389.77001953125
2025-07-29,210.62904357910156,186.78643798828125,231.00999450683594,47.17157745361328,92.82252502441406,95.55115509033203,152.0979766845703,119.89606475830078,195.30975341796875,720.6978759765625,164.95521545410156,292.777099609375,698.35986328125,80.53187561035156,140.92991638183594,509.6096496582031,23.486099243164062,34.86448287963867,255.71263122558594,110.13546752929688,6370.85986328125
2025-07-30,208.415771484375,184.92071533203125,230.19000244140625,47.18141174316406,94.12918853759766,94.2640151977539,148.73695373535156,118.03652954101562,196.08799743652344,719.48681640625,164.1211700439453,295.3299255371094,693.5811157226562,79.67422485351562,142.28465270996094,510.2757568359375,23.01251220703125,33.435848236083984,260.5806579589844,109.1792984008789,6362.89990234375
2025-07-31,206.94027709960938,184.63743591308594,234.11000061035156,46.50261306762695,92.05619812011719,92.96710968017578,146.8772735595703,116.84876251220703,191.46839904785156,712.437255859375,161.6484832763672,291.9885559082031,771.6278076171875,76.13639831542969,140.82167053222656,530.4187622070312,22.509929656982422,33.07380294799805,244.43881225585938,108.92562103271484,6339.39013671875
2025-08-01,201.76602172851562,190.69369506835938,214.75,44.91875076293945,90.2190170288086,90.45133209228516,146.64479064941406,113.51911926269531,188.7046356201172,698.63330078125,164.1898651123047,285.2171936035156,748.2527465820312,77.27668762207031,137.49041748046875,521.0830078125,22.703229904174805,32.33991241455078,232.89076232910156,106.97425079345703,6238.009765625
2025-08-04,202.7330780029297,192.61801147460938,211.64999389648438,45.10566711425781,91.0595932006836,90.5390853881836,146.29611206054688,113.91829681396484,194.60133361816406,714.8396606445312,167.83023071289062,290.0369873046875,774.5509643554688,77.83221435546875,139.73431396484375,532.54638671875,22.74188995361328,32.17356872558594,236.03488159179688,104.75944519042969,6329.93994140625
2025-08-05,202.3043670654297,193.94647216796875,213.75,44.820377349853516,90.50579833984375,90.88037109375,148.23329162597656,114.6679458618164,194.23216247558594,709.7985229492188,167.53587341308594,287.1884460449219,761.6712036132812,78.73860168457031,138.84466552734375,524.701904296875,23.92102813720703,32.78024673461914,245.84925842285156,104.63259887695312,6299.18994140625
2025-08-06,212.60304260253906,191.7486572265625,222.30999755859375,44.682647705078125,91.20793914794922,90.79261779785156,147.98146057128906,113.50939178466797,195.64898681640625,713.5694580078125,167.388671875,287.1687316894531,770.1812133789062,77.42288208007812,139.6750030517578,521.908203125,23.12849235534668,32.153995513916016,240.73638916015625,103.92034912109375,6345.06005859375
2025-08-07,219.36245727539062,194.24929809570312,223.1300048828125,44.19076156616211,90.2190170288086,90.2953109741211,148.3495330810547,112.90577697753906,196.07801818847656,708.6465454101562,168.31105041503906,282.822021484375,760.0449829101562,78.32926940917969,139.29937744140625,517.8319091796875,23.41844367980957,32.08550262451172,239.649169921875,103.37396240234375,6340.0
2025-08-08,228.65419006347656,193.4580841064453,222.69000244140625,45.26306915283203,91.702392578125,91.57271575927734,150.14141845703125,113.20758056640625,200.9669952392578,710.1530151367188,170.0772705078125,284.615966796875,767.49755859375,78.64114379882812,141.5333709716797,519.0249633789062,23.75672149658203,32.16378402709961,245.74154663085938,104.20330047607422,6389.4501953125
2025-08-11,226.747802734375,194.03439331054688,221.3000030517578,45.41063690185547,91.28704833984375,91.20215606689453,148.6304168701172,113.7527847290039,200.54794311523438,708.154296875,170.55809020996094,285.4044494628906,764.0755615234375,77.99789428710938,142.22532653808594,518.7565307617188,23.75672149658203,31.674522399902344,247.191162109375,103.25688171386719,6373.4501953125
2025-08-12,229.21310424804688,194.03439331054688,221.47000122070312,46.728885650634766,94.67903137207031,92.23577117919922,149.58934020996094,114.8918685913086,202.88267517089844,731.9222412109375,169.53759765625,288.6472473144531,788.1489868164062,78.26104736328125,145.5961151123047,526.183349609375,23.824377059936523,32.232276916503906,256.2023620605469,103.5495834350586,6445.759765625
2025-08-13,232.88612365722656,196.7987823486328,224.55999755859375,46.473106384277344,93.60111999511719,93.4936752319336,150.9744110107422,116.31329345703125,201.5057830810547,733.2120361328125,171.14678955078125,286.3605041503906,778.2523193359375,80.60984802246094,146.06069946289062,517.5734252929688,24.31729507446289,32.82917404174805,266.23223876953125,104.98384094238281,6466.580078125
2025-08-14,232.337158203125,199.93434143066406,230.97999572753906,46.93547058105469,94.40214538574219,93.26940155029297,150.28672790527344,116.62483978271484,202.48358154296875,735.683349609375,171.44117736816406,289.9384460449219,780.2974243164062,80.65857696533203,146.8020782470703,519.4623413085938,24.268970489501953,32.506263732910156,265.9187927246094,104.7691879272461,6468.5400390625
2025-08-15,231.1494140625,201.8977508544922,231.02999877929688,46.17797088623047,92.6517562866211,92.95736694335938,151.633056640625,115.8459701538086,203.44140625,719.4573364257812,173.32516479492188,286.32110595703125,783.39013671875,82.0717544555664,142.9667205810547,517.1657104492188,24.29796600341797,32.28120803833008,297.771484375,104.86766815185547,6449.7998046875
2025-08-18,230.4507598876953,201.78054809570312,231.49000549316406,47.142059326171875,93.1758804321289,92.4166259765625,150.4416961669922,114.61927795410156,203.0423126220703,719.693603515625,172.94247436523438,287.34619140625,765.572021484375,82.08150482177734,143.11497497558594,514.1134033203125,24.230308532714844,32.58454132080078,302.1595458984375,105.09416961669922,6449.14990234375
2025-08-19,230.1213836669922,201.4093475341797,228.00999450683594,47.299468994140625,92.70120239257812,92.18067169189453,148.86489868164062,114.22010040283203,201.11666870117188,710.2613525390625,174.46337890625,286.4886779785156,749.71923828125,82.77347564697266,142.41314697265625,506.8258056640625,24.47193717956543,32.623687744140625,297.9967346191406,105.78350067138672,6411.3701171875
2025-08-20,225.5800323486328,204.3007049560547,223.80999755859375,47.56507873535156,92.13751983642578,93.29163360595703,150.05972290039062,115.23262786865234,198.87171936035156,709.5720825195312,175.48385620117188,288.04595947265625,745.9680786132812,82.51033782958984,142.4625701904297,502.7991943359375,24.529924392700195,32.64325714111328,293.6870422363281,106.87659454345703,6395.77978515625
2025-08-21,224.47215270996094,204.64259338378906,221.9499969482422,47.47654342651367,91.5639419555664,93.18348693847656,152.3416748046875,115.37866973876953,199.30075073242188,704.9150390625,175.57217407226562,287.28704833984375,737.3682250976562,83.89427185058594,142.38348388671875,502.15185546875,24.87786865234375,33.083587646484375,297.125,107.56593322753906,6370.169921875
2025-08-22,227.3267059326172,205.71710205078125,228.83999633789062,48.676734924316406,94.20436096191406,95.14979553222656,154.91741943359375,117.90996551513672,205.62649536132812,730.4552001953125,175.9254150390625,291.9885559082031,753.021484375,85.15151977539062,146.31773376464844,505.1295166015625,25.013179779052734,34.844913482666016,301.1114807128906,109.5846939086914,6466.91015625
2025-08-25,226.72784423828125,202.73779296875,227.94000244140625,48.676734924316406,93.94723510742188,96.52621459960938,154.93701171875,118.22151184082031,208.02108764648438,727.4029541015625,175.0619354248047,290.6678161621094,751.5349731445312,83.14382934570312,145.9519805908203,502.17181396484375,24.29796600341797,34.884056091308594,298.60400390625,110.03768157958984,6439.31982421875
2025-08-26,228.87376403808594,203.52903747558594,228.7100067138672,49.43423843383789,94.65926361083984,95.4152603149414,154.11434936523438,118.0949478149414,206.6741180419922,737.4063720703125,174.44911193847656,294.28515625,752.3331298828125,82.83194732666016,147.25680541992188,499.96099853515625,24.08533477783203,34.56114196777344,294.26495361328125,109.79148864746094,6465.93994140625
2025-08-27,230.05152893066406,203.23597717285156,229.1199951171875,49.562129974365234,95.79651641845703,96.25093078613281,155.95556640625,119.63319396972656,207.01336669921875,738.115234375,174.74562072753906,294.9849548339844,745.62890625,81.93531036376953,147.66207885742188,504.6415100097656,24.230308532714844,35.20696258544922,297.6441345214844,111.03230285644531,6481.39990234375
2025-08-28,232.11758422851562,203.09922790527344,231.60000610351562,49.67034149169922,95.7470703125,96.79167175292969,156.03392028808594,121.05461883544922,211.16400146484375,739.641357421875,173.421142578125,296.749267578125,749.3501586914062,81.0971450805664,148.452880859375,507.5295104980469,23.776052474975586,35.69622039794922,296.0867614746094,111.62316131591797,6501.85986328125
2025-08-29,231.69837951660156,205.521728515625,229.0,49.91628646850586,95.49983978271484,97.30290985107422,157.28750610351562,121.52193450927734,212.43116760253906,737.6913452148438,175.12123107910156,297.0942687988281,736.9691772460938,81.98403930664062,148.74942016601562,504.59173583984375,23.930692672729492,36.048484802246094,303.5111999511719,112.54883575439453,6460.259765625
2025-09-02,229.28298950195312,207.00648498535156,225.33999633789062,49.60147476196289,93.72967529296875,97.32257080078125,158.4921417236328,122.76811981201172,210.8746795654297,723.4373779296875,176.00094604492188,295.39892578125,733.3875732421875,83.30951690673828,147.13818359375,503.0282287597656,24.14332389831543,35.12868118286133,302.4631652832031,112.9427490234375,6415.5400390625
2025-09-03,238.01634216308594,206.94786071777344,225.99000549316406,49.24732208251953,93.9769058227539,93.05567932128906,154.79989624023438,117.39397430419922,230.14125061035156,723.1503295898438,175.94163513183594,295.211669921875,735.3230590820312,82.04251861572266,146.8218536376953,503.2572937011719,23.95969009399414,34.5220832824707,301.5620422363281,110.2051010131836,6448.259765625
2025-09-04,239.32383728027344,208.0614471435547,235.67999267578125,49.7982292175293,96.00418853759766,94.15680694580078,154.43753051757812,118.38700866699219,231.7775421142578,741.3043212890625,176.69285583496094,299.4598083496094,746.8959350585938,81.91582489013672,148.79885864257812,505.866455078125,23.718061447143555,35.518287658691406,304.0107421875,110.68762969970703,6502.080078125
2025-09-05,239.2340087890625,207.6316375732422,232.3300018310547,49.23436737060547,94.34280395507812,91.38431549072266,150.49066162109375,114.8139877319336,234.4714813232422,730.7227783203125,176.3666534423828,290.1553039550781,750.6870727539062,82.5590591430664,146.3869171142578,492.9501647949219,24.046672821044922,35.33088302612305,308.9179382324219,107.56593322753906,6481.5
2025-09-08,237.42745971679688,204.9258575439453,235.83999633789062,48.92770004272461,94.80760192871094,89.86042022705078,150.82363891601562,114.54138946533203,233.72247314453125,734.3258056640625,176.0701446533203,288.7063903808594,750.537353515625,81.95480346679688,147.078857421875,496.13690185546875,23.727725982666016,35.29142761230469,313.6781921386719,108.17647552490234,6495.14990234375
2025-09-09,233.9041748046875,205.54127502441406,238.24000549316406,49.7487678527832,96.26129913330078,90.31267547607422,151.6561279296875,114.21037292480469,239.30490112304688,756.1719970703125,174.91368103027344,293.5754699707031,763.906005859375,82.46160125732422,150.46942138671875,496.3460388183594,23.882368087768555,35.29142761230469,340.7804260253906,108.96429443359375,6512.60986328125
2025-09-10,226.35855102539062,206.7329864501953,230.3300018310547,49.590492248535156,96.09318542480469,92.73123931884766,154.53546142578125,117.08242797851562,238.84552001953125,761.7745971679688,173.7572021484375,296.22686767578125,750.2180786132812,81.89633178710938,152.34756469726562,498.29791259765625,23.74705696105957,35.66624069213867,339.66375732421875,110.7861099243164,6532.0400390625
2025-09-11,229.59239196777344,215.11404418945312,229.9499969482422,50.203819274902344,97.72489929199219,92.54443359375,154.98597717285156,116.82929229736328,240.0438995361328,776.7709350585938,176.43585205078125,301.1748352050781,749.140625,82.9878921508789,154.680419921875,498.9352722167969,24.02734375,35.53801727294922,346.3536071777344,110.43159484863281,6587.47021484375
2025-09-12,233.6247100830078,213.2776336669922,228.14999389648438,50.035648345947266,98.33804321289062,90.87307739257812,153.8695068359375,115.03791809082031,240.4733123779297,772.1483154296875,176.00094604492188,302.5054626464844,753.8197021484375,80.70730590820312,154.5914764404297,507.7884521484375,23.07050323486328,35.08429718017578,345.2762145996094,110.4512939453125,6584.2900390625
2025-09-15,236.24969482421875,212.5645751953125,231.42999267578125,50.0455436706543,98.68415832519531,90.7747573852539,154.06536865234375,114.43429565429688,251.26864624023438,778.7803955078125,175.34857177734375,304.4668884277344,762.9083251953125,79.74275207519531,154.83859252929688,513.225830078125,23.167152404785156,34.295223236083984,342.9007873535156,110.63838958740234,6615.27978515625
2025-09-16,237.6969451904297,211.24586486816406,234.0500030517578,50.11478805541992,99.52473449707031,92.9475326538086,156.24937438964844,117.6470947265625,250.8192596435547,777.5628662109375,174.41946411132812,304.7527160644531,777.1748046875,79.8116455078125,154.01812744140625,506.9320068359375,23.099496841430664,34.75880813598633,334.9070739746094,112.93289947509766,6606.759765625
2025-09-17,238.5353546142578,215.6903533935547,231.6199951171875,50.846824645996094,100.63232421875,92.23966217041016,156.7880401611328,116.67351531982422,249.19146728515625,786.1646728515625,175.15089416503906,307.2760009765625,773.9024658203125,79.8608627319336,155.5997314453125,507.9079284667969,23.244474411010742,34.31494903564453,336.7108154296875,113.53360748291016,6600.35009765625
2025-09-18,237.42745971679688,216.84300231933594,231.22999572753906,51.5689697265625,101.2751235961914,91.90538787841797,155.5637969970703,115.19367980957031,251.68807983398438,796.15234375,172.14605712890625,308.7347717285156,778.4218139648438,80.24471282958984,157.40870666503906,506.3444519042969,23.341123580932617,34.26563262939453,330.0182189941406,112.19432067871094,6631.9599609375
2025-09-19,245.032958984375,217.31187438964844,231.47999572753906,51.68767547607422,101.54212951660156,90.37165832519531,152.98806762695312,112.93498229980469,254.3744354248047,796.8353271484375,174.152587890625,310.26251220703125,776.5562133789062,80.22502899169922,158.07098388671875,515.78515625,23.225143432617188,33.95986557006836,331.86138916015625,111.10123443603516,6664.35986328125
2025-09-22,255.5928192138672,217.4290771484375,227.6300048828125,51.36122512817383,102.34314727783203,90.46015167236328,152.83135986328125,112.3605728149414,252.18740844726562,797.3896484375,172.1954803466797,307.9560852050781,763.8824462890625,79.13253021240234,158.86178588867188,512.319580078125,23.23480987548828,33.456825256347656,336.4052734375,110.31341552734375,6693.75
2025-09-23,253.9459686279297,217.44863891601562,220.7100067138672,51.14359664916992,101.85858154296875,91.89555358886719,154.173095703125,112.61370086669922,251.31858825683594,798.1419677734375,174.53805541992188,308.25177001953125,754.1387329101562,78.699462890625,158.91119384765625,507.1212463378906,23.321794509887695,34.019046783447266,342.7036437988281,112.21401977539062,6656.919921875
2025-09-24,251.8300018310547,214.88937377929688,220.2100067138672,51.14359664916992,100.52354431152344,94.0191650390625,155.89678955078125,113.61648559570312,246.80471801757812,784.392822265625,174.6468048095703,308.92205810546875,759.3899536132812,78.41403198242188,156.0643310546875,508.0373840332031,23.28313446044922,34.13740539550781,346.7645568847656,112.8147201538086,6637.97021484375
2025-09-25,256.3813171386719,213.4729766845703,218.14999389648438,51.29197692871094,100.97844696044922,95.1792984008789,157.40504455566406,114.20063781738281,245.45652770996094,786.69921875,175.6747589111328,308.9516296386719,747.6595458984375,76.37666320800781,157.1220245361328,504.9303283691406,22.809547424316406,34.117679595947266,340.60418701171875,113.82903289794922,6604.72021484375
2025-09-26,254.97401428222656,215.4949951171875,219.77999877929688,51.64810562133789,102.27393341064453,96.8211669921875,156.85659790039062,114.21037292480469,246.2055206298828,794.3706665039062,177.6318817138672,311.52410888671875,742.5081787109375,77.321533203125,158.2686767578125,509.34197998046875,22.964187622070312,35.03498077392578,339.1453857421875,115.4342041015625,6643.7001953125
2025-09-29,253.9459686279297,217.98587036132812,222.1699981689453,51.8558464050293,102.01681518554688,94.23545837402344,152.88034057617188,110.35499572753906,243.71890258789062,795.9642333984375,179.519775390625,311.1594543457031,742.1587524414062,77.34122467041016,159.30661010742188,512.4689331054688,23.051172256469727,34.63058090209961,340.2296447753906,112.47991180419922,6661.2099609375
2025-09-30,254.14559936523438,226.17156982421875,219.57000732421875,51.03478240966797,100.37520599365234,92.99668884277344,152.08702087402344,109.15750122070312,242.77020263671875,788.2730102539062,183.2758331298828,310.9031677246094,733.1538696289062,82.60688018798828,157.1319122314453,515.8051147460938,24.626577377319336,33.90068435668945,340.347900390625,111.03230285644531,6688.4599609375
2025-10-01,254.9640350341797,238.71388244628906,220.6300048828125,50.13457489013672,97.61612701416016,93.85203552246094,151.3916778564453,108.3299560546875,244.5677490234375,777.5430297851562,183.8985595703125,306.25091552734375,716.1422729492188,88.70913696289062,155.08570861816406,517.557861328125,26.298633575439453,34.6108512878418,343.3049011230469,110.28387451171875,6711.2001953125
2025-10-02,256.6408386230469,231.07518005371094,222.41000366210938,49.93672561645508,96.26129913330078,91.80706787109375,150.20663452148438,107.48294830322266,245.356689453125,771.4752197265625,183.82936096191406,303.1362609863281,725.8360595703125,88.09891510009766,153.5139923095703,513.604248046875,26.17298698425293,33.64423370361328,348.6471862792969,109.59454345703125,6715.35009765625
2025-10-03,257.5291442871094,228.48663330078125,219.50999450683594,50.095001220703125,96.65686798095703,92.57393646240234,150.3829345703125,107.9015884399414,245.0171356201172,781.9676513671875,186.45860290527344,305.5806884765625,709.3735961914062,87.7839584350586,155.77764892578125,515.20751953125,26.45327377319336,33.79218292236328,355.03424072265625,111.53453826904297,6715.7900390625
2025-10-06,256.20166015625,224.85287475585938,220.89999389648438,49.847694396972656,96.96343994140625,93.3113021850586,150.84323120117188,107.53162384033203,250.09024047851562,788.6987915039062,185.98416137695312,306.2244567871094,714.465087890625,87.40010833740234,156.27191162109375,526.3811645507812,25.544757843017578,34.117679595947266,353.6247253417969,112.46021270751953,6740.27978515625
2025-10-07,255.99209594726562,227.4316864013672,221.77999877929688,49.7487678527832,96.71621704101562,93.62591552734375,151.71487426757812,107.53162384033203,245.42657470703125,781.6410522460938,186.70570373535156,304.7486877441406,711.889404296875,86.22886657714844,154.17628479003906,521.8101196289062,25.390117645263672,33.94013595581055,358.4446105957031,112.51929473876953,6714.58984375
2025-10-08,257.569091796875,225.8785400390625,225.22000122070312,49.303611755371094,95.6283950805664,92.17083740234375,150.5690155029297,107.58030700683594,244.2881317138672,768.6343383789062,187.49647521972656,301.1236877441406,716.6414794921875,85.0379409790039,153.85995483398438,522.676513671875,24.81987762451172,33.50614547729492,364.6148376464844,112.28295135498047,6753.72021484375
2025-10-09,253.55670166015625,225.34129333496094,227.74000549316406,49.254150390625,94.85704040527344,90.40116119384766,148.51231384277344,108.96278381347656,241.2023162841797,772.04931640625,188.87039184570312,302.6093444824219,732.2852783203125,86.12060546875,154.4728546142578,520.2366943359375,24.394615173339844,32.677616119384766,362.41680908203125,111.18987274169922,6735.10986328125
2025-10-10,244.80340576171875,225.15570068359375,216.3699951171875,48.12642288208008,92.88909149169922,86.16375732421875,145.82884216308594,105.21451568603516,236.24905395507812,756.6075439453125,188.51455688476562,298.01373291015625,704.1223754882812,84.6343994140625,150.11355590820312,508.84405517578125,23.950023651123047,31.286869049072266,349.4159851074219,109.04307556152344,6552.509765625
2025-10-13,247.18885803222656,224.9603271484375,220.07000732421875,48.33415985107422,95.03504180908203,87.28455352783203,148.80613708496094,106.8209228515625,243.8187713623047,778.8001708984375,188.6924591064453,305.0260314941406,714.5050048828125,84.3489761352539,153.34596252441406,511.9212341308594,23.901697158813477,31.82935905456543,353.51629638671875,110.53006744384766,6654.72021484375
2025-10-14,247.29864501953125,223.8174591064453,216.38999938964844,49.550926208496094,98.73359680175781,86.68482971191406,149.24684143066406,106.23677062988281,245.11700439453125,762.942626953125,188.64305114746094,299.19232177734375,707.466796875,83.36473846435547,153.5535430908203,511.4432373046875,23.698732376098633,32.12526321411133,354.7680969238281,110.57930755615234,6644.31005859375
2025-10-15,248.86566162109375,222.56796264648438,215.57000732421875,51.71735382080078,98.67426300048828,86.26206970214844,148.97262573242188,105.75971984863281,250.68943786621094,760.1412963867188,188.9593505859375,302.767822265625,716.3519287109375,82.78404235839844,160.7794647216797,511.3038024902344,23.57308578491211,32.12526321411133,355.9706115722656,109.90966796875,6671.06005859375
2025-10-16,246.97926330566406,223.2074737548828,214.47000122070312,49.897151947021484,95.19327545166016,85.44606018066406,148.58087158203125,104.41618347167969,251.1188507080078,750.4011840820312,189.8983612060547,295.6861572265625,710.881103515625,82.59703063964844,158.17971801757812,509.4913330078125,23.41844367980957,32.470481872558594,351.55487060546875,108.95445251464844,6629.06982421875
2025-10-17,251.81002807617188,225.8638916015625,213.0399932861328,50.72811508178711,95.99430084228516,85.02330017089844,149.92262268066406,104.4063491821289,252.95635986328125,743.1553955078125,190.9856414794922,294.7155456542969,715.7229614257812,83.45332336425781,156.84523010253906,511.4532470703125,23.68906593322754,32.184444427490234,351.4858703613281,110.53006744384766,6664.009765625
2025-10-20,261.7411193847656,228.3136749267578,216.47999572753906,51.47993850708008,98.1995849609375,85.59352111816406,151.29373168945312,104.58328247070312,256.2019348144531,755.5780639648438,191.4798583984375,299.4696350097656,730.947509765625,84.95919799804688,160.1072998046875,514.6498413085938,23.863037109375,32.97351837158203,359.25286865234375,110.9830551147461,6735.1298828125
2025-10-21,262.27008056640625,227.6544952392578,222.02999877929688,50.96553421020508,97.16122436523438,84.95448303222656,150.6179656982422,104.22942352294922,250.12020874023438,751.2821044921875,189.66114807128906,294.2500305175781,732.0457153320312,86.23870849609375,157.3988037109375,515.5162963867188,24.017677307128906,33.06229019165039,360.13006591796875,110.99291229248047,6735.35009765625
2025-10-22,257.9583435058594,224.98825073242188,217.9499969482422,50.550052642822266,95.23283386230469,85.93763732910156,152.36126708984375,104.39652252197266,251.34854125976562,737.0479125976562,190.70889282226562,291.2984924316406,732.1854248046875,86.22886657714844,156.3015594482422,518.3843994140625,23.892030715942383,34.42344665527344,356.30572509765625,112.96244049072266,6699.39990234375
2025-10-23,259.0861511230469,224.565185546875,221.08999633789062,51.202945709228516,95.61851501464844,88.56265258789062,153.33084106445312,106.2345962524414,252.7366485595703,743.1653442382812,190.2443084716797,291.72442626953125,732.7744750976562,85.8056411743164,157.47787475585938,518.404296875,23.843706130981445,35.518287658691406,355.2806701660156,114.21309661865234,6738.43994140625
2025-10-24,262.3200378417969,224.3094024658203,224.2100067138672,52.004234313964844,97.68534088134766,86.54718780517578,152.35147094726562,104.56361389160156,259.5674133300781,775.9295654296875,188.1982421875,297.5680236816406,737.127197265625,86.11075592041016,161.97557067871094,521.441650390625,23.930692672729492,35.34074783325195,357.3012390136719,113.632080078125,6791.68994140625
2025-10-27,268.2986145019531,224.34873962402344,226.97000122070312,52.44939041137695,99.870849609375,87.19607543945312,152.07723999023438,104.956787109375,268.9046630859375,781.9775390625,188.0994110107422,301.2425231933594,749.5663452148438,86.61271667480469,164.11073303222656,529.3189697265625,23.940357208251953,35.66624069213867,360.7313537597656,114.1737060546875,6875.16015625
2025-10-28,268.4882507324219,223.86663818359375,229.25,52.301002502441406,100.26642608642578,85.32807159423828,150.9509735107422,104.0918197631836,267.1071472167969,784.0563354492188,184.76837158203125,302.4409484863281,750.1853637695312,85.65801239013672,163.31004333496094,539.8252563476562,23.679401397705078,35.370338439941406,362.5646667480469,113.2775650024414,6890.89013671875
2025-10-29,269.1869201660156,221.50538635253906,230.3000030517578,52.01412582397461,98.0215835571289,86.59635162353516,151.90097045898438,104.19010925292969,274.197509765625,775.117919921875,184.44219970703125,302.58953857421875,750.4149169921875,85.2151107788086,162.1436004638672,539.307373046875,23.476436614990234,36.32709503173828,350.16510009765625,114.6759262084961,6890.58984375
2025-10-30,270.8836669921875,224.5159912109375,222.86000061035156,52.45927810668945,99.1093978881836,86.65533447265625,150.35354614257812,103.65933227539062,281.09814453125,782.1458740234375,186.86386108398438,306.48199462890625,665.3572387695312,84.91983032226562,163.3594512939453,523.582763671875,23.476436614990234,35.82405471801758,339.8058166503906,112.9427490234375,6822.33984375
2025-10-31,269.85565185546875,214.52000427246094,244.22000122070312,52.87476348876953,100.10820007324219,87.36320495605469,154.4669189453125,104.0328369140625,280.80853271484375,781.3638916015625,186.68594360351562,308.1459045410156,647.2674560546875,84.62456512451172,163.1008758544922,515.6656494140625,23.824377059936523,35.56761169433594,336.66156005859375,112.6177749633789,6840.2001953125
2025-11-03,268.53814697265625,208.53817749023438,254.0,52.98358154296875,101.08311462402344,87.07809448242188,150.86280822753906,103.83625030517578,283.3350830078125,777.552978515625,184.1061248779297,306.3928527832031,636.645263671875,81.18958282470703,162.75279235839844,514.888916015625,23.834043502807617,36.51449966430664,329.00299072265625,112.02691650390625,6851.97021484375
2025-11-04,269.5262756347656,212.40472412109375,249.32000732421875,52.96379470825195,100.4862289428711,86.42921447753906,150.22621154785156,103.46275329589844,277.1634826660156,782.80908203125,184.69918823242188,306.2937927246094,626.2725830078125,82.5379867553711,163.11082458496094,512.2001342773438,23.486099243164062,35.62678527832031,326.0854187011719,112.401123046875,6771.5498046875
2025-11-05,269.6260986328125,213.27052307128906,250.1999969482422,51.88552474975586,101.16270446777344,86.22274017333984,149.51129150390625,103.3939437866211,283.9242858886719,785.0462036132812,183.84913635253906,308.7005615234375,634.88818359375,83.05962371826172,164.27439880371094,505.0597839355469,23.78571891784668,36.05091857910156,323.03973388671875,111.94813537597656,6796.2900390625
2025-11-06,269.25677490234375,215.50387573242188,243.0399932861328,52.71648406982422,100.32705688476562,84.21710968017578,149.78550720214844,103.20718383789062,284.36370849609375,779.592041015625,184.8079071044922,310.4239501953125,617.9065551757812,84.4277114868164,162.52406311035156,495.04144287109375,24.017677307128906,35.86351013183594,316.9483947753906,112.75564575195312,6720.31982421875
2025-11-07,267.9592590332031,215.62193298339844,244.41000366210938,52.6274528503418,100.26736450195312,85.36740112304688,151.82261657714844,103.61019134521484,278.4516906738281,778.3646240234375,184.4125518798828,311.20635986328125,620.6719360351562,84.91983032226562,161.46987915039062,494.7626037597656,24.02751350402832,36.1594123840332,319.56036376953125,115.4342041015625,6728.7998046875
2025-11-10,269.1781311035156,215.17921447753906,248.39999389648438,52.84508514404297,100.96373748779297,86.74382781982422,152.43960571289062,104.75037384033203,289.7064208984375,789.114501953125,186.2312774658203,313.8607482910156,630.7052001953125,85.3824234008789,164.14512634277344,503.9045715332031,23.98817253112793,36.40599822998047,316.96807861328125,116.4189682006836,6832.43017578125
2025-11-11,274.99267578125,221.534912109375,249.10000610351562,53.052825927734375,100.2375259399414,89.16238403320312,153.01744079589844,107.47307586669922,290.9147644042969,802.0914916992188,191.58859252929688,312.6028747558594,626.0330200195312,89.51620483398438,165.58717346191406,506.573486328125,25.0897216796875,37.096439361572266,322.7539367675781,117.9552001953125,6846.60986328125
2025-11-12,273.21435546875,229.46478271484375,244.1999969482422,53.52765655517578,102.33658599853516,87.56967163085938,150.1576690673828,106.8833236694336,286.3210144042969,830.4608154296875,192.14210510253906,317.34710693359375,607.9931640625,90.0083236694336,168.98841857910156,509.0233154296875,25.443790435791016,35.57746887207031,334.1974182128906,116.32049560546875,6850.919921875
2025-11-13,272.6948547363281,228.5399627685547,237.5800018310547,52.301002502441406,100.14798736572266,87.91377258300781,152.3710479736328,107.37478637695312,278.19207763671875,797.3302612304688,192.99217224121094,306.5216064453125,608.8717041015625,91.46499633789062,164.70205688476562,501.205810546875,25.365108489990234,35.81419372558594,327.7511901855469,116.98028564453125,6737.490234375
2025-11-14,272.15533447265625,228.6088409423828,234.69000244140625,52.043800354003906,99.7799072265625,89.8309326171875,154.3689727783203,108.51498413085938,276.0350036621094,782.8882446289062,193.664306640625,300.7076721191406,608.4424438476562,91.45515441894531,162.96165466308594,508.0672607421875,24.64713478088379,36.43558883666992,317.24407958984375,118.50015258789062,6734.10986328125
2025-11-17,267.2099609375,230.2223663330078,232.8699951171875,50.92596435546875,97.68085479736328,88.03490447998047,151.62672424316406,107.6106948852539,284.63330078125,767.6939697265625,197.2720947265625,297.4986572265625,601.0048217773438,91.39610290527344,158.57582092285156,505.3883972167969,24.666805267333984,35.3111572265625,315.92327880859375,116.90081024169922,6672.41015625
2025-11-18,267.19000244140625,230.09445190429688,222.5500030517578,51.0842399597168,97.81017303466797,88.98748779296875,152.1317901611328,107.69915008544922,283.8943176269531,768.4264526367188,197.68724060058594,296.5478515625,596.6920776367188,94.90982055664062,158.95375061035156,491.74517822265625,25.030710220336914,35.54787826538086,309.08282470703125,118.24187469482422,6617.31982421875
2025-11-19,268.3089294433594,229.14996337890625,222.69000244140625,51.46015167236328,99.31234741210938,87.30062103271484,150.2303924560547,105.2614974975586,292.4127502441406,778.0181884765625,200.168212890625,300.3709411621094,589.3343505859375,93.55157470703125,161.40025329589844,485.1027526855469,24.4700984954834,35.370338439941406,304.6572265625,116.572998046875,6642.16015625
2025-11-20,266.0010986328125,225.7458038330078,217.13999938964844,50.45112609863281,97.12374877929688,86.7945556640625,148.85385131835938,104.2589111328125,289.05731201171875,765.852783203125,200.72174072265625,295.5277099609375,588.1663208007812,93.47283935546875,157.82994079589844,477.3404846191406,23.99800682067871,34.70948791503906,307.07208251953125,116.24517822265625,6538.759765625
2025-11-21,271.2361755371094,232.46554565429688,220.69000244140625,51.005104064941406,98.18820190429688,86.69532775878906,148.5270538330078,105.14354705810547,299.2534484863281,766.179443359375,201.54212951660156,295.171142578125,593.2578125,96.21885681152344,157.30284118652344,471.04486083984375,24.627464294433594,35.695831298828125,315.3811950683594,116.3047866821289,6602.990234375
2025-11-24,275.6620788574219,225.80484008789062,226.27999877929688,51.37112045288086,99.1730728149414,86.88385772705078,148.29928588867188,104.77003479003906,318.14776611328125,782.6903076171875,203.6672821044922,295.1513366699219,612.0264282226562,98.81724548339844,161.9373016357422,472.92059326171875,24.80449867248535,35.222381591796875,314.474365234375,115.20213317871094,6705.1201171875
2025-11-25,276.7110900878906,228.05787658691406,229.6699981689453,51.915199279785156,100.64539337158203,85.95111846923828,147.09109497070312,103.6691665649414,323.0011901855469,794.1825561523438,205.57713317871094,300.103515625,635.1576538085938,103.99432373046875,164.52304077148438,475.90374755859375,25.296260833740234,35.4097900390625,321.6007080078125,113.75180053710938,6765.8798828125
2025-11-26,277.29052734375,223.98472595214844,229.16000366210938,52.41971206665039,101.96849822998047,86.41748809814453,148.0615997314453,104.38668823242188,319.5159606933594,807.733642578125,206.46241760253906,304.6991882324219,632.5520629882812,102.98055267333984,167.019287109375,484.3943786621094,25.28642463684082,35.17306900024414,324.9814758300781,114.01007843017578,6812.60986328125
2025-11-28,278.5893249511719,224.02406311035156,233.22000122070312,53.07261276245117,103.06279754638672,88.00513458251953,149.66592407226562,106.0085220336914,319.74560546875,817.6619262695312,205.8258056640625,310.087158203125,646.8681640625,103.17740631103516,168.7298583984375,490.88958740234375,25.31593132019043,35.74515151977539,325.0406188964844,115.1524658203125,6849.08984375
2025-12-01,282.8353576660156,221.47589111328125,233.8800048828125,52.667022705078125,102.14756774902344,89.5630111694336,151.06224060058594,107.83676147460938,314.4627990722656,802.6359252929688,204.254150390625,305.9669494628906,639.7999267578125,100.22469329833984,167.54637145996094,485.6315612792969,24.853675842285156,36.1002311706543,318.5747375488281,115.8577651977539,6812.6298828125
2025-12-02,285.9224548339844,220.74783325195312,234.4199981689453,52.617557525634766,102.65492248535156,88.60050201416016,148.79443359375,107.19786071777344,315.38153076171875,810.9422607421875,204.333740234375,304.9368896484375,646.01953125,99.43730926513672,168.1629638671875,488.8841552734375,24.73565101623535,35.86351013183594,319.8856506347656,114.61603546142578,6829.3701171875
2025-12-03,283.8843688964844,226.52305603027344,232.3800048828125,53.507877349853516,106.16661834716797,91.10103607177734,150.1214599609375,109.60603332519531,319.1963806152344,832.1904296875,204.2442169189453,309.1462707519531,638.5320434570312,100.65775299072266,172.76759338378906,476.64208984375,25.148731231689453,37.329864501953125,334.8381042480469,117.02001953125,6849.72021484375
2025-12-04,280.4375915527344,225.01776123046875,229.11000061035156,53.57712173461914,107.23107147216797,92.40092468261719,150.7849578857422,110.24493408203125,317.1890869140625,833.4437866210938,201.40928649902344,313.0783386230469,660.425537109375,99.29950714111328,173.93118286132812,479.7449951171875,25.27659034729004,37.896522521972656,328.707275390625,116.36438751220703,6857.1201171875
2025-12-05,278.5193786621094,222.43023681640625,229.52999877929688,53.646728515625,108.31541442871094,92.9665298461914,148.54685974121094,110.25475311279297,320.8341064453125,850.086181640625,200.8621826171875,312.0284729003906,672.2955932617188,98.14795684814453,175.54229736328125,482.0597229003906,25.601154327392578,38.234527587890625,326.1642761230469,115.76836395263672,6870.39990234375
2025-12-08,277.6302185058594,219.51800537109375,226.88999938964844,53.597007751464844,108.35520935058594,92.16277313232422,147.2693634033203,108.73123168945312,313.49932861328125,862.1527099609375,200.5538330078125,312.1968078613281,665.6866455078125,97.37040710449219,175.8605499267578,489.9018249511719,25.34543800354004,38.01581954956055,321.12347412109375,115.21207427978516,6846.509765625
2025-12-09,276.9208679199219,219.39012145996094,227.9199981689453,53.23903274536133,108.86256408691406,92.70853424072266,147.05149841308594,107.52222442626953,316.85693359375,871.990966796875,198.90261840820312,297.6373596191406,655.8631591796875,95.36256408691406,177.84957885742188,490.8995361328125,24.91268539428711,38.07546615600586,321.1036376953125,117.467041015625,6840.509765625
2025-12-10,278.5193786621094,221.54473876953125,231.77999877929688,53.775997161865234,110.51395416259766,96.0525131225586,149.94320678710938,109.52739715576172,319.9847412109375,884.5846557617188,205.44781494140625,307.1455383300781,649.0444946289062,96.08106994628906,178.72476196289062,477.4701843261719,25.35527229309082,39.6959114074707,325.83685302734375,118.74849700927734,6886.68017578125
2025-12-11,277.77008056640625,220.36412048339844,230.27999877929688,54.253299713134766,111.16058349609375,95.96320343017578,149.2598876953125,107.64018249511719,312.210205078125,906.2606201171875,208.8994598388672,314.3460693359375,651.6201782226562,97.44915771484375,179.3015594482422,482.3690185546875,25.374942779541016,40.10350799560547,334.1323547363281,118.74849700927734,6901.0
2025-12-12,278.0198669433594,219.71478271484375,226.19000244140625,54.83003616333008,111.22027587890625,94.80223846435547,148.53695678710938,106.1657943725586,309.07244873046875,883.3114013671875,210.46116638183594,315.4751892089844,643.1543579101562,98.71881866455078,177.431884765625,477.4402770996094,25.42411994934082,39.218727111816406,339.20294189453125,118.03326416015625,6827.41015625
2025-12-15,273.8537292480469,223.77810668945312,222.5399932861328,55.01897048950195,112.21509552001953,93.63134765625,148.3488006591797,104.12129974365234,308.003173828125,884.932861328125,213.03746032714844,316.9608154296875,646.9561157226562,99.52285766601562,176.81527709960938,473.73870849609375,25.994564056396484,38.67195129394531,338.4686584472656,116.98028564453125,6816.509765625
2025-12-16,274.353271484375,220.0591278076172,222.55999755859375,54.50189208984375,110.70297241210938,90.0690689086914,145.32833862304688,100.04216766357422,306.3543395996094,874.5474853515625,208.19322204589844,312.5335693359375,656.587890625,97.5474853515625,175.54229736328125,475.3051452636719,25.109392166137695,37.38951110839844,331.62188720703125,113.9206771850586,6800.259765625
2025-12-17,271.58587646484375,220.6887969970703,221.27000427246094,54.24335479736328,110.88204193115234,94.22671508789062,148.07151794433594,102.95162200927734,296.5112609863281,867.76318359375,209.2177734375,311.9690246582031,648.9443969726562,98.45079803466797,173.8416748046875,475.0357360839844,24.627464294433594,38.30411911010742,329.07171630859375,116.63260650634766,6721.43017578125
2025-12-18,271.935546875,219.2228546142578,226.75999450683594,53.95498275756836,112.24493408203125,91.5177993774414,146.25924682617188,100.85798645019531,302.2472229003906,871.71240234375,207.2084503173828,310.0079345703125,663.881591796875,99.94969940185547,172.0117645263672,482.87786865234375,24.627464294433594,37.906463623046875,325.608642578125,115.76836395263672,6774.759765625
2025-12-19,273.4141845703125,223.15829467773438,227.35000610351562,54.95930862426758,114.26441192626953,91.23004150390625,146.3186492919922,100.18960571289062,306.9439392089844,888.8024291992188,205.27871704101562,314.17767333984375,658.2064819335938,100.34675598144531,176.0097198486328,484.8134460449219,24.774993896484375,37.85675811767578,324.8941955566406,115.91736602783203,6834.5
2025-12-22,270.7166748046875,224.23068237304688,228.42999267578125,55.565879821777344,117.47765350341797,92.5894546508789,148.3488006591797,101.65415954589844,309.56207275390625,894.2935791015625,206.22369384765625,320.0014953613281,660.9341430664062,103.95006561279297,178.77447509765625,483.81573486328125,24.794662475585938,38.10529327392578,322.651611328125,117.3676986694336,6878.490234375
2025-12-23,272.1053771972656,225.09646606445312,232.13999938964844,55.655372619628906,118.78086853027344,92.0139389038086,149.05191040039062,102.21443176269531,314.1288757324219,896.9893798828125,204.69183349609375,322.8143310546875,664.3711547851562,104.26771545410156,178.51589965820312,485.7413330078125,24.4700984954834,37.97605514526367,322.29437255859375,118.62928771972656,6909.7900390625
2025-12-24,273.55401611328125,226.1787109375,232.3800048828125,55.93379592895508,120.9296646118164,91.09111785888672,149.04202270507812,102.09648132324219,313.8690490722656,906.0119018554688,206.68125915527344,326.02337646484375,666.9789428710938,105.66734313964844,180.65411376953125,486.90863037109375,24.617630004882812,37.74740219116211,325.05291748046875,118.43061828613281,6932.0498046875
2025-12-26,273.1444091796875,226.2672576904297,232.52000427246094,55.854244232177734,119.79557800292969,90.8331298828125,148.56666564941406,101.73279571533203,313.2894592285156,902.2914428710938,206.5320587158203,324.7754211425781,662.7225952148438,105.99491882324219,180.87290954589844,486.599365234375,24.676639556884766,37.568458557128906,329.2701416015625,118.32134246826172,6929.93994140625
2025-12-29,273.50408935546875,227.11337280273438,232.07000732421875,55.038856506347656,117.51744842529297,91.91470336914062,149.5272674560547,102.85333251953125,313.33941650390625,887.50927734375,206.46241760253906,320.6551818847656,658.1265258789062,105.83609771728516,178.9534912109375,485.9907531738281,24.588123321533203,37.67781448364258,326.4024353027344,119.73194122314453,6905.740234375
2025-12-30,272.82470703125,226.03114318847656,232.52999877929688,54.9692497253418,116.60221862792969,93.37335968017578,150.83447265625,103.85591888427734,313.6292419433594,879.7898559570312,205.81585693359375,320.328369140625,665.3803100585938,105.28021240234375,178.09820556640625,486.3699035644531,24.57828712463379,38.32400131225586,329.5976257324219,120.18889617919922,6896.240234375
2025-12-31,271.6058349609375,224.8013153076172,230.82000732421875,54.69082260131836,116.08492279052734,92.88714599609375,150.9335174560547,103.2170181274414,312.7798156738281,874.3982543945312,205.85565185546875,319.1398010253906,659.5253295898438,104.48609924316406,176.55670166015625,482.5186767578125,24.489770889282227,38.154998779296875,327.56341552734375,119.54319763183594,6845.5
2026-01-02,270.75665283203125,225.6080780029297,226.5,55.6354866027832,118.0844955444336,95.95327758789062,154.3896942138672,105.43842315673828,314.9283142089844,909.5532836914062,206.2535400390625,322.36865234375,649.8535766601562,105.66734313964844,180.90274047851562,471.8630065917969,24.76515769958496,39.96432876586914,333.8049011230469,121.83790588378906,6858.47021484375
2026-01-05,267.0101623535156,216.62545776367188,233.05999755859375,56.57019805908203,122.66064453125,98.43397521972656,162.2626953125,104.38668823242188,316.3173522949219,943.4747314453125,203.22959899902344,330.8468322753906,658.2264404296875,106.65007019042969,185.51730346679688,471.773193359375,24.755321502685547,43.5432243347168,339.38153076171875,124.52996063232422,6902.0498046875
2026-01-06,262.1147155761719,220.31492614746094,240.92999267578125,56.92817687988281,121.86479187011719,96.36011505126953,155.02349853515625,103.20718383789062,314.1188659667969,950.4678955078125,203.70706176757812,332.90625,660.0548706054688,108.0695571899414,186.72067260742188,477.4203186035156,25.01103973388672,43.37422180175781,346.2779235839844,120.24850463867188,6944.81982421875
2026-01-07,260.08660888671875,229.6517333984375,241.55999755859375,55.32722473144531,120.74065399169922,93.214599609375,153.6964874267578,100.79901885986328,321.7535095214844,936.0935668945312,206.39279174804688,325.3250732421875,648.1350708007812,107.8015365600586,183.7769012451172,482.3690185546875,24.863510131835938,42.121604919433594,339.06402587890625,117.7054443359375,6920.93017578125
2026-01-08,258.7978515625,220.51170349121094,246.2899932861328,55.864192962646484,119.97463989257812,97.95767974853516,157.70724487304688,103.76744842529297,325.2110595703125,929.9359741210938,204.6619873046875,328.11083984375,645.50732421875,110.17396545410156,183.66749572753906,477.0212097167969,24.87334632873535,44.16952896118164,344.1742858886719,122.09618377685547,6921.4599609375
2026-01-09,259.1275329589844,216.52708435058594,247.3800048828125,55.53604507446289,120.69091033935547,96.75702667236328,160.53955078125,103.12854766845703,328.3388671875,934.064208984375,203.30918884277344,327.5138854980469,652.5013427734375,109.71734619140625,185.29852294921875,478.1885681152344,25.06021499633789,44.93501663208008,341.3264465332031,123.78492736816406,6966.27978515625
2026-01-12,260.0067138671875,216.4877166748047,246.47000122070312,54.879756927490234,117.08967590332031,94.7625503540039,160.76730346679688,103.63967895507812,331.62652587890625,944.5789184570312,208.6110076904297,322.8377990722656,641.4207763671875,108.38720703125,185.54714965820312,476.09332275390625,24.853675842285156,44.885311126708984,337.8832092285156,123.2087631225586,6977.27001953125
2026-01-13,260.8059387207031,217.186279296875,242.60000610351562,54.2334098815918,115.69694519042969,95.71513366699219,162.28248596191406,106.19528198242188,335.7336730957031,933.2386474609375,212.5202178955078,309.3169860839844,630.5501708984375,107.46404266357422,181.75802612304688,469.5981750488281,24.73565101623535,45.63091278076172,331.35394287109375,125.7021484375,6963.740234375
2026-01-14,259.71697998046875,218.307861328125,236.64999389648438,52.18498992919922,111.82711791992188,99.56517028808594,165.61985778808594,108.84917449951172,335.603759765625,927.7872924804688,217.39430236816406,306.30242919921875,614.9934692382812,110.1938247680664,179.78887939453125,458.3338928222656,25.158567428588867,46.69464111328125,332.3760070800781,129.33790588378906,6926.60009765625
2026-01-15,257.9685974121094,213.25083923339844,238.17999267578125,52.29437255859375,116.8509292602539,98.16606140136719,164.55030822753906,106.17562103271484,332.5458984375,970.7511596679688,218.40892028808594,307.68536376953125,620.2689208984375,110.15411376953125,190.1815948486328,455.6200866699219,25.463459014892578,46.2969856262207,336.34515380859375,128.27500915527344,6944.47021484375
2026-01-16,255.29112243652344,212.58636474609375,239.1199951171875,52.672237396240234,117.42791748046875,97.43177795410156,164.6493377685547,104.50856018066406,329.7678527832031,956.9637451171875,217.50372314453125,310.8789978027344,619.7194213867188,108.02985382080078,188.05332946777344,458.8127746582031,25.227413177490234,46.45604705810547,328.4664001464844,129.02996826171875,6940.009765625
2026-01-20,246.46937561035156,212.27890014648438,231.0,51.807125091552734,112.21509552001953,94.78238677978516,163.69863891601562,105.3917007446289,321.77349853515625,938.4312744140625,217.0561065673828,301.19854736328125,603.6032104492188,108.6452865600586,181.10165405273438,453.48492431640625,25.09955596923828,46.17768859863281,335.8192443847656,129.59620666503906,6796.85986328125
2026-01-21,247.41848754882812,214.3715362548828,231.30999755859375,51.77729415893555,113.26959228515625,96.39981079101562,165.11477661132812,107.217529296875,328.1490173339844,948.0208129882812,216.85716247558594,300.50213623046875,612.4356689453125,110.2930908203125,182.31497192382812,443.0986328125,25.463459014892578,48.23555374145508,345.0673522949219,132.725341796875,6875.6201171875
2026-01-22,248.1178436279297,216.31541442871094,234.33999633789062,52.15515899658203,115.06026458740234,96.13188934326172,165.04547119140625,105.5008544921875,330.3074951171875,949.6522216796875,217.33462524414062,302.0840148925781,647.0759887695312,108.37727355957031,182.04644775390625,450.1126403808594,25.670000076293945,49.030860900878906,351.7355041503906,132.75514221191406,6913.35009765625
2026-01-23,247.80812072753906,217.45594787597656,239.16000366210938,51.429264068603516,113.00099182128906,97.59053802490234,165.10488891601562,107.49537658691406,327.6993103027344,914.0695190429688,218.97589111328125,296.2041015625,658.1964721679688,107.38462829589844,178.01864624023438,464.888916015625,25.649999618530273,48.86186218261719,353.5116882324219,134.0763397216797,6915.60986328125
2026-01-26,255.17123413085938,218.9535369873047,238.4199981689453,51.727577209472656,114.22461700439453,97.68976593017578,165.8773193359375,106.77099609375,333.02557373046875,926.9815063476562,220.3187713623047,299.5072021484375,671.7847900390625,106.61036682128906,180.8828582763672,469.20904541015625,25.8799991607666,49.408634185791016,348.9273376464844,133.9471893310547,6950.22998046875
2026-01-27,258.0285339355469,222.0875244140625,244.67999267578125,51.876731872558594,114.19477081298828,99.09880828857422,167.4123077392578,107.75336456298828,334.31463623046875,924.8527221679688,223.25315856933594,298.7809143066406,672.394287109375,107.12654113769531,181.65858459472656,479.485595703125,26.5,50.363006591796875,280.5191650390625,135.92401123046875,6978.60009765625
2026-01-28,256.2002868652344,216.8708038330078,243.00999450683594,51.51875686645508,113.60782623291016,100.60706329345703,168.28378295898438,110.16464233398438,335.7736511230469,931.9056396484375,226.5158233642578,299.2385559082031,668.1578979492188,106.11404418945312,181.34033203125,480.533203125,25.860000610351562,48.583499908447266,291.7518310546875,136.66905212402344,6978.02978515625
2026-01-29,258.0385437011719,218.61631774902344,241.72999572753906,52.781620025634766,114.60264587402344,102.00617980957031,169.53158569335938,111.21648406982422,338.0120544433594,935.1983032226562,226.0880889892578,304.8598327636719,737.6784057617188,107.54344940185547,181.39999389648438,432.5128173828125,26.100000381469727,48.16596221923828,290.0351867675781,139.57965087890625,6969.009765625
2026-01-30,259.2374267578125,221.1750946044922,239.3000030517578,52.900943756103516,115.11000061035156,103.42514038085938,175.18626403808594,111.2660903930664,337.7622375488281,930.512939453125,226.0482940673828,304.33251953125,715.8870849609375,109.45925903320312,182.8000030517578,429.31011962890625,26.440000534057617,48.09637451171875,284.7165222167969,140.4637451171875,6939.02978515625
2026-02-02,269.7575988769531,223.78346252441406,242.9600067138672,53.72627639770508,116.2300033569336,101.00397491455078,172.3440704345703,107.57476043701172,343.4482421875,941.3757934570312,229.52980041503906,306.5710754394531,705.8056640625,112.5364761352539,185.10000610351562,422.4058837890625,26.65999984741211,47.768306732177734,283.3868713378906,137.48361206054688,6976.43994140625
2026-02-03,269.22808837890625,223.8032989501953,238.6199951171875,54.143917083740234,117.70999908447266,104.09988403320312,176.31521606445312,109.57919311523438,339.47100830078125,934.07421875,231.86737060546875,313.24688720703125,691.1082763671875,114.9883041381836,182.91000366210938,410.2735595703125,25.770000457763672,49.46828079223633,281.98773193359375,142.7783203125,6917.81005859375
2026-02-04,276.23150634765625,215.32363891601562,232.99000549316406,55.06869125366211,117.43000030517578,106.75918579101562,179.47430419921875,113.7865219116211,332.80572509765625,908.5186767578125,233.23011779785156,315.654541015625,668.417724609375,117.46000671386719,180.0800018310547,413.2467956542969,26.780000686645508,51.0489616394043,273.7914733886719,146.61276245117188,6882.72021484375
2026-02-05,275.6520690917969,217.21792602539062,222.69000244140625,54.631160736083984,115.73999786376953,104.16934204101562,177.49368286132812,111.62332153320312,331.0169677734375,885.7484741210938,236.53256225585938,308.5807800292969,669.63671875,118.86956024169922,175.83999633789062,392.7735290527344,26.489999771118164,49.21974563598633,266.4783020019531,145.11277770996094,6798.39990234375
2026-02-06,277.8599853515625,221.5916290283203,210.32000732421875,56.212223052978516,122.69000244140625,106.78895568847656,179.10789489746094,112.8239974975586,322.63287353515625,923.8878173828125,238.72093200683594,320.7584533691406,660.8941650390625,121.03353881835938,179.9600067138672,400.22650146484375,27.219999313354492,50.402774810791016,274.5158386230469,148.0631103515625,6932.2998046875
2026-02-09,274.6199951171875,221.42303466796875,208.72000122070312,56.092899322509766,123.7699966430664,107.86061096191406,180.8310546875,112.99269104003906,324.09185791015625,938.679931640625,237.37806701660156,320.4599914550781,676.640625,116.78500366210938,182.35000610351562,412.65814208984375,27.049999237060547,50.243709564208984,273.57318115234375,150.20880126953125,6964.81982421875
2026-02-10,273.67999267578125,220.6097869873047,206.9600067138672,55.07863235473633,122.1500015258789,106.66988372802734,180.4943389892578,111.83170318603516,318.3558654785156,944.0218505859375,237.08961486816406,316.659423828125,670.1461791992188,116.28868103027344,177.88999938964844,412.328857421875,27.610000610351562,50.025001525878906,271.1123046875,150.58628845214844,6941.81005859375
2026-02-11,275.5,219.07254028320312,204.0800018310547,53.54728698730469,117.38999938964844,110.35123443603516,184.0198516845703,117.30917358398438,310.7412414550781,939.6448974609375,239.58633422851562,309.2374267578125,668.1179809570312,118.43279266357422,176.67999267578125,403.4491271972656,27.729999542236328,51.560001373291016,276.7583923339844,154.52999877929688,6941.47021484375
2026-02-12,261.7300109863281,225.62815856933594,199.60000610351562,52.22476577758789,111.1500015258789,109.97416687011719,180.6329803466797,116.94202423095703,308.7826232910156,899.8145141601562,243.25682067871094,301.09906005859375,649.254150390625,118.36331176757812,168.05999755859375,400.9248962402344,27.469999313354492,50.63999938964844,282.17626953125,149.92999267578125,6832.759765625
2026-02-13,255.77999877929688,229.59524536132812,198.7899932861328,52.25459671020508,110.86000061035156,110.56953430175781,181.9600067138672,119.79984283447266,305.50494384765625,900.4014282226562,242.16262817382812,301.0094909667969,639.2227172851562,120.51736450195312,171.14999389648438,400.4060974121094,27.579999923706055,50.38999938964844,290.92822265625,148.4499969482422,6836.169921875
2026-02-17,263.8800048828125,230.94406127929688,201.14999389648438,52.44353103637695,113.77999877929688,107.93999481201172,180.5500030517578,118.82738494873047,301.8075256347656,911.2443237304688,242.04327392578125,305.5661926269531,638.7431030273438,120.67617797851562,171.5399932861328,395.95623779296875,27.3700008392334,49.84000015258789,286.85986328125,146.19000244140625,6843.22021484375
2026-02-18,264.3500061035156,226.83811950683594,204.7899932861328,53.06004333496094,116.2699966430664,110.5199966430664,183.8699951171875,121.32796478271484,303.1166076660156,928.8417358398438,243.6945037841797,307.2077941894531,642.6697387695312,120.7655258178711,176.58999633789062,398.69000244140625,27.3700008392334,51.59000015258789,285.97674560546875,150.67999267578125,6881.31005859375
2026-02-19,260.5799865722656,222.5040740966797,204.86000061035156,52.47336196899414,115.55000305175781,111.58999633789062,184.77999877929688,122.9156494140625,302.636962890625,911.8511962890625,245.60433959960938,306.48150634765625,644.2284545898438,120.96405029296875,174.3699951171875,398.4599914550781,26.860000610351562,51.540000915527344,287.6933898925781,150.97000122070312,6861.89013671875
2026-02-20,264.5799865722656,222.9602813720703,210.11000061035156,52.7617301940918,116.0,110.52999877929688,183.92999267578125,122.13172912597656,314.7584228515625,917.411865234375,241.2077178955078,309.20758056640625,655.09912109375,121.36111450195312,175.41000366210938,397.2300109863281,26.649999618530273,50.849998474121094,287.7628479003906,147.27999877929688,6909.509765625
2026-02-23,266.17999267578125,227.59185791015625,205.27000427246094,50.78291702270508,110.75,109.87999725341797,184.91000366210938,121.36766052246094,311.2708740234375,887.6386108398438,244.5399932861328,296.1543884277344,636.7048950195312,122.90963745117188,166.8000030517578,384.4700012207031,27.059999465942383,51.2400016784668,280.16192626953125,150.75999450683594,6837.75
2026-02-24,272.1400146484375,226.5604248046875,208.55999755859375,50.126625061035156,109.55999755859375,110.58999633789062,185.33999633789062,122.7469482421875,310.6813049316406,897.5464477539062,246.27999877929688,295.7862243652344,638.7531127929688,123.01882934570312,168.7899932861328,389.0,27.139999389648438,51.849998474121094,271.836669921875,149.25999450683594,6890.06982421875
2026-02-25,274.2300109863281,225.0529327392578,210.63999938964844,51.39942932128906,114.33999633789062,110.01000213623047,184.22000122070312,121.55619812011719,312.67987060546875,916.556396484375,245.1699981689453,301.75567626953125,653.1307983398438,121.55963897705078,173.72999572753906,400.6000061035156,27.09000015258789,51.65999984741211,282.0075988769531,149.05999755859375,6946.1298828125
2026-02-26,272.95001220703125,222.84127807617188,207.9199981689453,52.00600051879883,116.19000244140625,110.69999694824219,184.16000366210938,120.1967544555664,307.1637878417969,924.136474609375,243.47000122070312,304.5712890625,656.447998046875,118.4228744506836,177.49000549316406,401.7200012207031,27.100000381469727,51.4900016784668,284.4486083984375,148.5399932861328,6908.85986328125
2026-02-27,264.17999267578125,230.17047119140625,210.0,49.549888610839844,110.19000244140625,113.45999908447266,186.75999450683594,123.12403106689453,311.54071044921875,855.0700073242188,248.42999267578125,298.7709655761719,647.62548828125,122.90963745117188,166.50999450683594,392.739990234375,27.649999618530273,51.34000015258789,291.0075988769531,152.5,6878.8798828125
2026-03-02,264.7200012207031,232.33253479003906,208.38999938964844,49.53000259399414,111.44999694824219,118.23999786376953,189.60000610351562,127.6588134765625,306.3043518066406,861.7000122070312,248.55999755859375,296.044921875,653.0009155273438,120.51736450195312,167.0,398.54998779296875,27.260000228881836,51.27000045776367,292.6548156738281,154.22000122070312,6881.6201171875
2026-03-03,263.75,231.93582153320312,208.72999572753906,49.68910217285156,110.76000213623047,118.5199966430664,188.77000427246094,127.02374267578125,303.3664245605469,862.5800170898438,246.75,298.7311706542969,654.5196533203125,118.948974609375,165.9499969482422,403.92999267578125,26.579999923706055,48.58000183105469,286.97894287109375,151.8300018310547,6816.6298828125
2026-03-04,262.5199890136719,234.2466583251953,216.82000732421875,50.017242431640625,111.31999969482422,115.6500015258789,186.02999877929688,126.83521270751953,302.9167785644531,867.25,245.3000030517578,297.8656311035156,667.1587524414062,119.39566802978516,167.5800018310547,405.20001220703125,26.6200008392334,47.88999938964844,289.70770263671875,149.82000732421875,6869.5
2026-03-05,260.2900085449219,230.43826293945312,218.94000244140625,49.53000259399414,108.94999694824219,116.81999969482422,189.89999389648438,130.02047729492188,300.6683349609375,835.4600219726562,239.6300048828125,292.0553283691406,660.0049438476562,115.21662139892578,162.5500030517578,410.67999267578125,26.610000610351562,47.400001525878906,286.5423278808594,150.75999450683594,6830.7099609375
2026-03-06,257.4599914550781,228.2166748046875,213.2100067138672,48.63999938964844,106.52999877929688,117.06999969482422,189.94000244140625,130.39755249023438,298.30999755859375,821.4199829101562,240.39999389648438,288.0060729980469,644.308349609375,114.93868255615234,160.27000427246094,408.9599914550781,27.049999237060547,46.900001525878906,284.27001953125,151.2100067138672,6740.02001953125
2026-03-09,259.8800048828125,225.5785675048828,213.49000549316406,47.900001525878906,106.58999633789062,117.02999877929688,189.44000244140625,130.65554809570312,306.3599853515625,832.030029296875,242.58999633789062,288.44384765625,646.836181640625,116.24897003173828,160.4499969482422,409.4100036621094,26.809999465942383,47.189998626708984,285.1700134277344,150.44000244140625,6795.990234375
2026-03-10,260.8299865722656,225.14218139648438,214.3300018310547,48.560001373291016,108.97000122070312,114.1500015258789,186.2899932861328,126.90467071533203,307.0400085449219,833.8099975585938,243.7100067138672,287.2598876953125,653.510498046875,116.22911834716797,160.75,405.760009765625,27.15999984741211,48.11000061035156,282.3399963378906,148.1300048828125,6781.47998046875
2026-03-11,260.80999755859375,225.80667114257812,212.64999389648438,48.52000045776367,109.19000244140625,117.02999877929688,191.7899932861328,131.48907470703125,308.70001220703125,823.760009765625,242.99000549316406,286.0560302734375,654.2998046875,115.3555908203125,160.88999938964844,404.8800048828125,27.299999237060547,48.16999816894531,285.25,151.5800018310547,6775.7998046875
2026-03-12,255.75999450683594,223.5156707763672,209.52999877929688,47.130001068115234,105.5,120.26000213623047,196.97000122070312,132.01498413085938,303.54998779296875,787.52001953125,242.0399932861328,281.44964599609375,637.6340942382812,115.05780029296875,154.3699951171875,401.8599853515625,26.860000610351562,44.560001373291016,277.04998779296875,153.52999877929688,6672.6201171875
2026-03-13,250.1199951171875,217.87249755859375,207.6699981689453,46.720001220703125,105.69000244140625,121.88999938964844,196.82000732421875,132.5706787109375,302.2799987792969,782.2100219726562,241.52000427246094,281.996826171875,613.1849975585938,114.76000213623047,154.8699951171875,395.54998779296875,26.579999923706055,44.720001220703125,282.0899963378906,156.1199951171875,6632.18994140625
2026-03-16,252.82000732421875,219.6279296875,211.74000549316406,47.060001373291016,107.3499984741211,121.31999969482422,196.83999633789062,133.47366333007812,305.55999755859375,794.77001953125,243.19000244140625,284.7029724121094,627.4500122070312,115.43000030517578,155.6999969482422,399.95001220703125,26.610000610351562,44.959999084472656,285.489990234375,157.22999572753906,6699.3798828125
2026-03-17,254.22999572753906,217.9518280029297,215.1999969482422,47.279998779296875,107.70999908447266,122.87000274658203,197.97000122070312,134.67434692382812,310.9200134277344,807.0399780273438,238.11000061035156,285.42926025390625,622.6599731445312,115.87000274658203,157.8300018310547,399.4100036621094,27.450000762939453,46.130001068115234,287.57000732421875,158.80999755859375,6716.08984375
2026-03-18,249.94000244140625,206.62579345703125,209.8699951171875,46.83000183105469,108.66999816894531,123.6500015258789,198.61000061035156,136.46047973632812,307.69000244140625,805.47998046875,237.27999877929688,286.27490234375,615.6799926757812,114.5,158.92999267578125,391.7900085449219,27.31999969482422,45.31999969482422,284.3299865722656,157.58999633789062,6624.7001953125
2026-03-19,248.9600067138672,204.5331573486328,208.75999450683594,47.0099983215332,109.8499984741211,126.0199966430664,201.44000244140625,137.75047302246094,307.1300048828125,809.5,237.60000610351562,286.5037536621094,606.7000122070312,114.19999694824219,158.5500030517578,389.0199890136719,27.40999984741211,47.81999969482422,280.44000244140625,158.16000366210938,6606.490234375
2026-03-20,247.99000549316406,203.38272094726562,205.3699951171875,47.15999984741211,109.5199966430664,126.91999816894531,201.72999572753906,137.66114807128906,301.0,813.530029296875,235.3699951171875,285.1009216308594,593.6599731445312,114.18000030517578,161.47000122070312,381.8699951171875,26.969999313354492,46.630001068115234,275.5899963378906,159.6699981689453,6506.47998046875
2026-03-23,251.49000549316406,203.2438507080078,210.13999938964844,47.52000045776367,111.63999938964844,127.19000244140625,205.2100067138672,138.6038360595703,302.05999755859375,831.27001953125,235.4199981689453,288.4338684082031,604.0599975585938,115.68000030517578,164.32000732421875,383.0,26.770000457763672,49.25,269.5400085449219,161.1300048828125,6581.0
2026-03-24,251.63999938964844,203.5116424560547,207.24000549316406,48.13999938964844,113.73999786376953,129.35000610351562,206.7899932861328,141.43186950683594,290.44000244140625,835.719970703125,235.27000427246094,290.91119384765625,592.9199829101562,116.37000274658203,165.8699951171875,372.739990234375,26.959999084472656,50.5099983215332,272.2799987792969,165.3800048828125,6556.3701171875
2026-03-25,252.6199951171875,205.475341796875,211.7100067138672,48.75,114.4800033569336,128.92999267578125,205.14999389648438,142.1066436767578,290.92999267578125,841.8400268554688,239.92999267578125,293.91583251953125,594.8900146484375,119.37000274658203,165.64999389648438,371.0400085449219,27.280000686645508,51.88999938964844,270.54998779296875,163.25999450683594,6591.89990234375
2026-03-26,252.88999938964844,209.38291931152344,207.5399932861328,48.2400016784668,112.41000366210938,133.25,207.7899932861328,146.35366821289062,280.9200134277344,822.6400146484375,239.24000549316406,290.1749572753906,547.5399780273438,118.93000030517578,163.22999572753906,365.9700012207031,27.56999969482422,52.310001373291016,268.04998779296875,165.42999267578125,6477.16015625
2026-03-27,248.8000030517578,207.6770782470703,199.33999633789062,46.970001220703125,107.37999725341797,133.8000030517578,211.14999389648438,148.40771484375,274.3399963378906,802.8900146484375,240.4499969482422,281.3998718261719,525.719970703125,119.62999725341797,158.38999938964844,356.7699890136719,27.040000915527344,53.5,259.0199890136719,170.99000549316406,6368.85009765625
2026-03-30,246.6300048828125,211.36647033691406,200.9499969482422,47.22999954223633,107.2699966430664,132.88999938964844,210.7100067138672,148.73516845703125,273.5,807.5999755859375,242.49000549316406,282.32513427734375,536.3800048828125,118.0999984741211,158.3699951171875,358.9599914550781,27.770000457763672,51.529998779296875,261.7900085449219,171.47000122070312,6343.72021484375
2026-03-31,253.7899932861328,215.7005157470703,208.27000427246094,48.75,113.41000366210938,132.0,206.89999389648438,143.45616149902344,287.55999755859375,845.989990234375,244.44000244140625,292.6622314453125,572.1300048828125,120.29000091552734,164.57000732421875,370.1700134277344,28.079999923706055,51.38999938964844,270.5899963378906,169.66000366210938,6528.52001953125
2026-04-01,255.6300048828125,213.21116638183594,210.57000732421875,49.27000045776367,115.30000305175781,128.3800048828125,197.41000366210938,139.338134765625,297.3900146484375,860.2100219726562,244.1199951171875,293.87603759765625,579.22998046875,120.83999633789062,166.1699981689453,369.3699951171875,28.549999237060547,50.029998779296875,273.9800109863281,160.77999877929688,6575.31982421875
2026-04-02,255.9199981689453,207.12168884277344,209.77000427246094,49.380001068115234,115.25,130.52000427246094,198.97000122070312,141.54103088378906,295.7699890136719,863.0399780273438,243.0399932861328,293.1000061035156,574.4600219726562,120.87000274658203,165.80999755859375,373.4599914550781,28.31999969482422,49.439998626708984,277.260009765625,160.69000244140625,6582.68994140625
2026-04-06,258.8599853515625,204.9893798828125,212.7899932861328,50.060001373291016,117.36000061035156,131.63999938964844,198.86000061035156,141.9478759765625,299.989990234375,866.0499877929688,240.97000122070312,295.45001220703125,573.02001953125,120.8499984741211,166.5500030517578,372.8800048828125,27.829999923706055,49.779998779296875,281.3599853515625,163.3699951171875,6611.830078125
2026-04-07,253.5,204.67201232910156,213.77000427246094,50.279998779296875,117.12999725341797,131.77000427246094,201.5399932861328,143.1187744140625,305.4599914550781,864.1500244140625,238.41000366210938,297.3999938964844,575.0499877929688,119.27999877929688,168.42999267578125,372.2900085449219,27.100000381469727,50.349998474121094,307.7300109863281,163.91000366210938,6616.85009765625
2026-04-08,258.8999938964844,209.84906005859375,221.25,51.880001068115234,123.48999786376953,125.22000122070312,192.88999938964844,137.97869873046875,317.32000732421875,905.75,241.3000030517578,307.9700012207031,612.4199829101562,123.18000030517578,176.02000427246094,374.3299865722656,27.469999313354492,51.880001068115234,305.9800109863281,156.22000122070312,6782.81005859375
2026-04-09,260.489990234375,210.6523895263672,233.64999389648438,52.709999084472656,124.91999816894531,123.47000122070312,190.36000061035156,135.52772521972656,318.489990234375,903.719970703125,241.30999755859375,310.3299865722656,628.3900146484375,122.68000030517578,178.16000366210938,373.07000732421875,27.219999313354492,52.540000915527344,306.9100036621094,155.0399932861328,6824.66015625
2026-04-10,260.4800109863281,206.22909545898438,238.3800048828125,52.540000915527344,124.38999938964844,122.55000305175781,188.5500030517578,135.14073181152344,317.239990234375,907.7999877929688,238.4600067138672,309.8699951171875,629.8599853515625,121.41999816894531,177.63999938964844,370.8699951171875,26.920000076293945,51.91999816894531,304.3299865722656,152.50999450683594,6816.89013671875
2026-04-13,259.20001220703125,204.7711944580078,239.88999938964844,53.349998474121094,126.27999877929688,123.62000274658203,191.77999877929688,135.90480041503906,321.30999755859375,890.7899780273438,237.9600067138672,313.67999267578125,634.530029296875,120.1500015258789,181.13999938964844,384.3699951171875,27.34000015258789,51.91999816894531,313.0,152.63999938964844,6886.240234375
2026-04-14,258.8299865722656,208.52999877929688,249.02000427246094,53.349998474121094,129.5800018310547,118.79000091552734,187.02000427246094,132.5607452392578,332.9100036621094,909.6300048828125,240.10000610351562,311.1199951171875,662.489990234375,119.95999908447266,183.33999633789062,393.1099853515625,27.110000610351562,51.4900016784668,314.19000244140625,149.24000549316406,6967.3798828125
2026-04-15,266.42999267578125,208.4199981689453,248.5,54.31999969482422,131.69000244140625,118.91999816894531,184.91000366210938,131.3699951171875,337.1199951171875,899.489990234375,238.6699981689453,305.92999267578125,671.5800170898438,117.9000015258789,191.6199951171875,411.2200012207031,27.190000534057617,52.41999816894531,314.04998779296875,149.00999450683594,7022.9501953125
2026-04-16,263.3999938964844,208.99000549316406,249.6999969482422,53.5099983215332,129.33999633789062,121.56999969482422,188.14999389648438,134.07000732421875,336.0199890136719,900.0,234.5399932861328,309.95001220703125,676.8699951171875,115.45999908447266,187.32000732421875,420.260009765625,27.219999313354492,51.72999954223633,316.3999938964844,151.97999572753906,7041.27978515625
2026-04-17,270.2300109863281,208.3800048828125,250.55999755859375,53.90999984741211,132.17999267578125,116.04000091552734,183.99000549316406,128.42999267578125,341.67999267578125,925.9500122070312,234.17999267578125,310.2900085449219,688.5499877929688,119.06999969482422,188.82000732421875,422.7900085449219,27.559999465942383,52.65999984741211,324.6300048828125,146.44000244140625,7126.06005859375
2026-04-20,273.04998779296875,203.7100067138672,248.27999877929688,53.95000076293945,133.0500030517578,116.44999694824219,183.25,129.16000366210938,337.4200134277344,941.739990234375,230.69000244140625,316.989990234375,670.9099731445312,117.0999984741211,190.6999969482422,418.07000732421875,27.520000457763672,52.20000076293945,323.4800109863281,147.67999267578125,7109.14013671875
2026-04-21,266.1700134277344,205.1199951171875,249.91000366210938,53.47999954223633,131.67999267578125,120.26000213623047,185.97999572753906,132.42999267578125,332.2900085449219,926.5499877929688,226.16000366210938,313.0,668.8400268554688,112.55999755859375,189.30999755859375,424.1600036621094,27.309999465942383,52.77000045776367,346.010009765625,148.36000061035156,7064.009765625
2026-04-22,273.1700134277344,200.5,255.36000061035156,53.119998931884766,129.72999572753906,122.5999984741211,186.32000732421875,133.00999450683594,339.32000732421875,934.8400268554688,226.10000610351562,313.0199890136719,674.719970703125,112.88999938964844,191.0500030517578,432.9200134277344,26.799999237060547,54.349998474121094,353.5199890136719,149.5,7137.89990234375
2026-04-23,273.42999267578125,200.9499969482422,255.0800018310547,52.470001220703125,128.50999450683594,124.37000274658203,187.60000610351562,133.8699951171875,338.8900146484375,931.2999877929688,230.64999389648438,311.69000244140625,659.1500244140625,114.62000274658203,188.64999389648438,415.75,26.670000076293945,54.7400016784668,354.55999755859375,150.52999877929688,7108.39990234375
2026-04-24,269.9298095703125,198.19500732421875,262.68499755859375,52.09510040283203,128.1699981689453,120.80999755859375,183.6300048828125,132.1649932861328,343.9949951171875,926.469970703125,228.02000427246094,308.3999938964844,680.2000122070312,111.98899841308594,188.20899963378906,419.760009765625,26.774999618530273,56.529998779296875,352.80999755859375,147.22230529785156,7159.490234375
